Date,AOBL-SOS (Proposed),SOS (Baseline),GA,PSO,DE,Ledoit-Wolf,Max Sharpe,Min Variance,Equal Weight (1/N)
2018-01-02,0.0026450324800466607,0.006500243051687171,0.009153385522580493,-0.002304330801210064,0.0031634202783039633,0.004121249040337727,0.003989559095757711,-0.003613121207046155,0.007688578925831635
2018-01-03,0.010947193786436996,0.00610819432606143,0.01671145407298848,0.0027246843985303465,0.01108871902692361,0.009791722882873463,0.009648411683715871,0.001591020912408504,0.008035347755890805
2018-01-04,0.0056295225460321055,0.0037048270931569916,0.005779557055727954,0.0047323105322626,0.00419437704197391,0.004025264436816848,0.004039966346156288,0.004832200552862417,0.005295992711320082
2018-01-05,0.007120780427133051,0.007768843518169945,0.009274014405900591,0.00691085367401801,0.006704807634244143,0.007906025751431284,0.007900429337360775,0.0024213723896860636,0.007048677615739028
2018-01-08,0.004447424522750404,0.009317245591382441,0.004870429234421195,0.0037249984698081067,0.00736908142242511,0.005365083773912885,0.005359176528274654,0.0012466257677391402,0.003045925808205878
2018-01-09,0.0019252704222284217,-0.001988051913880481,0.0009931807591584704,0.00040008147172842146,4.188025774255705e-06,8.371662624049458e-05,0.00011965870820651941,-0.0013839907449127533,0.0020099915413645648
2018-01-10,-0.003762537470501518,0.000640201536088668,-0.0007911388415232343,-0.0014294778790247076,-0.0005353565746056475,-0.002191524674508047,-0.0021841800836726478,-0.005357687449313319,-0.0022564150351129845
2018-01-11,0.004401763676758538,0.005201288034460829,0.006925031684033145,0.006256648274272233,0.004995540942505432,0.0060163107643510004,0.005960065755895976,0.0006281150163516982,0.006496094253547452
2018-01-12,0.009484600642509005,0.005233347072373161,0.00662715425815087,0.007653822630762665,0.005890337770826273,0.006988606927122327,0.007000730976856857,0.001556506328574685,0.006236573480893053
2018-01-16,-0.004295507567864913,-0.007407464675619548,-0.0049439208992828896,-0.004566045381778708,-0.007859516910820262,-0.005525639984244934,-0.005551379716616927,-0.0012597680120243393,-0.003359296718561032
2018-01-17,0.010912710105172705,0.009290415663591775,0.009673827938687079,0.010833138460928902,0.010794823384506253,0.011526663158840423,0.011582421682271068,0.0074857350744988865,0.01100694114768706
2018-01-18,-0.00013664531920744503,0.00032604821020219854,0.0022884023004018676,-0.004389183083355671,-0.0005784107264358398,6.663009147526927e-05,-1.6829434224667305e-05,-0.0031647245289913393,-0.0006500509161996436
2018-01-19,0.004122406288939612,0.005684556841213488,0.01055387302431381,0.005742651474509201,0.007674072166477096,0.0058751511553832465,0.00587951724255229,0.0021970628855064317,0.0049234555150211605
2018-01-22,0.003056875650792901,0.0052099556340241635,0.008740061123173144,0.00371409371964103,0.00456140389370546,0.004985747667568177,0.0049487044284143656,0.003001981954906165,0.006410962248093154
2018-01-23,0.009254148830104761,0.013495898168214074,0.008624098619371317,0.009899059431529727,0.00784526352905299,0.011341484161158428,0.011340667316150087,-0.005242831752934529,0.003537935425973053
2018-01-24,-0.0010336876127956267,0.00200605886506269,0.003444711585292311,0.0037139931087693677,0.003235535951451305,0.002677470089825348,0.0026697992244563533,-0.00038086993833967564,0.00031587674421720136
2018-01-25,0.010447115170504746,0.005194287441146582,0.007027238692857685,0.010187558216065947,0.005110697005769381,0.008026809133605628,0.008157612273364017,0.006799876273885368,-3.2375297100400116e-05
2018-01-26,0.01992173636299043,0.021319779247062652,0.01494939073231565,0.020524913981383876,0.017844100622145247,0.020770760358030965,0.02089321209768996,0.010083378927890291,0.010992204630626815
2018-01-29,0.0018344995130431876,0.0029640458193279156,0.00039824045532559755,0.0033161542951559413,0.00284178299880116,0.0025230213573264743,0.00259384001506392,-0.009177584818832761,-0.0060103183946932405
2018-01-30,-0.008232286416448865,-0.005312950025508967,-0.011403529341035067,-0.005423225627040691,-0.0037300947820039345,-0.007486477881249882,-0.007471186276420079,-0.0055598596990687095,-0.010152073467665624
2018-01-31,0.0064596907870277595,0.007996317673223877,-0.0006304342034386764,0.003911779483199227,0.003820514269633178,0.004570158523027982,0.004637768262743191,-0.0020875866359296525,0.0013834201778290527
2018-02-01,-0.004576726699600304,-0.01078665084182397,-0.006273248845305072,-0.00020535483474060396,-0.003985005275704862,-0.005972019930676268,-0.005887034951605718,-0.0036982565282461695,-0.0026460866144305353
2018-02-02,-0.00948044894006166,-0.004325613274025406,-0.019458168980669818,-0.01185422202762371,-0.007316481459547365,-0.008472383118231884,-0.008504535972544415,-0.014708252756478774,-0.019159402529147752
2018-02-05,-0.041355765499329365,-0.03993551687371122,-0.04777430440425293,-0.03964715267228306,-0.04500509340243005,-0.04423676502582431,-0.04414193109718163,-0.037494411269223066,-0.04023943549116854
2018-02-06,0.015914118072998213,0.008244276448819343,0.0215349565247047,0.011671614216107748,0.018376540826702478,0.01688638433354335,0.01672736533000196,0.005514682455667587,0.01736099381985736
2018-02-07,0.007849526725800634,0.002406574213263976,-0.00041490736932537964,0.010344265593960683,0.00933981624391698,0.006726375290461093,0.006812217972401375,-0.003609102902246645,-0.00517268498466713
2018-02-08,-0.037480726126788697,-0.039827149358375565,-0.04118868970172578,-0.04101641173425672,-0.041060915614297006,-0.040026313436401485,-0.039981511135841995,-0.027619691998430094,-0.03615028341904321
2018-02-09,0.02284659139618122,0.016352502779124502,0.027465440903993037,0.016643839565754177,0.019058454884279624,0.02139411455174939,0.02143764989564879,0.014673732058729799,0.01651758090475681
2018-02-12,0.013982218624545883,0.016123142634312283,0.008788532314523815,0.014498550601080577,0.013241842819059588,0.012991193103631142,0.012950053748224463,0.01044375757080118,0.013577257722956844
2018-02-13,0.0097450374328709,0.007326375671834798,0.004424654712809723,0.007118644396677177,0.008486647052231096,0.008016463645192571,0.00804400516660799,0.0013920833326180398,0.0023454263487246493
2018-02-14,0.014779898417992049,0.01172783935284299,0.017405889906386956,0.009158476224236826,0.011625216998467792,0.012657330490895107,0.012568207751956217,-0.004032612978832056,0.012045322693122298
2018-02-15,0.019589128607882297,0.02097524932815006,0.01886922992215038,0.020663049538601194,0.017582065283729003,0.017511951864795424,0.017592157080474468,0.015537916401217572,0.01432374954868407
2018-02-16,-0.0016396402486178296,-0.000342634742667666,0.0003648646568803613,0.0006074125540620744,-0.0016911238581922697,9.69576105026641e-06,5.901059364161702e-06,0.001413819165714512,0.0009345788809731973
2018-02-20,-0.0035106131034696123,-0.004458653669826201,-0.0013121168578535223,-0.007623066009644322,-0.004948422265245084,-0.005216894980014712,-0.00525735622796278,-0.010456394576977912,-0.004992688307108349
2018-02-21,-0.005709533272840622,-0.006098747000342502,-0.009311335511775641,-0.006077394545020534,-0.004968390537224213,-0.007287398043640112,-0.007334429003395691,-0.007102217518605527,-0.00649622178064854
2018-02-22,-0.0006199031629938887,-0.001997311995336498,4.916941406014489e-05,-0.0003600646064678011,-0.00225236927042227,-0.0013502284743104793,-0.001359460539969556,0.004330324856931305,0.0009600262986588233
2018-02-23,0.01632389277262773,0.01789295484448909,0.014536103338520106,0.016898523800488105,0.015185530675917026,0.01636329442243137,0.016400347188257974,0.01327254283761076,0.015869879776490584
2018-02-26,0.008147045220252731,0.004862696194465163,0.010507204025461066,0.007044423237431754,0.007509986487787089,0.0056642899916318525,0.005568807916219762,0.00886843697522475,0.011643962634573728
2018-02-27,-0.006868607082423832,-0.011479463769427118,-0.010337631096551074,-0.01007672095862199,-0.00915600151140156,-0.009534027754633708,-0.009600103078190292,-0.009620928463921883,-0.011863940118688517
2018-02-28,-0.010409775581869285,-0.008480074512524657,-0.010184625297523673,-0.007728651966061777,-0.010794104705179013,-0.010057945602959719,-0.010036342505595772,-0.011572728972097877,-0.009444239244375765
2018-03-01,-0.019061436548574274,-0.01602344288188651,-0.018571421853132312,-0.01827271047929177,-0.02076804663882021,-0.01822018678534884,-0.018247716833936136,-0.005673389097965253,-0.012485582859506149
2018-03-02,0.011415314485192679,0.007620817505891843,0.011424296476910588,0.009515001175666789,0.008174903758050741,0.007514117244677788,0.007496282308587614,-0.001250418676789455,0.006346511207439715
2018-03-05,0.00880574971586085,0.014632953340208756,0.009187698936610221,0.014243827230538898,0.013508296154370531,0.013900558497611019,0.013918744664284497,0.00975443735537357,0.011132353420407594
2018-03-06,0.001659587606559817,0.0006549206514118458,0.007043577333335034,-0.0010285936900137286,0.002708406548969804,0.0017543140717575475,0.001637032062593132,-0.0020368705291482895,0.002905975494212315
2018-03-07,0.002998647354704141,-0.001364817468837015,-0.0032209747812847814,0.0007461277058671027,0.0003705223240175559,0.0002699558592019748,0.00029495932547333336,-0.0016957619870953422,0.0006740935797387277
2018-03-08,-0.0005222369073810328,0.0019280784174121517,0.001263393473425238,0.0010674547810309225,0.0017287112252924394,0.000187357430121488,0.00019685429299029053,0.008142398079654016,0.004757596079796957
2018-03-09,0.0128381546259474,0.011136889732085396,0.01774388580842374,0.011869560123514018,0.012893486457036701,0.01408265921409579,0.013934248591815659,0.0102454703908857,0.01703855996982457
2018-03-12,-0.004828746965699541,-0.0012855628145751463,-0.003289700836440783,-0.010375225471441018,-0.003651577433541701,-0.005949453611536771,-0.006030442745944731,-0.002659984017577271,-0.0011219136823756482
2018-03-13,-0.0031471708870079614,-0.006328102223267521,-0.006101273713143634,-0.005176033864555998,-0.006235713818454242,-0.005300685236091862,-0.005290720909476011,0.0005340143105291176,-0.005842591429766781
2018-03-14,-0.0019166610683445117,-0.002194809098678588,-0.0008978010771660903,-0.003338374398573472,-0.008622426415753405,-0.0024850789931204842,-0.002409015957920319,-0.004335366830176732,-0.005518442146292238
2018-03-15,0.004988709609695254,0.0008793990200411401,0.0033382196334669095,0.002512636663930205,0.0019646264801525914,0.003473758561449591,0.0034691363311283685,0.0017771060374581326,2.267082483968715e-05
2018-03-16,-0.0013332597269620152,0.0003020791617732772,-0.0010130970936372131,-0.0001719085170090592,-0.002626103443980428,-0.0006377797537395164,-0.0005431133477906418,0.0027442153989716864,0.0023713524147142046
2018-03-19,-0.0071841077765035545,-0.009499404455791996,-0.013656209055295446,-0.0023972016189383973,-0.007391171325912353,-0.008351754938260075,-0.008237824428172853,-0.010091854392521004,-0.012386899174479825
2018-03-20,0.009367011475763068,0.003661705634228584,0.008849654064982997,0.0030964525952209784,0.004291307810240649,0.006533714569814217,0.006520686973464494,-0.00036136047272361966,0.0027079480903859526
2018-03-21,-0.002456200041994478,-0.002704967280146729,-0.0035460262151822772,-0.0018350176096692378,-0.0040274424980590445,-0.003372017784485724,-0.00335845140185982,-0.003691034522966609,-0.0014161174862466215
2018-03-22,-0.020306191822075915,-0.015748045830974954,-0.025433366990234553,-0.016318316882181636,-0.01895970565312301,-0.017584357630740736,-0.017477449638183283,-0.014616151206672433,-0.02373153709002322
2018-03-23,-0.0059781402916852695,-0.012622760663503573,-0.01526017686261559,-0.0025927811154205123,-0.007207020708136797,-0.008588207492703618,-0.008443664502537418,-0.013531313824462534,-0.020417097226100488
2018-03-26,0.031220589206053848,0.025823545722025058,0.032333982960776574,0.02533815660817328,0.025244520054237406,0.027101070354907674,0.02708327574565767,0.015408144811034289,0.027046009858021015
2018-03-27,-0.02359605321704412,-0.022166646330120603,-0.027936303005172438,-0.01658321382306263,-0.02130627616686443,-0.020591811279350697,-0.02050951807418093,-5.52519174989898e-05,-0.017158708294674814
2018-03-28,-0.012720626082355819,-0.013803511627075785,-0.010671972256832358,-0.010249511110936802,-0.011172463618461666,-0.01102185425504282,-0.010975282972187143,0.0038890643520269217,-0.0048981130873887975
2018-03-29,0.012212310084088572,0.015730245323677096,0.0202626694777446,0.013946076956239305,0.015491173089880732,0.014803408986506424,0.014808786240911071,0.0045084358165034715,0.014325736506141131
2018-04-02,-0.018274401993303338,-0.025521654034237628,-0.024688294175526183,-0.02182953759273456,-0.02601112073983523,-0.022486020745368096,-0.02244612312507994,-0.012116354637844018,-0.022587964760048287
2018-04-03,0.012533556693254799,0.011288259984864397,0.012239280969314151,0.00901199657452133,0.014342713488285436,0.011148471030869793,0.010980562467733865,0.011906702181349154,0.013561647528502174
2018-04-04,0.014799819195300275,0.01445445132374749,0.011511642587624554,0.01657457689477534,0.015572592907693987,0.013410853880505058,0.0134452854590703,0.012604662281823565,0.011595677520700778
2018-04-05,0.00866302679496886,0.014044496480627305,0.0045915804590244465,0.015364416968707372,0.012276717323965989,0.00991965454679669,0.009962372797719807,0.005336596509244759,0.004606212958399532
2018-04-06,-0.023200634984210274,-0.022327583144863043,-0.02442679979261807,-0.022240467322734724,-0.023500990307415946,-0.02326608656896921,-0.02324257717616119,-0.014913775705309317,-0.02204264215758369
2018-04-09,-0.000766224695590903,0.0007044264506158234,0.002688310107424949,-0.004516777853422575,-0.0004612299340549965,-0.0005956264223774006,-0.0006274051077447882,0.001123890599289671,0.0024578047338971363
2018-04-10,0.014667455972391882,0.014097907795111114,0.02196803422575026,0.011174880846518898,0.013857056284076404,0.012122834302525988,0.012057357710592466,0.006234133468639411,0.017171731587577087
2018-04-11,-0.004815520820973845,-0.004197177585165138,-0.006257294809833304,-0.0019323897992745375,-0.0036565975412939096,-0.003596383225231038,-0.0035292503521432384,-0.004297041973955843,-0.005725256068612605
2018-04-12,0.010160379670876428,0.007840316870853077,0.013465165376790126,0.005496921570203399,0.009260812667459902,0.009683608959072993,0.009645273274161306,-0.0005202445137913039,0.008417816767052175
2018-04-13,-0.000189300985047849,-0.000783632903014329,-0.003548109634749693,0.0010789356571722579,-0.0007530038771376917,-0.0004754369944137793,-0.00047545908823544566,0.0023877704761100012,-0.0031791694514516334
2018-04-16,0.006580865007455993,0.005510086948598581,0.008532373556878659,0.004035997849993645,0.004437821077650894,0.006837017737374226,0.006857666397475638,0.011814508010718084,0.006962114084073098
2018-04-17,0.01847064039326236,0.017117255910865593,0.022635330200823707,0.014618900140213035,0.014799047106046731,0.01797986422924065,0.017899341578684346,0.005226858473766137,0.01195470522251949
2018-04-18,0.0013779307675649579,-0.0003567852789602443,0.00071215292806765,0.003618739747296136,0.0006454204668904089,0.0025165287945004135,0.002567649081160884,-0.004354285905281334,0.002024773248673808
2018-04-19,-0.005238434024440719,-0.005832700224889656,-0.007573637606948712,-0.005933361505098763,-0.010192415197631356,-0.00858675638596494,-0.008507193361446093,-0.006544991394773812,-0.009380150806419154
2018-04-20,-0.007051118182579235,-0.009646272516988066,-0.00664822503614704,-0.0069164623462672666,-0.007687719895435377,-0.00681178408593865,-0.006800613249357914,-0.007759005009068857,-0.007932335860636628
2018-04-23,-0.0026577090965961233,-0.002704742384879843,-0.004203614903038377,-0.0003938048899032332,-0.003750715734793728,-0.0032421151480178066,-0.003130739520826537,0.002407406377198576,-0.0021480907622364945
2018-04-24,-0.024627643932271064,-0.01993578498426166,-0.014584561090690729,-0.02648882967088231,-0.02977156250736053,-0.02560590521971425,-0.025612909126712612,-0.007211653985537196,-0.011446827168233946
2018-04-25,-0.010995379181543254,-0.009483569263879369,-0.005442884746432227,-0.00970372340417623,-0.008500170602419536,-0.009509611623876153,-0.009618761981665596,-0.0002932367796361344,0.0015855085198761205
2018-04-26,0.011477339676277091,0.011699178894501745,0.018177481474027958,0.013049714447303795,0.008067227533543182,0.013897243555137011,0.013970893440192221,0.0074024227204245695,0.011631432889554675
2018-04-27,-0.006192468030172337,-0.00868194972790468,-0.0007156092475445625,-0.009648528939225607,-0.011763329046998554,-0.011814978273756145,-0.011938456531053951,0.0011687770082549718,3.174007499870139e-05
2018-04-30,-0.004860238506819511,0.0001978959674834864,-0.004937640959995655,-0.002363971652836707,-0.0017309906951698886,-0.0020161622707063477,-0.0019526451385007716,-0.0006414290910960322,-0.007585223876577939
2018-05-01,-0.010082468919272036,-0.005240045529000366,-0.0007929705022507484,-0.015333428586879503,-0.00822556562800376,-0.00888051103793525,-0.009067524414902488,-0.01002117909226021,0.002216714289728945
2018-05-02,-0.004944453835782467,-0.004547505848653914,-0.005789950986481164,-0.0010846088830021138,-0.004320876908195762,-0.0033145104975049263,-0.003263428791979813,-0.009157986852458704,-0.009220047189589443
2018-05-03,0.009222837670951537,0.0027313042238291834,0.003265081900492524,0.0030323790147484056,0.005058065818318018,0.006443696173085311,0.0063806684472500555,0.0017302536976438263,-0.001332646771032867
2018-05-04,0.009271453802828945,0.011088452910496907,0.013741249160235617,0.009901705038708599,0.01058754060002616,0.010284560595578751,0.010211732067950395,0.008961303588665427,0.013084596414644732
2018-05-07,0.009340038534973803,0.010431531551600058,0.007453433044524164,0.005064468467105933,0.011014408482171688,0.009028442289961722,0.009059222429512463,-0.002501603642448644,0.0029390140644246425
2018-05-08,0.006577777233555942,-0.0009052586399261668,0.0018296249724676545,0.006405778249618341,0.005743645535159481,0.004139382440507002,0.004177268345069899,-0.00862790516452158,-0.0007541645752924528
2018-05-09,0.0033710323937260027,0.00709145439878356,0.009595060100282564,0.003796372321118397,0.007793858167098497,0.004096319739298901,0.0040695685389472895,0.0004624298872376302,0.008948825454102726
2018-05-10,0.005348199949218659,0.0036206459831027516,0.007442657775626526,0.0005164882015118023,0.0010979893182086298,0.004224516972250368,0.004208238720410318,0.008970190858862963,0.008871224106986307
2018-05-11,-0.0010403036309867921,-0.0042898464049823375,-0.0011391191180566032,0.0004334796472892344,-0.00490339627234877,-0.001980331788456493,-0.0019381381952557001,0.0039516555727647645,0.002680015499506278
2018-05-14,-0.003524094924537073,-0.0036280033122822524,0.0045664322165541405,-0.005831294597703569,-0.0032587747045432986,-0.0019737617959306136,-0.002052287965251568,-0.0026051068955999478,0.0019374086876695817
2018-05-15,-0.00829821192900697,-0.009950545751577191,-0.012190853980253762,-0.0061595914800341885,-0.008808654688137678,-0.010067235410896868,-0.010030890799362662,-0.005895053642444207,-0.005908513484145143
2018-05-16,0.0007290328763737846,0.00031114200243154204,0.003195420129223896,-0.0023243635960257026,0.0019044686577354198,0.00027328689443113156,0.00022656198925386178,-0.0005198222895847013,0.004409916349826038
2018-05-17,0.0008409901800054663,-0.0010742423673561028,-0.0005906311904086948,-0.0002600649792605139,0.0005748663572580679,0.0002341584988828426,0.00023790304896428895,-0.002002211609792949,-0.0009427826571735595
2018-05-18,0.0010060930150317174,-0.0018583941512967915,-0.0002665577276751299,0.0030462910494211157,0.0016726166325376512,0.0026707380689055334,0.002685784413680726,-0.0022271854831489774,-0.0012224715611824973
2018-05-21,0.009580957819585373,0.01038024390914879,0.0070264428719551434,0.013465810626506711,0.007256369241185131,0.009872275348014544,0.009928007627804353,0.008897822425397875,0.008031872906517334
2018-05-22,-0.009238803464464467,-0.007314298730848769,-0.006559727251815279,-0.012875583236257513,-0.011083444666058808,-0.010831042080322765,-0.010858320891080348,-0.005025247141793312,-0.0034266917981957737
2018-05-23,0.014663692266635293,0.01577712972909038,0.010742784846292656,0.013079156045446376,0.015538385776858593,0.014133174831038223,0.014110381774878283,0.007445097997050718,0.004734216924579936
2018-05-24,0.005036763185191774,0.0017240460015624272,0.0016021351978807916,0.005347843831195448,0.003042610535998643,0.0035823816089502218,0.003610854091124164,0.0019497749118254169,0.00020249537496932332
2018-05-25,0.0008280111159740818,-0.002550421881047542,-0.004641608362490122,-0.001984091516477075,-0.0009020569626116391,0.0009603486095473033,0.0008881475187311288,0.00015973374829561523,-0.0016623693821089583
2018-05-29,-0.006146471261325885,-0.003946908302835441,-0.007726118216740194,-0.004849775615732765,-0.0062785737952402755,-0.006217928853974797,-0.006205833248187561,-0.006531459669790597,-0.009819718481320143
2018-05-30,0.014438548312475435,0.012771718251046796,0.015268190251953853,0.016467466546347585,0.014414007550024992,0.01370802765585141,0.013734630028987019,0.011621358020836981,0.013243557823925205
2018-05-31,-0.007153297911461109,-0.007043026336837233,-0.0050499679443703795,-0.008512032631146365,-0.01067683797328339,-0.008059357094507296,-0.00801571018368097,-0.007831160996682759,-0.007292853687510887
2018-06-01,0.010165106872522195,0.007343631888335796,0.015888789718651,0.008469807268803994,0.011858392125383541,0.008666893816411015,0.008542029617248885,0.0022170395145494092,0.01161339357156375
2018-06-04,0.007969814941061604,0.008315811658282006,0.012181716162785659,0.008339367262079162,0.01015597392083998,0.010236020484625713,0.01023070593167777,0.001982156740887614,0.005615736154985468
2018-06-05,-0.0014973916589273676,0.0006630228380218196,0.002368025228644482,-0.001561863657943715,0.0015708335484807955,-5.300082753628515e-05,-0.00010683825781432158,-0.0012565032959521423,0.0011236016933606624
2018-06-06,0.006411879131570554,0.005328812301204378,0.007404089002745756,0.007302378959726927,0.009244341024499576,0.005472387407951196,0.005371011516150889,0.003135830486314533,0.009216287491402936
2018-06-07,-0.0011899088617249548,-0.00034815414101313686,-0.001793274813328178,0.0017476240651195496,0.0014284579731353407,0.0013521688769453648,0.0014050761220775,0.008958138446027797,-0.0011208526753176923
2018-06-08,0.00056054363376712,0.0013674121361670118,0.0016871459883238983,0.0033834313510743745,0.002109725222013388,0.0017407187048173263,0.0017636531445205067,0.003834073969371027,0.0035741629239685662
2018-06-11,-0.0023604650272375997,0.0002856725505220475,-0.0024170835961647126,-0.00135788316899619,0.0001620910904631267,-0.001453151310893428,-0.0015325907985356412,-0.0035686531825399543,0.002731869769261112
2018-06-12,0.00010404954998415935,0.004316124502238842,0.001090160671097921,2.493919112226278e-05,0.00012140335187909341,0.0018290459836445808,0.0018015227382082253,0.003573185670671994,0.0017901874209202034
2018-06-13,0.003194527486576611,0.002116148106722501,0.0013168186801508096,0.002773305370042857,0.0003012970533729341,0.0009212878304413794,0.0009311032780964287,-0.005787627872707311,-0.004065122548655784
2018-06-14,0.0040988244391822765,0.00943374800910463,0.007709001288777353,0.002159468104497848,0.0048410190939534295,0.005918450982478657,0.005819171456337594,0.0032238111058440723,0.0021583421262165265
2018-06-15,-0.0006828670818404169,0.0014462706405003892,-3.1899419688465744e-05,0.0023042694909154843,0.0023571590204376947,0.001462055443380913,0.001432919833631616,0.0058880511733164845,0.000433731241959506
2018-06-18,-0.0003190695653689483,0.00011648988402160584,-0.0004271765012582403,0.00032472908875933815,-0.00257658354702755,-0.0020194575854938276,-0.0019241710042998206,-0.007391798790311975,-0.00305966206684623
2018-06-19,-0.006847750436377727,-0.0016300438926910939,-0.003549173993654177,-0.004774660999438238,-0.007918734211841862,-0.004364072118545876,-0.004380539149908065,4.560697387772351e-05,-0.004844528832777484
2018-06-20,0.0023535023719969297,0.006141998370164087,0.007478160709487816,0.004285849555614514,0.004506924428044882,0.0030393647061559637,0.003041774943305298,-0.0038929827458538215,0.0015062608502621967
2018-06-21,-0.003869275711230738,-0.004986901872131135,-0.005386958549072436,-0.0015233512976210086,-0.003763351523338134,-0.002183552876215776,-0.0021214200026122947,-0.00013864890868980543,-0.006938643460898093
2018-06-22,-0.004201368140892958,-0.0047641005900502485,-0.002846204484750373,-0.004851118174743436,-0.0040851751409843136,-0.0034250579586902192,-0.0034690743287287755,0.010114795564050816,0.0017707571985404085
2018-06-25,-0.01267563026268732,-0.014849503647816951,-0.022030183278727695,-0.008634021428503162,-0.013855342998151386,-0.014531580664309809,-0.014390859080171417,-0.0021163477064105804,-0.01357486111686069
2018-06-26,0.002718686874120845,0.00802100855064476,0.005814274252848797,0.002547604780147464,0.003351077571959315,0.004223362917520346,0.004185198053891691,-0.0017409062416393689,0.00265203050999492
2018-06-27,-0.012062234463852158,-0.009649434434098205,-0.013259952161977336,-0.007552146620951162,-0.011591428917642364,-0.010744199917683488,-0.010644135989648102,-0.005836293389605434,-0.009499577688871844
2018-06-28,0.003678382724081938,0.006885503080114704,0.0077082979458989,0.004724009693793903,0.00886956661513112,0.004789935215130524,0.0047031895143769065,0.002764461596303152,0.006111331787556236
2018-06-29,-0.00164670891894076,-0.0047161715297624005,-0.0026438086623111153,-0.0022472170226209153,-0.004456463926534893,-0.0033017785690989884,-0.0033125194851360024,0.0010408608262320736,0.0025603094610489132
2018-07-02,0.0073561915605659094,0.007707880530178331,0.007613421418573736,0.004674511129555642,0.0038902701320756745,0.0074095727890117966,0.007434429284010994,0.0038618915982110914,0.002920137416304434
2018-07-03,-0.006756170006445009,-0.006941957532968944,-0.007400640543085218,-0.007132231847482843,-0.006018753845881678,-0.005107743043662945,-0.005082505642778447,0.001034588724807639,-0.00472888924504957
2018-07-05,0.00739430068886775,0.005805576297802179,0.010223140767846688,0.004092898356190196,0.0069543061301441025,0.006539438133608948,0.006456871870650368,0.010398900193471531,0.009362923764143232
2018-07-06,0.006704581946750309,0.011095836343149685,0.009618501797610656,0.0062252467302661724,0.008231819049677925,0.008716497095294236,0.008705168602954332,0.004479813968949017,0.009401469178679855
2018-07-09,0.008078012468671462,0.007307317025229045,0.008888882885731853,0.009922676151846149,0.011956236453020276,0.008772003536399833,0.008702576799316096,-0.004567612851077376,0.007647451281827073
2018-07-10,0.006155325844599089,0.004697859258325127,0.004675791856745536,0.006166575015723539,0.005858977942232167,0.006222008486416992,0.006232051335601743,0.01265089439188479,0.004898263321850462
2018-07-11,-0.0044355856459365505,-0.003106259577445332,-0.00414761220970602,-0.001360155177088956,-0.005606995867651031,-0.004567776608594087,-0.004560808813963421,-0.00346952716480997,-0.007426473656836631
2018-07-12,0.005078070124685725,0.0069322935419312655,0.010334275901554911,0.008138289153544044,0.008104380515097919,0.006654328971233955,0.006791906237299943,0.005767387123524482,0.008162130767311199
2018-07-13,-0.001015907105297876,-0.0011157622846809025,-0.002723520009005806,-0.0005758134112455415,-0.000420816031604004,-0.00152473291265557,-0.001457739454818239,0.0012126246462643771,0.0006171901261919209
2018-07-16,-0.0015835945818907808,0.0003101184229345393,-0.002819451747249744,-0.0008095156247867626,-0.0026217211977885226,-0.0005031946488974508,-0.00047083472254914963,-0.0013702268022653635,-0.0020129512174689272
2018-07-17,-0.00016913629873161016,-0.0009520150436413067,0.001507416961568797,-0.002148301135943088,0.0006845146227508689,-0.0021544835483053018,-0.0021306331788429594,0.004919456171812592,0.004479397924031912
2018-07-18,0.0029521072248454906,-0.0012627412188051597,0.0010687183454438421,0.0013943601073018533,0.0013741485783802432,0.0006596362029556693,0.0006895229332465954,-0.004796109534677042,0.0027871075855680225
2018-07-19,-0.0028258991857752313,-0.007607754334745332,-0.004587905100852224,-0.0027373153336650116,-0.00578757464292481,-0.004654099524617833,-0.004590229887338538,0.0004598599219670571,-0.0028316838793217844
2018-07-20,-0.0007231403632494995,-0.0003036969171959026,-0.0006858616160916494,0.0007068834254026421,0.0002719424293230474,-0.0006203845768787845,-0.0005963448957799467,-0.000720796495029624,-0.0011357347373910944
2018-07-23,-0.005008961873025079,-0.004881859566831247,0.0007308436863815309,-0.007810908234714186,-0.006866592984147558,-0.005959566847273716,-0.006013234079846392,-0.0033332613148768266,-9.620929102621462e-05
2018-07-24,-0.0003085558173745468,0.0016491713837915145,-0.0006903165177632102,0.0009409067211407598,-0.0003422365894762666,0.0009402441741186211,0.000994557956420262,0.0035246080540935823,0.0011250708663694598
2018-07-25,-0.0008480224916303826,0.0027091640244981748,0.007157073993116142,-0.008912865326542285,-0.0028245473776052844,-0.005790053255849215,-0.0062159115378314835,0.013020015685146956,0.009195434240875012
2018-07-26,-0.00018933753598202112,-0.001937494195106401,0.0005885304708724096,-0.005833554542534326,-0.0021541556764457922,0.00019255654245461191,0.00013933764005282298,0.002996756468980094,0.0026709041198630878
2018-07-27,-0.0050243913403485935,-0.004461231804792619,-0.0109354780318488,-0.002388393301696276,-0.00164487164569112,-0.002036086924181934,-0.0020777261444489535,0.003886888213482825,-0.00703060170234945
2018-07-30,-0.01891170190854503,-0.013925633461056217,-0.018545239944664848,-0.015672403716695732,-0.015953862484892212,-0.014676858273018394,-0.014665405756609615,-0.0033357618129043506,-0.007975584344332083
2018-07-31,0.007064329655177904,0.009864919584912672,0.004299223718334396,0.009558311990598013,0.009228867195405631,0.008170718825507217,0.008214231083213706,0.008889755382493774,0.006421123485311848
2018-08-01,0.0010351742222752642,0.00044608088686700704,-0.00023170374810810974,-0.000873776836427351,-0.0007831292167522397,-0.000130285306552057,-0.00012157559714606513,-0.004261633219530362,-0.0037287729985412696
2018-08-02,0.005903180279809928,0.01173230951664464,0.00954137205483929,0.008944116589410146,0.006103473221656673,0.002773377798097809,0.0027304047016238893,-0.00044466039584371836,0.005903804980070349
2018-08-03,0.0012061989174012714,0.004321026718683953,0.0013103154035687594,0.001011701031739175,0.003730375297948474,0.003655455467860125,0.0036721200194828234,0.006618547377323261,0.0038284017164182463
2018-08-06,0.00030419642300768895,0.0013178201071773938,0.0037646221365153234,-0.0007247893777921862,0.0005087892677675612,0.00088214552599711,0.0008159072607704038,0.0008784704901896842,0.002913982214663246
2018-08-07,0.003993280777261941,0.00523481361621191,0.005180392818077818,0.006298096151313278,0.004668639943824838,0.0021857313892267947,0.0021726765083283505,-0.0019373612232408957,0.003974951198745475
2018-08-08,-0.0017069543499299723,-0.003036391591875241,0.0008950107783933272,-0.005118543083544455,-0.003865518396947267,-0.0013262242356553678,-0.0013559435244387156,-0.003901304350785151,-0.001537986338629375
2018-08-09,-0.0015186279458491896,0.001550159822201019,-0.0001563597826369708,-0.00252252257712347,-0.0010107951122085147,0.0012299681980730676,0.0012185627890363992,-0.0007887159347720686,-0.0032826882434043108
2018-08-10,-0.0041969693512797146,-0.004713483644849997,-0.004871603540797925,-0.003432568978231573,-0.004930473534174045,-0.004834675465019947,-0.004827908594641422,-0.006715679077845171,-0.007345064562582847
2018-08-13,-3.9984486676259055e-05,-0.0008713786769101963,-0.0020216688426492224,-0.0025749683198082393,3.339607175171435e-05,-0.0014231802186555399,-0.0014061515035060585,0.002011945627883894,-0.002806756321993221
2018-08-14,0.006642680308034411,0.008052710940352923,0.00901799191621947,0.0029805089719481905,0.00682264706296009,0.006931305259018274,0.0069553088655897035,0.0057754581690383725,0.005333177824397815
2018-08-15,-0.0067203687215247705,-0.00953532359411835,-0.009715278642061708,-0.003541846555677348,-0.005493757529087051,-0.006330629651871777,-0.006301284134215249,0.004900622167964888,-0.007085520294278969
2018-08-16,0.005134785412746367,0.008076978172436095,0.004721767307779333,0.007825080865445465,0.006559956105556957,0.007181744746421504,0.007257961884845218,0.008565150518160649,0.007857902837148045
2018-08-17,-0.0053579582864583825,-0.009576319091744664,-0.0076924291130808925,-0.003295791878365084,-0.006954411629337357,-0.006104414388234537,-0.0061011691052725815,0.005129075484080631,0.0016393624423946679
2018-08-20,0.004775519132957234,0.0022715180963302673,0.005289773900712111,0.005975690741911386,0.004756553691972283,0.0047124176839644484,0.004719450770235122,0.0013578223961757492,0.00296020428178083
2018-08-21,0.003582268018317467,0.006512075602433103,0.0064203760277251705,0.0032758080195489734,0.005526251070619765,0.005846618307807695,0.005817336137312795,-0.004480780171583816,0.004402842843942745
2018-08-22,0.003091913572383859,0.0018847157188093744,0.008043354379119547,-0.0020054127069551106,0.0005925666182884933,0.001136622346256276,0.001111398007000093,-0.0070206527598279545,0.0001440273753473314
2018-08-23,0.0008978510878734634,-0.001372538084980484,0.003908052969903507,-0.0009460169638969724,-0.0005382132475643873,-0.0003354619091648729,-0.0003339268010680769,-0.0016887242350875577,0.0003122599520305821
2018-08-24,0.011579525532561799,0.011596614485001386,0.013770589517341867,0.010185500548194192,0.01065762373769771,0.012863131075029325,0.012839342964991682,0.0032644499901051567,0.009732932118996626
2018-08-27,0.006734193355229913,0.005339665621438705,0.0060812491110838526,0.005039641079282686,0.007134767810097597,0.007556959045687593,0.007502390905875879,-0.0011836216126881207,0.007395760894562821
2018-08-28,0.0008570262025030688,-0.0015159172555875501,0.001801456519523637,-0.0014144009645535227,-0.001498605991829959,-0.000552800441574627,-0.0005661915035988704,-0.0021277246345754353,0.00029076376726017974
2018-08-29,0.005107790690353349,0.005946906142083711,0.007782941071754249,0.0013348702570381114,0.0038284917685433035,0.004700331768343366,0.004663050542847587,0.0027654784061013292,0.004955651218490229
2018-08-30,0.0004088436827959327,-0.0007094649914201936,-0.0022363291008396613,-0.00044422002869326033,-2.9079864266416952e-05,-0.00021499958208133542,-0.00025537586816097753,-0.0022077342869836415,-0.004165148404410685
2018-08-31,0.000998138954767086,0.00016171186778788006,0.0024125398059293888,-7.469961986157858e-05,0.002126530559234698,0.0015771201133809593,0.0015643446275907062,-0.0003050925618203532,0.0014691509047923834
2018-09-04,0.002551922245222413,0.0021505505490959417,0.002654427345434519,0.0019665798844848547,0.004112355314205085,0.0050193860143383775,0.005026549073206403,-0.0006073854401991163,0.0009448275806209594
2018-09-05,-0.011404001523242533,-0.01005836284082961,-0.012992107308350896,-0.009842762037194606,-0.010130370448968142,-0.010378281396617907,-0.010342223345810388,0.008230184327406156,-0.0028285073297329186
2018-09-06,0.007050424167903541,0.005406645720427632,0.0011075087821366906,0.012464125119015953,0.005808749266119732,0.006906430637955973,0.007018589823815168,0.006998753016000532,-0.002624884298544297
2018-09-07,0.001367023522635247,-0.004129180399764704,-0.0019349424793315272,-0.0033842273954351235,-0.0014394327076433274,-0.00036398450327278594,-0.00043910528835021753,-0.005491710661528481,-0.0029601861109542524
2018-09-10,0.0024101057901375488,0.001314732415634858,0.002780766119989545,0.0050496975732334266,0.004074806688344967,0.001972902869671776,0.001967379328417483,0.002413120551860688,0.006037715268975648
2018-09-11,0.00024242493780495927,0.0015734099411476232,0.0022777346831905766,0.0009222862154233656,-0.0011515668561334186,0.002069637247622945,0.002058814069534276,0.00022420831053884046,0.0005667036559892816
2018-09-12,0.0021562640037195405,0.00918511691522527,-2.600346519725934e-05,0.010369504015195192,0.00925699050769454,0.005240984507194695,0.0052563030586158955,0.002144505096855785,0.0028385843328336546
2018-09-13,0.0071597509227059025,0.006310849452522357,0.006538546984615597,0.0024122443065256235,0.0036961104968100326,0.005160659621128943,0.005187231454345799,0.002094049776527262,0.005186961441766197
2018-09-14,0.0060157530414156,0.0028926310085020616,0.0013360521352800124,0.003326174618741997,0.006219451557867956,0.0036924334271027375,0.0037247149557884003,-0.003300347869182081,0.002610216538236214
2018-09-17,-0.004889255112339537,-0.0055981693015245285,-0.009830744198312912,-0.0022464267373915056,-0.0024868637403621004,-0.003351127881778016,-0.003275378913264811,0.0006470935126800122,-0.005600422279050571
2018-09-18,0.009598681312450872,0.008133399733024387,0.008693824689280408,0.011360690112148152,0.00971558270484446,0.011000083307262315,0.010979349182227222,0.0020202504449393123,0.0061748950602117676
2018-09-19,-0.006458484221027197,-0.005154013204865631,-0.0021238457358872457,-0.007313241813685676,-0.002543665626496791,-0.005579612605002031,-0.005660327981985792,-0.005418674726798905,-0.0006458485025477617
2018-09-20,-0.0066309380402439924,-0.004018698356418537,-0.0015079562560223136,-0.00838613627672029,-0.006781193803775623,-0.007942623365433934,-0.00806417292884977,0.0050258744718662575,0.006527248163687779
2018-09-21,0.00290054756914285,0.002402357224634414,-0.0002658857186956299,0.006935113401092246,0.002659533686720466,0.0035682283790866003,0.0036956897949472814,0.006481610413725573,0.0006398533903130571
2018-09-24,0.003643919353330254,-0.0019269478396134532,0.0018890361212493168,-0.004376314201033767,-0.0011884085900057662,-0.002835161427001326,-0.0028787236843546356,-0.008319316678222973,-0.0016578949056364435
2018-09-25,0.00538927203252629,0.002239926679347623,0.0023141587902833606,0.004497275264477906,0.004665018797930839,0.002781298377354961,0.002824690758183477,-0.003984497987258175,-0.0025935812152872825
2018-09-26,-0.0011356323662242644,-0.0010123872573047327,0.0006366591784700559,0.0007838804550617382,0.0006011761190851913,-0.001421253274181056,-0.001438348085337716,-0.002979787119382699,-0.0026539556060423933
2018-09-27,0.00570427802956614,0.005718836888089694,0.002550329085522608,0.00455785832468259,0.003981753954072958,0.004663043576157494,0.0046831403897793795,0.0032500148857866557,0.0033821437172908905
2018-09-28,0.00417820254847326,-0.0015733367121132584,0.008166309385062787,-0.005992975175264942,-0.0012472359223484285,0.005289894285638846,0.005316437348073592,0.0041875499827553194,-0.0004254572798247746
2018-10-01,0.0101373785581012,0.009916061222996807,0.00887622938179624,0.010590130650086382,0.01090105388566983,0.007873251085239326,0.00785714316283368,0.0015578327522795163,0.005484965772794009
2018-10-02,-0.0033786939722384394,-0.0002416230735673939,-0.005034121966858362,-0.0010028172174094106,-0.001959342568624781,-4.0360968036691395e-05,2.0685076362393547e-05,0.0011071689458064069,-0.0034823180959594083
2018-10-03,-0.004358471918238239,-0.0029746085218968635,-0.002137129690013211,-0.004220426903014437,-0.005570549985585932,-0.003494161595130657,-0.003482927502413238,-0.007355100488282033,-0.002784999576855253
2018-10-04,-0.006351658203911248,-0.00692293676695291,-0.016318624957381057,-0.005044336112626709,-0.004970630951567174,-0.006427193066714583,-0.006361691048141716,-0.0008689012620445146,-0.009344789338173159
2018-10-05,-0.003743944262099121,-0.009640096543583524,-0.011147298616515913,-0.004312284664819422,-0.00909287129799234,-0.006995543374407318,-0.0069698147257301135,0.0023725248851380904,-0.005486534340395873
2018-10-08,-0.00488694060968461,-0.00072061538721926,-0.0059501343937914735,0.001297357558918394,-0.00021293382238179073,0.000830705622208637,0.0008594327267997635,0.00688977812292639,-0.0029406383525058706
2018-10-09,0.0002555078342106871,0.002690769955664261,0.0018026695562771973,-0.0018843665758178352,-0.0024945252701478126,-0.002246080863011908,-0.0022785067278890195,0.0008820513255361631,-0.0011532859373818297
2018-10-10,-0.03381867289643048,-0.034328304496854326,-0.040232734758941534,-0.02245402139781116,-0.031748829463816804,-0.031621809700539016,-0.03152050484686948,-0.013018626217644129,-0.03305377226103042
2018-10-11,-0.024389968852249515,-0.02463067227591408,-0.019728154201599055,-0.025204224097711583,-0.027070378806449774,-0.026819987215115658,-0.026845870303897696,-0.024356109032116803,-0.019666897288637835
2018-10-12,0.01832439860667572,0.016686471643923086,0.025496977130249572,0.013276832401253548,0.015275547048508588,0.016972571090621544,0.016922702140109623,0.007051226283912769,0.01574158836300361
2018-10-15,-0.006859444680016655,-0.002634562613113305,-0.012780898623759182,7.373194432318332e-06,-0.002122937102225635,-0.0038443860760818457,-0.0037795648668227256,0.0018153391467364765,-0.005927075353707123
2018-10-16,0.030980204077433234,0.02185167579736234,0.02993464060017311,0.020068703246289447,0.022395301816738704,0.023259053430270668,0.023149619008670786,0.013144993778713188,0.022838155660718135
2018-10-17,-0.0017193420496172894,0.0018284303528539314,0.00028902808636505973,-0.0029320515360310457,-0.0013376434867896196,-0.003953863542488073,-0.004050789426295493,0.00474516203898933,-0.0014037957431079888
2018-10-18,-0.01342561515448573,-0.013604802690266576,-0.01569108803795025,-0.013011833098656252,-0.012512250473210956,-0.012689729563162128,-0.012669799516581775,-0.003588290195644329,-0.014008351049214095
2018-10-19,-0.006394853768853397,-0.004311059893197864,-0.01188882063738941,-0.0032731792478839423,-0.004723705427017277,-0.006214774843270034,-0.006164874513001391,0.012213601874749918,-0.004476933080732295
2018-10-22,-0.0008989475610570297,-0.0023805045191962635,0.00013965759721789326,-0.005109157987693864,-0.002664301249109676,-0.0037599390863271337,-0.0037726666873093354,-0.0028488363754189936,-0.0016224014803140174
2018-10-23,-0.005980525842593006,0.0023496054557760417,-0.004063534831473485,-0.001339739827064008,-0.0038672439429330756,-0.00851973856692848,-0.00854342957837242,0.004436810093237785,-0.004520803675155867
2018-10-24,-0.036416627913790904,-0.028289180663382946,-0.04117918257909957,-0.0243181055587074,-0.03562691905928626,-0.03383279805469091,-0.033619181880435625,-0.005123599874968984,-0.030238342284925643
2018-10-25,0.0017947100923367788,0.012787059806604375,0.017837038674918863,-0.006094517813765143,0.002102958230191162,0.0012289376146491933,0.0011544105889262756,-0.006049849614079591,0.0126200973704299
2018-10-26,-0.018492463136589015,-0.02150587759556821,-0.020759703778170536,-0.012538108093346892,-0.017306976570658397,-0.023177679792491027,-0.023177440870678225,-0.013239717576241533,-0.015678924547061587
2018-10-29,-0.02360559586442755,-0.018038772416317187,-0.01961182931114539,-0.016086728978538595,-0.02090679640378742,-0.020780221923608,-0.020871431375090895,0.00821499475464382,-0.004619392477449112
2018-10-30,0.0176305310888303,0.016802888219244957,0.022117818486709215,0.012536895251121854,0.024070328678552147,0.0231863043082258,0.023051351109434584,0.014992246048434922,0.017694568905284286
2018-10-31,0.014144560065156755,0.012755126090165566,0.01638066399186819,0.006693442906239695,0.012087090938117948,0.011982638443006023,0.011851743294845537,-0.004174253812008316,0.009343976171459422
2018-11-01,0.016476433719154915,0.012831844383435589,0.01507517609538246,0.015328150656959447,0.0181845094890595,0.017313709334213452,0.017367100789759615,-0.002203219403485395,0.012944785926362242
2018-11-02,-0.0069741048327448965,-0.007281909506735848,-0.002779837518242674,-0.005108864639204412,-0.003855851482858191,-0.007613873157355073,-0.007594368875987096,-0.0017651497713815556,-0.004242703260555235
2018-11-05,0.006505404544059966,0.00804558716109469,0.003495059079291363,0.012794816905812505,0.005349911111830044,0.009846828237991778,0.009936614222249571,0.00858187876751872,0.004563960176364211
2018-11-06,0.007378725761222212,0.001710394627553987,0.0040979036268357074,0.0036638147609555694,0.003835657155020204,0.003228630125246972,0.0032400784450708183,0.00698689187259758,0.006761125617428828
2018-11-07,0.024630848349105946,0.021400878779572138,0.021354230533716035,0.019207260753166307,0.01937305489713546,0.021696759559378963,0.02158277747766381,0.013547867476125137,0.020935383557812662
2018-11-08,-0.004920694867693817,-0.005235542522387805,-0.004330817016284483,-0.0029922517588256616,-0.00626194610032185,-0.0061492963319010555,-0.006177275029678129,0.0009492796817497692,-0.001277282470372594
2018-11-09,-0.0018776152757158191,-0.004718667944628306,-0.006255214880308047,-0.003076136398276638,-0.006470238133195012,-0.0035157545366492383,-0.003409233197175509,0.0031923888211612627,-0.007532032001677883
2018-11-12,-0.025057990231227168,-0.022190980675084182,-0.02849036239660743,-0.023011914396948784,-0.02887248619862114,-0.024764491665815028,-0.02474161430646737,-0.0034534903107418784,-0.021307054189630165
2018-11-13,0.0018141813002061414,0.002479956667749431,0.0017247476024183756,-0.002010580968121605,0.00251985029664543,0.0024325808837544457,0.0024164690736553653,-0.0009357846138668065,0.00017605299958297577
2018-11-14,-0.008608705242520949,-0.011356524240265009,-0.00786931457380823,-0.007129806239522638,-0.007409503556230359,-0.009297941813154922,-0.009318468878010614,-0.0018223074370839615,-0.005535228609790381
2018-11-15,0.012803580829260548,0.007753228224435075,0.011037277117239373,0.004730393258888181,0.005498004765214126,0.006552874688839523,0.006503973511835104,0.0022931909190457137,0.01158227344130214
2018-11-16,-0.009618217783829415,-0.013302017553635458,-0.01853341344670964,0.00022941555141680229,-0.013449311506118968,-0.015084972316244252,-0.015130888513429534,0.009022689048207095,0.0028454776386759046
2018-11-19,-0.025800380950292846,-0.025455008697344093,-0.03683593703992338,-0.014500608896813155,-0.02501491482230472,-0.02443589211179457,-0.024350898530794318,0.0013512238844251043,-0.01946465853397623
2018-11-20,-0.007744374748660004,-0.015467079983273947,-0.015672116006149282,-0.013086014774599935,-0.009605700715261801,-0.01300095869446329,-0.013009810285866797,-0.014129420768632958,-0.01661755608804801
2018-11-21,-0.004082795985722917,-0.008552053692410322,-0.0026986883462325785,-0.00693467130957812,-0.007585738631017567,-0.006784819186825781,-0.006822128238801416,-0.008409474564860372,0.0024928943542064704
2018-11-23,-0.0012253711663722574,-0.002724412365718065,-0.004805022276408374,-0.0033730651144402404,-0.002868777835540296,0.0001397228779381888,0.0001736822990876152,-0.0008422433098552842,-0.00447513573773303
2018-11-26,0.013309577190753211,0.012232535073670678,0.015436918125858819,0.005459254062770825,0.009728501875701675,0.008658251262507306,0.008557812952705971,0.004641148036666069,0.01460583133650591
2018-11-27,0.003043885871059619,0.005443793301244253,0.006142793912923864,0.004066157020276112,0.0033526529902430722,0.005471836134974398,0.005502448960476039,0.006595966279191863,0.003557156684135847
2018-11-28,0.019701358499225094,0.022978178188395686,0.02973570938343148,0.013646996843861357,0.01950981390875026,0.019982103883947083,0.019857623227247195,0.013351674758153256,0.02364622869207684
2018-11-29,0.0017022674593082218,0.002133642289243467,-0.00010207989093128661,0.0017383548904732872,0.0031518316261509916,0.002323161012818549,0.002279578065366584,0.003908708936296722,-0.0015990503044440202
2018-11-30,0.008045272228571957,0.009777997309476566,0.0116453569251999,0.009324364163117625,0.0041447945698980075,0.009015409891123786,0.009100656772054638,0.011873810209939386,0.009874992660311537
2018-12-03,0.008666093862334205,0.007474686111939388,0.007918178864110148,0.004408374877978853,0.006374522688836009,0.006967482691229082,0.006939877521263528,-0.0046063457018678524,0.012176376162921195
2018-12-04,-0.030130949798096284,-0.028404555813698475,-0.03632039438135777,-0.025509875408400804,-0.03087093331183993,-0.03081348465952455,-0.030800495788127137,-0.011975072927261242,-0.032398738045838496
2018-12-06,0.007996856477410354,0.0050906463409484595,0.00482477586035076,0.009221036235800669,0.007837185813644496,0.007284074896181444,0.007319364819375276,-0.002832864203673075,-0.0014669026216464305
2018-12-07,-0.01817043085655668,-0.020891722635495873,-0.03052154256721078,-0.01202351987773742,-0.01910934339494717,-0.019034015653919708,-0.018861022200914162,-0.010587912256487393,-0.024680124388898283
2018-12-10,0.020559541560659637,0.013144047419125908,0.012771680061901748,0.0177869674554798,0.018490251726849948,0.015251665987900084,0.015334009588793796,0.006083666367736189,0.005178545473175901
2018-12-11,-0.003007474123012546,-0.005545042682464743,-0.0023750550020668233,-0.004942126047315567,-0.005946760252058968,-0.00596605806522821,-0.006031064596342502,0.0015979544715534158,-5.230873871824971e-06
2018-12-12,0.006046745208407173,0.00329785700573843,0.007861711332593876,0.0037422481918271996,0.004263732845057447,0.005705115604916442,0.00565934798455983,-0.0025821719471619546,0.006346794283638022
2018-12-13,0.0029157232048747923,0.0010377359418689287,-0.0003289611276571587,0.0006613528148103482,0.00036716853982369347,-0.000744061537260034,-0.0007524239843277169,0.007463388515750704,-0.000374110251151219
2018-12-14,-0.020058025742995946,-0.016129249876289345,-0.022268841935410386,-0.014314444285481343,-0.015703335433026308,-0.014759850968522361,-0.014748803302969352,-0.01769491892499602,-0.018085995603964282
2018-12-17,-0.023714815309754757,-0.02283119933055816,-0.021332074050402966,-0.023891206330507394,-0.020445422730691512,-0.021585727828150335,-0.021642525333029787,-0.021269546355890196,-0.02123556217382089
2018-12-18,0.0008943283348794575,0.0021882151394641957,0.004695019057248383,0.00024085383691573254,-0.0006653911978274388,0.002185100897920467,0.002192943645935878,-0.003901862647211147,0.0009379038162500115
2018-12-19,-0.013924039058703253,-0.015976717167587147,-0.01527731776905517,-0.009721510640956587,-0.01361221893997457,-0.015213335142522844,-0.01518923877363734,-0.009492124234512768,-0.015272623615246027
2018-12-20,-0.019760310061240512,-0.01782043122718218,-0.01950600040294886,-0.01933511629122685,-0.021926066761493175,-0.019420787429021497,-0.019472887568596005,-0.010915156150089067,-0.01513912408259657
2018-12-21,-0.023054001344411098,-0.024135706272351898,-0.023859801119091438,-0.022382283416559044,-0.025783949657788827,-0.02474768036183098,-0.024816792600888326,-0.004244566448215496,-0.017532699742139623
2018-12-24,-0.034924220734344195,-0.03423285977449817,-0.024287720891743594,-0.035709976369494065,-0.03420826348047652,-0.03271212835100763,-0.03265983321176989,-0.03591357331266353,-0.028876493901941393
2018-12-26,0.042635342023271655,0.042584578879089535,0.05018222027100668,0.03968521213196829,0.042297435389500475,0.04027304981553745,0.040063367633329384,0.028516712959553343,0.04771385103204897
2018-12-27,0.013994635630165808,0.009217340346857185,0.011851020035314234,0.015419981818331716,0.01235624780454602,0.012802120446448954,0.012876842364062861,0.012639084137060191,0.01019209985192061
2018-12-28,0.005368024620348227,0.0067193439069176235,0.001069959094608021,0.006579312723788186,0.00723407135274108,0.005391693467785562,0.005417158414989487,8.28226598958165e-05,0.00019871747984684547
2018-12-31,0.01024397082174184,0.009469484612028803,0.010917398359150173,0.010967327821919254,0.009574953701790656,0.010165694746754697,0.010115868682339121,0.007315927693513192,0.009636021366066772
2019-01-02,-0.012238369093058421,-0.011921313603864392,-0.011536139675720647,-0.015188258667024002,-0.014047104926915965,-0.011288450664747707,-0.011285916739573132,-0.005605897701540963,-0.0014807974802735213
2019-01-03,-0.016648239190199088,-0.019676710408750474,-0.01623066743108185,-0.017061298990444285,-0.01767637985202233,-0.02061030704236073,-0.020548618936811945,-0.006720157001667545,-0.02459843373580297
2019-01-04,0.03483982137220842,0.028072561197500675,0.035273937787721824,0.0312198850933996,0.027983791413946277,0.03183378415523358,0.031709208640961474,0.0180833222400328,0.034573499478212144
2019-01-07,0.01052138968267365,0.010476233822637135,0.01455892867680123,0.01001012339091512,0.007997288797110999,0.01153629887728677,0.011472764054152906,0.0018875914211629104,0.008541555500570104
2019-01-08,0.008577445925815271,0.005729925806932017,0.010514246358393795,0.0063823226471689115,0.004096315556056196,0.004939701920296158,0.004919235900804087,0.012877236261406204,0.008711669532238477
2019-01-09,0.003396724834417586,-0.0006213450793651227,0.00027187077695554706,-0.0031966779010078115,0.0007019860603074608,-0.001090180747091331,-0.0011609070329999026,-0.006483356651106217,0.00573987367613777
2019-01-10,0.006110868281769111,0.009956316890432963,0.009644477109129034,0.0127880976357098,0.011259271311184474,0.010367292276588851,0.010355322494215877,0.010000860483812615,0.006716842615764056
2019-01-11,0.003182947995209385,0.00688981314755305,0.0035631934481918904,0.006361883072713158,0.003032354504906159,0.006085878191700698,0.006108297981667322,0.002234141907151469,0.0016437216124334433
2019-01-14,-0.011231727208999318,-0.010727458066371641,-0.009568692280599842,-0.009531390752656951,-0.008791558256867591,-0.00950944826908335,-0.009515830191073129,-0.007118715846469104,-0.005624540599240723
2019-01-15,0.012452894649851023,0.020430979674973097,0.013881580781494395,0.02250459645998784,0.021354740329957766,0.01934308204569041,0.019350831395961478,0.006236435883762154,0.008800734935231272
2019-01-16,-0.0007218327442024293,-0.0021647560037644066,-0.0006500055329268686,-0.0013499295688865149,-0.003043615063931091,-0.0015890869229762347,-0.0015120050311413357,-0.0056183590238066015,-6.51419613346371e-05
2019-01-17,0.006414917750083906,0.0017416471777461282,0.007007692184045886,0.005325473798734324,0.008560351998916027,0.0050901695017023215,0.00499678679179327,0.006744344947067106,0.009091171536757698
2019-01-18,0.003260128220480791,0.006503437146057698,0.0003412993503870576,0.0014263591568557854,0.0031416435139533694,0.0030271329861660473,0.0030093924152023977,0.008380178013175045,0.014625555499768907
2019-01-22,-0.01346408557363964,-0.003393229895641547,-0.010310604908276401,-0.0036819490243893195,-0.0054772433200857415,-0.0063795508818454165,-0.006296768191525989,-0.001965085709713824,-0.014202478494264157
2019-01-23,0.0014486850226209766,0.002805251938883313,-0.00016342713235564452,0.004627721990256252,0.005598465362238901,0.004045610462876116,0.004008819038189259,0.00745722001619651,9.560572688520472e-06
2019-01-24,0.001953168048839674,0.002953211577621452,0.0019914187023434247,0.002720134151879946,0.0032082056691859224,0.004647958986187819,0.0045396667957041635,-0.002136287164471648,0.006772409010012615
2019-01-25,0.004136850477806705,0.0021121428147351474,0.005359324591732975,-2.1744978883058698e-05,0.0008064358350133139,0.0018046984378173735,0.0017164762872354782,-0.0034836852653703032,0.009571190545518042
2019-01-28,-0.003920911092104718,-0.005758523330130546,-0.009502057819923481,-0.011562436248879832,-0.005079393279939481,-0.010260117850768413,-0.010248669809947245,-0.0026159924386808383,-0.00805713616580651
2019-01-29,-0.002521145471431419,-0.0051551750949447896,-0.0031669152008539387,-0.004387120701219118,-0.0015610624718011311,-0.004803602189179026,-0.004788345720169957,0.003310293714982294,-0.00040954733934416086
2019-01-30,0.019009269931258493,0.009771904244772183,0.0174836161768246,0.009307665852950368,0.011170208761977085,0.01035702096802911,0.010284892796476501,0.003072732712109468,0.015902136794423535
2019-01-31,0.015238661333153061,0.009084111739277432,0.008631315064155558,0.01072802765353375,0.00873323911729104,0.015907281512438826,0.015934344888917405,0.010128550703240527,0.010039286624842422
2019-02-01,-0.0051146392030892805,-0.0013935945084118076,0.0007795818402735546,-0.0012136351453704466,-0.00251738471529882,-0.000981847222841065,-0.0009695983429802948,-0.0008295516597170981,0.0028606886522849167
2019-02-04,0.007526094192544644,0.00625694656128278,0.007578037209558752,0.006598436920920683,0.008125994955156302,0.006696391353475913,0.006611131217759358,0.004831598126092516,0.0063981524200994915
2019-02-05,0.006426719792457891,-0.0008466862247105928,0.005560249478451282,-0.00011236574493804972,0.00010822183712428358,0.0005274227441739456,0.0004591553173069667,0.0005632618197895552,0.003824447903290713
2019-02-06,-0.005730388072444579,-0.001517613413572985,-0.0029287304081111027,0.001041544147818426,-0.0006662993624765254,0.001318790717082859,0.0013135842921880175,-0.001966290222908874,0.001543491682228322
2019-02-07,-0.001084401483893214,-0.0024449480250164665,-0.0060072610385618055,-0.001922302040584744,-0.0002408202418057509,-0.003244624075840665,-0.0032061426061233004,-0.00016585621251171513,-0.009311611613884265
2019-02-08,0.00393617959278384,0.003238197935182157,0.001827926343702272,0.0033400121342596475,0.0027742128417044456,0.0031243158584149024,0.003059684739310676,0.0034831243590802046,0.002001458076759059
2019-02-11,8.736521955188138e-05,-0.0033366371632504873,0.000299038094529135,-0.00218200718152157,-0.0003689132208999802,-0.003373393163349449,-0.003374727430426797,3.516510920989625e-05,0.002001934357928839
2019-02-12,0.01545032894265347,0.014378210885745273,0.01361084626506328,0.013348457930838126,0.0134083336882222,0.01423885359297774,0.014253463420874824,0.007164429252264906,0.013355610694896844
2019-02-13,-0.0023819224196685723,0.0009593808652451216,-0.0017318357631232982,-0.002554654503374461,-0.002584734501447565,-0.001061334994829582,-0.0010255662953027932,-0.0008029137925050126,0.0031553713507063625
2019-02-14,0.00011195108469836842,-0.0014996738079164518,-0.0019021679657733864,-0.001168205092693654,-0.0013588756350392482,-0.0013708547927149004,-0.0014054202950106475,-0.004743957611089872,-0.003010249774434346
2019-02-15,0.01124846911145881,0.0062687374463283535,0.01021200822574973,0.00514528775755946,0.008962267413317926,0.0072052235124044324,0.007149827133345998,0.009429867649514432,0.012479619862967911
2019-02-19,0.0009361974366482841,0.0009907337203552372,-0.0005035370706338647,0.0011021804651699086,0.0008561671557951177,0.0006288923252004378,0.0006222011286748645,0.0010807887806568175,0.0008635664902966642
2019-02-20,0.0017883241489524357,0.0011853321326138198,0.0014706888897911,0.0018739593497270877,0.0017032391272687277,0.0018642862250350613,0.001898426696502795,0.005189759746458267,0.003844230891561867
2019-02-21,-0.0015993862937748815,-0.0021725418961843924,-0.002628966784069694,-0.0020902623690148025,-0.002859498922896618,-0.0027516910496638686,-0.002734239394345991,0.0033010711440556464,-0.004176926230130756
2019-02-22,0.009343245862645939,0.005431969614425501,0.008597843900467242,0.008822525006836907,0.00698509080237979,0.00717770898909057,0.007181510776923506,0.004831990879225254,0.007461107833562529
2019-02-25,0.00315098101093467,-0.003183537845806755,-0.002059319963600844,-0.0035278932961987507,-0.0031639678514185543,-0.002886522987946434,-0.002882441510970874,-0.003797238911614727,0.0012826866034342916
2019-02-26,-5.108599364220095e-05,-0.001403478140322815,0.0010360288546110345,2.6181425890169946e-06,-7.789877247604056e-05,-0.001306853371691734,-0.0013117936242268522,-0.001245852737066411,-0.0013075782584512923
2019-02-27,0.0003625154271633468,-0.005153066068791269,0.0038960231083961477,-0.00090907943777419,-0.0031195920889579114,-0.0026700319033039115,-0.0027056930515504795,0.002467352959084016,6.507873198478996e-05
2019-02-28,8.81598435551773e-05,0.0024126595936964654,0.0005559359530032241,0.0018938888622066763,0.0029884200774978518,0.001835480196371455,0.0018685099296686311,0.005591351772163084,-0.0021296310907424937
2019-03-01,0.002677169386680796,0.0002725797079526994,0.00201391194918987,-0.0009382624791725051,-0.0002914014005463282,0.0001307682832229098,9.961317251872063e-05,0.001434084365013798,0.0063375298836516915
2019-03-04,-0.007678206787389724,-0.009626071389156356,-0.01081830529566697,-0.011767716258686105,-0.00869496298239483,-0.009381981775421575,-0.009410259710744684,-0.006508849109216024,-0.0050546533455385935
2019-03-05,-0.0010117088229647548,-0.001244796943835565,-0.002908369767712042,-0.003564877269031257,-0.0005959853949471049,-0.002639656271516641,-0.002674211296623473,-0.0007265414606471465,-0.003210402785304109
2019-03-06,-0.004643613539785064,-0.00462836897007811,-0.00469387056551929,-0.004687472565977816,-0.006065929622439182,-0.006366789260535561,-0.006367173073654492,-0.0019021945448967066,-0.007272050546241308
2019-03-07,-0.008365930482205991,-0.007117776172085552,-0.008333416501208727,-0.0054635027578105915,-0.008269681320361513,-0.0071410291092949985,-0.00712200275185439,-0.0013929720513128855,-0.006428155374770496
2019-03-08,-6.20891253849061e-05,-0.002816811950515953,-0.0026828456062429583,3.3112600947193786e-05,-0.0015520984940931475,-0.000966823798598249,-0.0009839492351708585,4.506564913133139e-05,-0.001957383824466911
2019-03-11,0.014364084714375527,0.010683330300468145,0.01604700626251074,0.01281141587211937,0.01142005625567158,0.013266801001810258,0.013200470522322129,0.011009206437073704,0.013990170194070613
2019-03-12,0.0019389967930402094,0.0030049258702708327,0.0013939163566844366,0.0012177941205776983,9.802977992723817e-06,0.0010081169264398967,0.0010232491808780644,0.0035284571053933404,0.002047742179992895
2019-03-13,0.004011555721253048,0.0042282722578847656,0.0065441434438045345,0.007887175539516055,0.0063744672489603055,0.0073811349753484376,0.007379154960827639,0.003642129636101428,0.006957262364813366
2019-03-14,0.00015117200862880292,-0.0027012388804292502,-0.0006985224792131769,-0.003655780993775202,-0.0036102611669325624,-0.003316462006355377,-0.003314803814534449,-0.0033210732789398867,-0.0006609090936815722
2019-03-15,0.004287668803379873,0.00832334584845725,0.003072679900085016,-0.0009220185131652076,0.00515276873754827,0.004724526695283621,0.004721087697984479,0.004602723727097281,0.006030064155356851
2019-03-18,2.3372004860653447e-05,0.004766581506551345,-0.00022201765949827557,-0.0009157786040414554,0.004425283119782417,0.0008396016417538655,0.000904571774943673,-0.0018113466468997587,0.002992640580944368
2019-03-19,-0.0031175586548131597,-0.0022280359344497777,0.0007047090159751904,-0.0039617520592557616,-0.004919826002093579,-0.0015732972706771783,-0.0015838105226033058,-0.003480658870438341,0.0006473283425830025
2019-03-20,0.004884394479540776,-0.0011376265555776025,0.0024911985945593857,-0.0013534783223024239,0.0001764970825586155,-0.0005938862602822443,-0.0006567934964442222,3.729801393620282e-05,-0.004714701375365203
2019-03-21,0.013654233068522455,0.009673107929749594,0.011726873539348221,0.009527655784447283,0.010036055641865905,0.01039031225111039,0.010310587936360688,0.007986728564273498,0.011795683640790495
2019-03-22,-0.015095693516697236,-0.00977500081258953,-0.01755807602729164,-0.010863373234645183,-0.011656330743967045,-0.012777746840098284,-0.01273197052318162,-0.0021665593854729203,-0.01886830150746449
2019-03-25,0.0035405229324781446,0.002641007669354342,0.0012216236808587086,0.001529953756681516,0.0029316272875161134,0.0007660719321121007,0.0007836952661547346,0.0009071852106011659,-0.0005473367603718463
2019-03-26,0.003561352028913822,0.002337627845312984,0.00474465982679982,0.0018343701603209845,0.001514116330717406,0.0017607095361199087,0.0017104091660986097,0.009462425412697177,0.008129971512937078
2019-03-27,-0.002775977241309793,-0.0061466881963418065,-0.0017082142594983312,-0.006992247632189393,-0.005276803536427029,-0.0055696541688708325,-0.005620153414061892,-0.003852716345042366,-0.005343198382070614
2019-03-28,0.0019100246482879947,0.0013006741072648707,0.003417348628332749,0.0008850290243773461,0.0013790300424373592,0.0014048001190044173,0.001395422357893125,-0.00010364942767785484,0.003755618770030593
2019-03-29,0.0076719112306926854,0.009233293616752802,0.008717791893063011,0.009169136845252735,0.007843825742520261,0.008087893749849601,0.00811089948693029,0.006640477029861956,0.00843600608522412
2019-04-01,0.00589513267696056,0.006170527669232305,0.00927673724944444,0.005311341063017972,0.005653597336594139,0.006681644136484499,0.006640957876113639,0.0007433234409382884,0.012912876884700789
2019-04-02,-0.0022682096410423973,-0.001618111724630232,0.00039361954004597896,-0.0004915885942982226,-0.000565406969230265,-0.0011037505398684062,-0.0011032529778304198,-0.0010914637331823158,-0.001138528905277766
2019-04-03,0.0021128442308126147,0.003914575541845636,0.005498371477929799,0.0008475129735892552,-0.0010144087836645934,0.0019200205847158384,0.0018948254746587526,-0.00039992237619661486,0.0038765252632268995
2019-04-04,-0.0017000354459536884,-0.0028957010753315254,-0.0031877243594306335,-0.004674925710966041,-0.0017303822397412905,-0.002625531872849992,-0.002601019822950145,0.0001431260822296524,0.0006425819047662257
2019-04-05,0.0068042589453401895,0.005422037957286356,0.005635092771946672,0.006767809758890242,0.008073001927175099,0.007303127301043024,0.0073159442453272295,0.005532047442742522,0.005327234362532709
2019-04-08,-0.0029740586247027556,0.0006867512875863075,-0.0012200381706795917,-0.00031364492827757636,-0.0015194269242395414,0.0007723970370307785,0.0008435059592291993,0.00018469104444717309,0.0004610118606287136
2019-04-09,-0.002214760053613106,-0.0028593775567572624,-0.003280969444842507,-0.0018536783175851748,-0.0019296751681822425,-0.0025714635722246847,-0.0025922188286118847,-0.0009806690704945386,-0.006722093999391163
2019-04-10,-0.0002017898221752909,-0.0010857622368911875,0.0021559949719977514,-0.0010589075358656515,-0.0018303311992178871,-0.0016262400799597941,-0.0016003800642830457,-0.0004538909340346379,0.0032779046853416587
2019-04-11,0.00040431151976924086,-0.0017754745277575436,-0.0030826371049295777,-0.0026625998721006303,0.002113303428120184,-0.00032854483416707727,-0.0003481275694914203,0.00011489475019225783,0.00047397830107230246
2019-04-12,-0.003189509875783767,-0.00033479632756723484,-0.001872772686140137,-0.0030023372919215532,-0.0002486080725813073,-0.0013533079594897515,-0.001349023205335604,0.005649836653712615,0.006330262484171323
2019-04-15,-0.0002416436846670567,0.005428858837979352,0.0003849960439179951,0.003309550302224596,0.0004708672938871166,0.002501519583185255,0.0025610514342695213,0.0045768554937429436,-0.001078298260870406
2019-04-16,-0.003487987253647378,-0.0009070952680026473,-0.00082711755835718,-0.0024139194311005143,-0.002184396527019272,-0.0005075200709474582,-0.0004984546295054811,-0.0033517661438121227,0.0024929868062317667
2019-04-17,-0.009016352598274078,0.0006658656817781457,-0.007384268931560765,-0.0023393184366986694,-0.0053076057478923504,-0.0005686022437692728,-0.0005146408688428766,-0.001645039015249814,-0.002722212418833051
2019-04-18,0.0031383856481386665,0.0020270681412561742,0.004322281149087783,0.004440013857047693,0.0016184630941963429,0.0034478044691073394,0.003451925229871217,0.003505720680885546,0.002208853385480058
2019-04-22,0.004270577340027628,0.0042256734172685505,-0.0007936539386401213,0.005905475785228226,0.003951779117613628,0.004814575176075586,0.0047833036694507345,-0.0031836779886403035,0.00032950587203344546
2019-04-23,0.008776169138014411,0.006682893167384025,0.008933501468096117,0.00921967073170698,0.01040767932658517,0.010045710009615268,0.009985431170814317,0.005729572383196983,0.008491912086636457
2019-04-24,-0.002575228051572349,-0.0018236281663698557,-0.0007144499727874978,-0.006381926886484145,-0.007191283344542197,-0.004597594660885114,-0.00454934870091992,0.0004970763589688831,-5.083029466666535e-05
2019-04-25,-0.0042585793922587925,-0.0013653933647742146,-0.003766331443283919,-5.416814402772396e-06,-0.0028281341660164826,-0.0004827127077662382,-0.0004540359911501833,-0.003095209248662827,-0.0028632014072812787
2019-04-26,0.004488957266212008,0.003693837507281714,0.00034917195520014203,0.005247405102922154,0.005784830445680587,0.0044722381200030335,0.004526235740049654,0.0035298774392962815,0.004520990238312695
2019-04-29,-0.002451274422321127,-0.0013549842546589994,-0.0033180800632906177,0.00022153595215406143,-0.0007477347705706657,-0.000647706737113256,-0.0006459609314208965,-0.0014228608882445209,-0.0003572316142038675
2019-04-30,0.007088475104831146,0.006271177886628826,0.0036007063066423655,0.006444669259580008,0.007910770532476116,0.006277266877365413,0.0062220300583857545,0.012435601619517496,0.005995583769588357
2019-05-01,-0.010470654483468587,-0.008168882867344988,-0.011467485496439824,-0.007454913228259339,-0.006069618240881301,-0.006993539100759744,-0.007005893183080271,-0.010010357232076699,-0.009618814143600565
2019-05-02,0.003411135976788646,-0.002322492864920071,0.004068456978907698,-0.0013976872873137963,-0.0009998574163920745,-0.001332878757307618,-0.0013599797393122736,0.0030304350618879554,0.0009675202197465926
2019-05-03,0.008628009409626242,0.004922096227406584,0.00947062402170669,0.007084923810722246,0.0068525725522560815,0.007316936088544075,0.007267113969140585,0.005875743540108757,0.008696512927383496
2019-05-06,-0.004797629968658912,0.0020032945539448627,-0.00013038323007001472,0.0021378207063426236,0.0015414981544717805,0.0012790498513857284,0.001338535260208933,-0.0002994798080994725,-0.0049818021193470735
2019-05-07,-0.018483003836663157,-0.012684594048065012,-0.017234442405997353,-0.011289479181926885,-0.0127886827766227,-0.011946334230159313,-0.011868858713895963,-0.009202415587927368,-0.01759265556337156
2019-05-08,-0.0031429532972245644,-0.0034618937616462384,-0.0015673607672392384,-0.002801362506359555,-0.0032700652069641463,-0.0030902471188113175,-0.003070967529524381,-0.0022216447518313732,-0.0017689020845281065
2019-05-09,-0.002633140617396269,0.002331388684846847,-0.003915231332231799,0.002621981026547822,0.002686833413194078,0.0024311535442764166,0.002482707156793413,-0.00036800554268092057,-0.0020447953480261924
2019-05-10,0.0015708944543160398,0.008298338723962745,0.004520127261183583,0.010958454225724364,0.008582828117587437,0.008082852626337894,0.008145302224821195,0.012991091755143703,0.005437796567628757
2019-05-13,-0.01645783110142401,-0.010943332152186975,-0.02127574418458687,-0.009864495334161952,-0.012430112363343125,-0.013624705034007416,-0.013516001578566613,-0.002129482089663404,-0.024120576103475996
2019-05-14,0.005787655516738609,0.0036919469481075232,0.005771984141853106,0.0024034107667834474,0.0032060067634198846,0.0049821897994756625,0.004920356754169949,-0.0013448252277645709,0.010453925024515295
2019-05-15,0.006228964554056933,0.0029832151453065155,0.002991763569925358,0.0016187475838237914,0.002393797518455408,0.0021395894160502766,0.0020808616429448847,0.004664071917779513,0.005227894791001772
2019-05-16,0.008714816529774653,0.004726620512434138,0.00792284717541124,0.010749695681550184,0.009775493114992246,0.00875124824276194,0.008702880643591256,0.009524992566034448,0.008068687597561476
2019-05-17,-0.00248701222987188,-0.0004781337698265612,-0.006679912724423881,0.000611966602223384,-0.0006164749360616784,-0.0006058422913072694,-0.0005347714908203027,0.001964108677726867,-0.0062906028527704655
2019-05-20,-0.0060591977425495,-0.003610726806665735,-0.004882873959055093,0.003217225210549001,-0.0008253060576037383,-0.002720147037579861,-0.002632160956457087,0.0013531948074948746,-0.00781476545917182
2019-05-21,0.006907410900719926,0.006245360198762938,0.00870255835771588,0.00682213100988331,0.006609619054752389,0.0066984739726043815,0.00667285055653543,0.003116012391357779,0.009242587747251532
2019-05-22,0.006661036000583338,-0.001440313919252488,0.0019118376538657844,0.0024766728596340598,0.00377198200251207,2.4015259988238582e-05,-1.2668838462874604e-05,0.002301079776650291,-0.0033254794765800893
2019-05-23,-0.0028262710437757044,-0.0023547299616499063,-0.004394066575529126,-0.0035451678920255967,-0.006200141065240745,-0.004506065457831552,-0.004405903246332811,-0.0008185408161326181,-0.011051239418866201
2019-05-24,0.0018040959356351073,1.2439552728339649e-05,-0.0019436217248646054,0.0007525003723257876,0.0008223515318554173,0.0003703930274176359,0.00038059402228434786,-0.000928249965750559,0.000691737805667265
2019-05-28,-0.009546110486695769,-0.00750915246566059,-0.007585238145324214,-0.007693634797449534,-0.0076271336992590226,-0.006410480676634146,-0.006442381421609217,-0.01024778448913544,-0.009372368831467321
2019-05-29,-0.006672431640505642,-0.0030038401178559674,-0.006556488011685487,-0.004948110523763224,-0.004286757012182428,-0.0037964621031003026,-0.003744367732057866,-0.00671020515830795,-0.00529313924929252
2019-05-30,0.0035823537910454244,0.006260626062488894,0.008103094888519043,0.005736467308823122,0.0065340717116694575,0.005699251265608469,0.0057268563833379775,0.005756101350158632,0.004287620546535338
2019-05-31,-0.010267565953058742,-0.0048070762195974275,-0.008373424910361731,-0.004773458569116203,-0.007597191296340169,-0.006604035352535315,-0.00653639627026431,-0.00801210580041584,-0.012528988949158715
2019-06-03,-0.0012107931292127596,0.0007651148643826873,-0.004832758174173216,4.861504857369122e-05,-0.0012277786039357641,-0.0006682837119584211,-0.0005373308325071465,0.01161332236667642,0.0015721912480589479
2019-06-04,0.017525818940458796,0.017508914118149175,0.019551439433100636,0.01596856890026605,0.016711811380397505,0.019340746388928107,0.019204575078820472,0.005817163405583812,0.02306123720993416
2019-06-05,0.015895182956829755,0.016242241896360563,0.013588886353984109,0.01821006808254849,0.016323777678751754,0.015562940598170795,0.015564027235066958,0.012468606518749854,0.00882963723499188
2019-06-06,0.009763841485903955,0.005981724313282615,0.010446802708204755,0.005100699468132733,0.005227367600423052,0.0066409859108331115,0.006589349181811943,0.008157072112084447,0.0066312746831300624
2019-06-07,0.008701076667222668,0.006095574142194676,0.010407513997656048,0.006630657445493073,0.006814058875355773,0.007597688006108836,0.007605726333229949,0.004479457256439712,0.01045597797611719
2019-06-10,-0.0002432157249068526,0.0002478217110115403,-0.00045912468701843676,-0.0027288142471289124,-0.001193917937907262,-0.00018976587551829577,-0.0002097250540432437,-0.00547068046031872,0.004907547874024927
2019-06-11,-0.002848738654418807,-0.006927976385109895,-0.0013965988217489018,-0.0111591969365816,-0.010276605933197692,-0.009059101558033838,-0.009096748526195736,-0.0007629538025692059,-0.0019772825828951388
2019-06-12,0.0022713687088428153,0.0009839255641742822,0.0001514702273957909,0.0014769615276692297,0.0034081421926530635,8.549970508874905e-05,0.0001091292220292533,0.006735734077203518,-0.0026547714531619236
2019-06-13,0.005886139740506188,0.0010211536691623903,0.004376144991257788,-0.0007637786354899246,0.0009496118092581179,0.0008757683426131356,0.0008668009816721056,0.0007756634460600482,0.0036556342008596063
2019-06-14,0.0015982344138260683,0.0007483789353537558,0.00010042079740524099,0.0030019485488731877,0.000808265523330936,0.0004968431105096092,0.0005293698717190713,0.003949714013886491,-0.0035565732525551764
2019-06-17,0.0030166127819607888,0.0010573346779370351,0.00284154943754255,0.0010050741475526967,0.0009612672598184783,0.0013587690304096693,0.0013180154744169537,-0.003321362464755831,-0.0012021108863117193
2019-06-18,0.002633491098275708,0.006185465877780745,0.0055811423019055,0.005107066155518844,0.006435487289326127,0.006943132417881656,0.00692785236763608,0.00037742817159080246,0.011916345181200994
2019-06-19,0.004786100178413493,0.006755012167330962,0.007510520544586754,0.01017179850059466,0.00653889200095171,0.007865684355874371,0.00784424689573951,0.0032199906237557504,0.004622428278059065
2019-06-20,0.007584829030240864,0.006462571511190521,0.006193050017962234,0.006824717448815575,0.006517239944422481,0.006387977767147047,0.006350290560023569,0.008335346652194993,0.011266856933607707
2019-06-21,-0.0005664039984523307,0.00021967873460249565,-0.0010428208841450305,0.0011757981370447358,0.0009474522337748647,-0.0008308435618392884,-0.0008169905062427641,-0.0006834531325466586,-0.0016732154341645177
2019-06-24,-0.002048960570798622,0.0011520472478463975,-0.0005830793070291893,0.0025569116242173716,8.680118133473896e-05,0.001966029547013704,0.0019893441530138734,0.003426242712819784,-0.0021574667701870264
2019-06-25,-0.009468963913414173,-0.007752891128670293,-0.007897663701866477,-0.008837312395184904,-0.007821002521231366,-0.008074883837484066,-0.008037928535153963,-0.001196260031206962,-0.008442786175107417
2019-06-26,-0.007245816991825851,-0.010105178532112942,-0.007280453514598572,-0.012133602109782359,-0.011499860880793323,-0.008793283846750018,-0.00890044014205621,-0.012265537870874735,-0.0005561485709182542
2019-06-27,0.006708149705582097,0.009390301574469887,0.004451127157122376,0.009806122510018741,0.006834779287357493,0.009499689502109967,0.009502733932924792,0.0045131681866790625,0.004845798104552134
2019-06-28,0.0029354699096167964,0.0003399899999312124,0.002443126620806771,0.0020178551712538295,0.00329267720436939,0.00278326847490731,0.002748730083064812,0.003242798416165935,0.005792160813205467
2019-07-01,0.006311211365001067,0.007996855448085165,0.006871604713922373,0.002705470362504323,0.005502550200614667,0.005549905774592496,0.005511090661545013,-0.0008892940067658321,0.008935696031203035
2019-07-02,0.007100354623926691,0.007001153178962639,0.004923545500651812,0.008670596608519179,0.010289262975137535,0.007373122219103894,0.007400073379354447,0.011284508044236353,0.001421756152307862
2019-07-03,0.009725518654447986,0.005613613185820601,0.012144102541618523,0.008935394392422009,0.006283156006425691,0.006314216268759247,0.00631986641942251,0.010098844703794404,0.007351720990031904
2019-07-05,-0.004129564952796537,-0.0012672712696082053,-0.0029822219942715264,-0.0012289734702067103,-0.0009935994050549457,-0.0010190379045757645,-0.0010037813071365016,-0.0035472705709589454,-0.00238327291881515
2019-07-08,-0.0015803216135848541,-0.0018187607871302859,-0.003801680691038731,-0.0016382464990803403,-0.0031292560514579975,-0.0026733930829644027,-0.0026355466176891597,-1.8258549644043482e-05,-0.0039951096345470566
2019-07-09,-0.0016339334512233405,-0.00012503126930405597,0.001283319001773669,0.000944211370580942,0.0013513270474999003,0.0008551616267606938,0.0008336684536320003,-0.0008709580990118222,0.001641124224759603
2019-07-10,0.0036359619783562294,0.0033558917667652795,0.005160257555344454,0.005442506831545423,0.0045653166012246576,0.0046692136584383205,0.004687075582986053,0.005795251530658362,0.004196525845712704
2019-07-11,0.005957452839107761,0.010091612515928727,0.006572126035606481,0.010062499884241821,0.00768711327537569,0.010224633641303826,0.010283484126756911,-0.002089039014215017,0.003805363895623364
2019-07-12,0.0021520202982845743,0.005694472181488301,0.004649310775270977,0.0015446208643510322,0.004582415687845159,0.003989018086480849,0.003999086165966692,-0.0017071311415070354,0.006594847421582105
2019-07-15,0.001733870815394165,-0.001019721322035274,0.0015823497585829703,-0.0025207778150226783,-0.0015650404218824415,-0.0016152650808717206,-0.001641824485045719,0.003786956623901958,0.0008386734021649811
2019-07-16,-0.005524566861000314,-0.006453833804468251,-0.0034925259157064475,-0.005705682411084164,-0.005677116088405387,-0.006164904227472551,-0.00615606348412917,-0.0034145486186412254,-0.004229100018995153
2019-07-17,-0.003026486712571696,0.0009392937609935468,-0.0006997347075019479,0.0038741866397065147,0.0012849874229973195,0.0011986405387180146,0.0012114972895841821,-0.003214528906108,-0.006068869280615623
2019-07-18,-0.0011013675393626867,-0.006344178046685301,-0.0019735414311373824,-0.006224750536518329,-0.0016741459701739095,-0.005427890530778612,-0.0054674745002700805,0.002880602710494904,0.005939822555353697
2019-07-19,-0.00913873434898827,-0.009556301682931206,-0.009905495077706316,-0.010032379007636717,-0.00941283081447041,-0.009160615682701106,-0.00914808152537628,-0.00983984939804295,-0.006316531448510111
2019-07-22,-0.0032834104511852325,0.0003816305601913074,4.489002673069931e-05,0.0008406740359191639,0.00022480716021989916,0.0009588710229886937,0.0009717156131402089,-0.0006652883092080857,0.003134129735776945
2019-07-23,0.008706287108071491,-0.00030812010875381053,0.006277628453242682,-0.0016239476170072814,-0.0007425858905751482,0.0012318226474997613,0.0011743185413564628,0.002607741480969501,0.007795553336362818
2019-07-24,0.009876075354867744,0.004486909402545358,0.004436847568154824,0.0071492256797705735,0.013806633708265834,0.007919214562693485,0.007847082573580967,0.0011016466881496353,0.006463536475388995
2019-07-25,-0.005398505524387824,-0.0033409332015393763,-0.006377165301765418,-0.0031844214241173396,-0.004226142238328613,-0.00429874570467961,-0.004324952233243702,0.0009653358146609635,-0.00524242863713517
2019-07-26,0.009259420121220135,0.0074661810819735335,0.011432858861597077,0.00651879868634082,0.005835647409039785,0.004938624771566395,0.004805773812331395,0.008017707016299171,0.005097772642359639
2019-07-29,0.004655532174979676,0.0011941234875360567,0.000518113620629931,0.0018618144574047626,0.004836160937564124,0.0008992929574010871,0.0008313006364260735,-0.0003250884043400158,6.0281547062592114e-05
2019-07-30,-0.004468642979241148,-0.006220500054613075,-0.004872536289044231,-0.005391406670984842,-0.006971787912475139,-0.005169094003343023,-0.005178204795286686,-0.0063293325152108445,-0.0020334004504286357
2019-07-31,-0.010762170804331015,-0.014925282253652066,-0.008442841808586095,-0.014424618913318149,-0.014499700366547453,-0.01517288196838811,-0.015250438992347303,-0.007667522582160008,-0.01378763273267541
2019-08-01,0.0006321996707016138,0.0050650464794851115,-0.0031633801174005536,0.005743765837944421,0.0031839130640253406,0.004294456247268483,0.0043935588646924605,0.001426078139474563,-0.00876862710371817
2019-08-02,-0.003603485555376202,0.0028882729016031076,-0.001611528092718991,0.0032620425582362976,-0.0009849533656289522,0.0017075161177783614,0.0017948814912202575,0.003111458220353083,-0.0067921399801093565
2019-08-05,-0.026703366255411597,-0.02330916780805419,-0.027831506220024053,-0.020288638930268433,-0.018094159744427088,-0.021950837058801315,-0.021868886047823936,-0.020032323903775306,-0.029946812613049767
2019-08-06,0.015524933768724788,0.017427836543767106,0.017020136351236146,0.020844219194335635,0.019888318950441655,0.018285509630152148,0.01831282140068565,0.015139671870977837,0.015187063270808905
2019-08-07,0.005317317784514575,0.001814870562803911,0.004917800887918912,0.004257434152573167,0.0054203222463197025,0.0030457252728934483,0.0029909348582283727,0.008228287007478935,0.001955943544268439
2019-08-08,0.017985549190623073,0.014129751590767353,0.018644653016158964,0.01538145868749835,0.015081870182438598,0.015305008154205517,0.015296050919076341,0.01202346311385115,0.020844187844909778
2019-08-09,-0.004728728982758005,0.0044042976310461005,-0.003343803566699079,0.004202935312337093,0.0030839200055661326,0.003196236395426389,0.0032791017091920735,0.0011640766582755408,-0.005481943687721294
2019-08-12,-0.010469654532863238,-0.009850141031445854,-0.012264783395106171,-0.008864081845819206,-0.007508922925958611,-0.008945750412023461,-0.00896446680053754,-0.0036836054607208004,-0.012558655351199542
2019-08-13,0.012395462810842193,0.009451878886839538,0.013327440102180418,0.0069578123598339784,0.007839320411318284,0.008667758245975645,0.008636688225802784,0.0034453791937737537,0.01529195772613126
2019-08-14,-0.024304227833913197,-0.024268238705135618,-0.025936077067490293,-0.02334710180868016,-0.02266440412568738,-0.023361727093190666,-0.02332267187416886,-0.01625958067995,-0.029058655060609184
2019-08-15,0.005038323049152474,0.007906726782505487,0.008472630116030064,0.009939693523590904,0.00901263311543458,0.008633141855852103,0.008632378517993443,0.01084009205403581,0.0027620366535235624
2019-08-16,0.013598607464117018,0.008325240103484358,0.013217235127518203,0.009269622073747005,0.008916626716947852,0.010169006340003976,0.01010680824288925,0.0079151649941379,0.015827844068199145
2019-08-19,0.013307180557408853,0.01172139427773137,0.011755734001804494,0.011566457675332632,0.009486012846187922,0.012326382643804713,0.012332299866833148,0.0076453908295121345,0.012767301697608625
2019-08-20,-0.0022748506435998094,-0.002839782219673042,-0.006961172433049933,-0.009936712566569549,-0.005865199639665099,-0.005668853152230807,-0.005694337031853198,-0.006936347875212468,-0.007021301315958878
2019-08-21,0.006684988170066013,0.007122590807340942,0.005670381937626774,0.0034967892197676864,0.0041340358516999435,0.004968951267450055,0.0049441688595695385,0.004820776325810184,0.009227761671061345
2019-08-22,-0.0027464338538261924,-0.0032725333274683014,-0.0018953643688648216,-0.002624232410688628,-0.0011569511101999928,-0.001954615949763479,-0.001991503740290564,0.002578700101847041,0.000841538965820783
2019-08-23,-0.017853244508740786,-0.015126904258502964,-0.02128901558850045,-0.015942980335383737,-0.01755258991135822,-0.017212144667064118,-0.01712370796690909,-0.01685818577765341,-0.02616388461630829
2019-08-26,0.00874390151688015,0.01016952141182548,0.011707494597589312,0.01208331198520841,0.011796805564536692,0.012075420128004413,0.012059467413791663,0.01068858373796014,0.01074847732432714
2019-08-27,-0.002248907611177441,-0.0024335738969730653,-0.00228994460401755,-0.002680557703328358,-0.0032032801616516293,-0.0024354023189579917,-0.002446484728802812,0.0013967254617553455,-0.0014768154315065328
2019-08-28,0.006424687146062672,0.0033463507908795065,0.007196127073874642,-0.0007715034124019266,0.0015275637042772912,0.0014671076885689922,0.0014857529815321692,0.005230788088156563,0.006710636230009148
2019-08-29,0.008859463602432746,0.01014806476813217,0.012763124360383096,0.008335840850946193,0.00896942761606107,0.009548255676841227,0.009519962945515699,0.006460143423685612,0.012843172139560573
2019-08-30,-0.0026586667960081856,0.0005143519704188835,-0.0006397212992575441,0.00032718118627634614,-0.0004673906043467659,0.0004444728355502574,0.0004900743620349337,0.000577557312751593,0.0012803687525222986
2019-09-03,-0.0006591021286380744,-0.00024539117556605277,-0.005031236594655291,0.002542411553014739,0.0016993715314478771,0.0010833870732607014,0.0011288072320932907,0.004459708677087255,-0.006910484966920051
2019-09-04,0.0038072770323484936,0.005702860451856075,0.006683256364812839,0.005293887740308668,0.006108626419221021,0.006874966370331059,0.006878584006243185,0.008071026907644871,0.011959688868102673
2019-09-05,0.005815385070159104,0.001865850997403901,0.010973970591842942,-0.0009536958417440362,0.0017597268151487901,0.0021409129451159976,0.002048033152009722,-0.004193965509317457,0.013298688476824166
2019-09-06,0.0028394049527531093,0.0033749787711263145,0.0009775929884374595,0.0014717198088982956,0.0019834148964821535,0.0026893211724851544,0.002715762192633895,0.004970909180544376,0.0015810414429921118
2019-09-09,-0.008914107024035632,-0.006943763407343689,-0.00874077574467483,-0.01194561075701474,-0.011682941536370872,-0.009877654096489772,-0.009894321629301752,-0.007390253596112601,-0.0033760158647530175
2019-09-10,-0.006912626103303767,-0.01442630029339618,-0.009865791672390064,-0.01600021113212551,-0.009862328591197072,-0.01208094907283895,-0.012159152551436658,-0.005927110391119331,-0.002821545245234064
2019-09-11,0.005771447660254781,-0.00016467121933207935,0.007015340953114319,0.003075971308044488,0.0038619064969314873,0.0034447231437874323,0.0034168590132880963,0.005111803101453849,0.007214589038604215
2019-09-12,0.005035138440362554,0.005105847695041536,0.004181164162524066,0.0049312856550585,0.004684824849008718,0.0055328657255838765,0.005504301866828523,0.005649920478373215,0.0028377608788757113
2019-09-13,-0.003550593472518589,-0.0033852666174775947,-0.0031844350773238207,-0.0020422640352750657,-0.004411447940166064,-0.0028299866432919965,-0.0027917890999665596,-0.005320381362611395,-0.001103485968415631
2019-09-16,-0.006684099353408419,-0.0008093577279905478,-0.006461105356552536,0.003871823195993291,0.0011231148744720995,0.001122886903500732,0.0011242065913150748,-0.0059837789539651885,-0.0040594262912714415
2019-09-17,0.010287624561474562,0.013610543888863855,0.01078356162310923,0.01585841880132709,0.014768300816391062,0.013589972660899277,0.013648409308849009,0.008708316443189605,0.00477601711159034
2019-09-18,0.0019619262875877987,0.0010962558320256053,-0.0008478859871348608,0.001902529691505835,0.0014430749963251397,0.0019684063681468206,0.0020017104053034144,0.0019426967236897267,0.0007438385414783717
2019-09-19,0.002837131970079577,-0.003863497456578294,0.0005749538503851312,-0.0033081528563838358,-0.0021423185840411148,-0.002948028164179042,-0.0030061368072244947,0.0011812354440289006,-0.0007654486055604785
2019-09-20,-0.0037601838469440837,-0.006586171594741828,-0.006018914013400283,-0.007347648223873132,-0.00597973238786199,-0.008825694430035759,-0.008784324387788584,9.488838975366789e-06,-0.005305007031193436
2019-09-23,-0.0032969695646113345,-0.0013469137984169787,-0.000581207879793467,-0.0015342436096481818,-0.0007078262452050235,-0.001376448656032255,-0.001389866858655106,0.0010528515546916596,0.0007614549612514281
2019-09-24,-0.0050802637774358785,-0.0029435452987334305,-0.007610735428845636,-0.003549055802026747,-0.003605656371604625,-0.004392124530437305,-0.004324818887218811,0.0020099496193696086,-0.007696203186403656
2019-09-25,0.005012510410320226,0.0018808981187973682,0.005383306487378412,0.0054722498206626665,0.00502037270509758,0.004620288739749545,0.004577290052243758,-0.0014672393932668006,0.005846038995547875
2019-09-26,0.004208416989551745,0.005137920048817946,0.0038142261310151783,0.007922227692468505,0.006494502716029833,0.005389036767043749,0.005373820398022855,0.0021517261829341982,-9.168480968001947e-07
2019-09-27,-0.007624327376757031,-0.006281364300250231,-0.006902373830160603,-0.012259544057074283,-0.010641210682063518,-0.010397588858625347,-0.0103428157790562,-0.002305741466838881,-0.008773454375112646
2019-09-30,0.009816684149548147,0.005156434789949603,0.007754060773565225,0.004397717492607323,0.005920068685899395,0.005599725855180009,0.005555530817977818,0.005095467657963362,0.005665755352870401
2019-10-01,-0.005124012606832786,-0.003124931520132143,-0.007300420112953481,-0.004317250582154677,-0.00577898691591094,-0.0048479684056299726,-0.004833738685557296,-0.008302242135567529,-0.011973227315123063
2019-10-02,-0.0165172555961072,-0.011922794344460655,-0.015407017114433057,-0.01082992934599272,-0.013022556538650525,-0.010858487080712085,-0.010818466791540972,-0.012126903884721698,-0.017335083525674925
2019-10-03,0.005546617736355445,0.004903458181779315,0.00690434810455477,0.005422432937803376,0.005710964514068225,0.0062924760315362345,0.006234815485470917,0.0075514176618042455,0.008809468146010295
2019-10-04,0.013699521620774818,0.01773910644764378,0.015119523472737768,0.017300806720622813,0.017351073624409977,0.01756712207454954,0.01758391821099109,0.012013172028784132,0.015604830280663512
2019-10-07,-0.0034917744908282925,-0.005694050595420546,-0.001769026868981203,-0.0026648701483644793,-0.004435080864884863,-0.003179819788111047,-0.0031953483335179925,-0.0028832847369635087,-0.004724562564197994
2019-10-08,-0.011513836179832706,-0.008658148876768508,-0.011881701052240087,-0.011364221360959546,-0.008668184371451093,-0.010558755724159374,-0.010506476097730168,-0.008682892139956667,-0.01781694265412145
2019-10-09,0.012356551081527941,0.010374668083291507,0.011100422542745793,0.009394951584723185,0.009688056307466554,0.009977560645802424,0.009963019337501705,0.00714880202693302,0.010852667307769709
2019-10-10,0.007525501915109251,0.007601268994378476,0.007889793965822936,0.0050841026241278,0.004416386284789122,0.004663377344966132,0.0046769568558637335,0.003312782641501881,0.006649720126171523
2019-10-11,0.0009780141230644307,-0.002580652566301065,0.0019930549845463058,-0.006788228294605496,-0.004668701714641732,-0.005076489514193892,-0.005147263242158354,-0.0024641948331007224,0.011257020013806438
2019-10-14,0.0009220637067961666,-0.0004931490474501076,5.4610366677653085e-05,0.0008838948991065148,0.00222200629993352,0.0006993264552171543,0.000674233910174573,-0.003959930823988063,-0.0013502264544689503
2019-10-15,0.004522075605025939,0.00828982891397448,0.007986590471495057,0.0060665629272052156,0.005178311685414458,0.0093594025258094,0.0093532270136232,-0.0008767411848877644,0.009597621184410586
2019-10-16,0.0032886279149548334,0.000414975697143877,-0.001232949331728643,0.0008492599040677497,0.002807107461697599,0.0018642922831055057,0.0018596119899038594,0.0015315057350478837,-0.0032564928706325753
2019-10-17,0.003751016780015351,0.007894881120348926,0.003943859902271102,0.004701854484310922,0.0017355716361277436,0.0046037943095118975,0.0046610827215150955,0.0008937705342667119,0.0026307914682961037
2019-10-18,-0.0042122832112363616,-0.0025638582548742858,-0.0033801923027093075,-0.004552698392879758,-0.006394913981986132,-0.005208489717712565,-0.005154465132791293,0.002152558358014571,-0.004061680390476542
2019-10-21,-0.0012287163592079806,-0.00528018967371283,-0.0034071693543195223,-0.003824330673554744,-0.0035785212033854334,-0.0037654434344804723,-0.0038187217634888257,0.0021323697792891396,0.006313606687890772
2019-10-22,0.0005339335435388266,-0.0020170527848770298,-0.007791498919215558,-0.0019321764348182995,-0.003082118876748536,-0.0011380575958303096,-0.0010769376887559603,-0.007883509866209998,-0.004470489433873262
2019-10-23,0.0016579416098717133,-0.006341499659330128,0.002610396339490353,-0.0007926590861970391,0.0004592690504756112,-0.0019460011851725942,-0.0020099891373484536,-0.0003179117653282383,-0.00023279679152024113
2019-10-24,0.013173966786348437,0.004254727057989049,0.013296984601804208,0.009992299473892881,0.015450717585007058,0.008133492863325407,0.008025225436548376,-0.004123860572185437,0.007069721653438101
2019-10-25,0.0031728150131015015,-0.0002558352849506855,0.0047494653205138035,-0.002658147668822794,-0.0021293725794016742,0.0034303148643666103,0.0033584513130133437,-0.006819575459664057,0.004469615289598251
2019-10-28,0.0017887330379565433,0.0014034567730599953,0.0009155622996528936,-7.01711888430457e-05,0.0010261029217422935,0.001548850534941012,0.0015389388658527065,0.0005051583099613968,0.004072549943950473
2019-10-29,-0.00015956995549703932,-0.0010569848669841205,-0.00033358953481955065,0.00023509149908189887,-0.0007920073572427815,-0.0013671400455989161,-0.0014028375182271523,0.0022581683345174373,0.0007871358116249166
2019-10-30,0.009582095576050411,0.013088018512661071,0.008062159048521457,0.013946083051557798,0.013277406424807204,0.013490053738504433,0.013505223075375645,0.011022709441245391,0.004693899146020036
2019-10-31,-0.004844710779707033,0.0006500203831108438,-0.0021045335269622534,5.3433204954372906e-06,0.0003946917075562338,-0.00039553373064263406,-0.0003712969919980739,-0.0005054024760771938,-0.004331246116438887
2019-11-01,0.0007080026519327622,-0.004466621414599787,0.0011134038845952256,-0.008060813965860444,-0.004167290614683265,-0.003413321135332175,-0.0035030163670329963,-0.0013570547521030356,0.009659642360385625
2019-11-04,-0.0086627929969475,-0.008447154813331255,-0.005170534796461277,-0.011562017287224812,-0.012020661462579707,-0.009413240557937647,-0.0094463165105312,-0.009466615464272708,0.0029923396614839155
2019-11-05,-0.006697701965532602,-0.005283510058109311,-0.007194522657905584,-0.007575560924126704,-0.003921255664199492,-0.005359448506907802,-0.005371727906508603,-0.00554238208427827,-0.002060292243928094
2019-11-06,0.007217529465627819,0.005737912279827297,0.007081014741439957,0.0066262680343093005,0.006543687688217543,0.005292112724142912,0.005300329419267786,0.008183548617905316,0.0019346584424145415
2019-11-07,-0.0012494226837974646,-0.0017357331838782706,0.0033345182705274796,-0.0007612635185808313,-0.0013714971487574592,-0.0013303657403142082,-0.001424521140803479,-0.00496233902739931,0.0037111604674716385
2019-11-08,0.0047285659130894,0.0009241294961635521,0.0016509976804587958,0.001724215596104464,0.0031279268432866923,0.0018371031098181837,0.0017990661404525478,0.00040534911155491553,0.002888025811715344
2019-11-11,0.0001234890838103929,-0.0007389681712925254,-0.00017163677474879368,-0.00026735946567057496,0.0006308221027157238,5.242456003079812e-05,5.2826117196652175e-05,-0.006661528760493136,-0.001912606068100759
2019-11-12,0.006316942645758947,0.005788013955951546,0.004976479671502783,0.0056474067980637555,0.005525161440459961,0.006658347417288406,0.006659257789727613,0.0012562294974616782,0.0020399204593703995
2019-11-13,0.004657597834750356,0.005803014198624975,0.003852405771320265,0.006726816214368523,0.0060091792494476656,0.005756508496759836,0.0057901985810645306,0.009669896889173494,0.002318222746841299
2019-11-14,0.005409462543951071,0.006351739860860358,0.004851639083190084,0.008046641535600564,0.005037530828123917,0.00694617725526631,0.006906642170738362,0.003377128458694384,0.0012477676150627458
2019-11-15,0.012343420030957359,0.00856572384501551,0.006250085468866444,0.006303557948873763,0.007879346778906173,0.005652145309544482,0.005670302779508697,0.004921643253139011,0.008674629118121304
2019-11-18,0.0007986788279862647,0.00460323946558349,0.002196195374103895,0.006832141833539736,0.0032778986585496202,0.005272817593799328,0.005283437225667983,0.0008348934565915112,-0.00037599306496437424
2019-11-19,-0.0026350999461767326,-0.0029865558053493255,0.0009963505629294205,0.0017779274859988077,0.0022933342675428826,0.0001578267957470971,0.00012056387386975777,-0.005921937415370927,0.000178264570498592
2019-11-20,-0.0024742703268377957,-0.0001730823272580038,-0.003268050542490462,0.0039787003433728145,-2.8800758133883125e-06,0.0014232113694809833,0.0014570861594755745,-6.59584035743154e-05,-0.0025235633697122265
2019-11-21,-0.0016399275560012713,-0.001112276668590303,-0.0019536861533491793,-0.002732257957833899,-0.002389866126352714,-0.002392844457036155,-0.0023841119997513953,-0.003137600492744337,-0.0037729305769929745
2019-11-22,-0.0016222550467244854,-0.0022492169964492756,-0.0030253839019539885,-0.003240223215523216,-0.0019979626232149677,-0.003280826480001381,-0.0032596615567466827,0.001546706406658843,0.0008574544749424546
2019-11-25,0.006384518251056362,0.004037833338877408,0.007759813279443171,0.006352761243028819,0.004409898790706954,0.006146064942654054,0.00610062978706257,-0.0020397411665588156,0.00789169835314151
2019-11-26,0.005435131391998852,0.003407250805792543,0.004345224503704571,0.0029336015707221437,0.003700626134399298,0.0022788517462765494,0.0022622840122553034,0.00783404069333372,0.0024770245639839116
2019-11-27,0.0038545327293279656,-0.0014784532973999992,0.0023035037710191883,-0.003261909091702086,-0.0005282612007493512,-0.0010627458373654059,-0.0011311348522934604,0.003648529591530802,0.003955560070483028
2019-11-29,-0.0029351432276537182,-0.0009527266829035094,-0.0022527925739895425,0.0011564986460345138,-0.0007004126481552121,-0.0005201298642209581,-0.0004959123245275681,-0.003024355950176225,-0.003881171954136169
2019-12-02,-0.007994890851001734,-0.008536292253446813,-0.005746897934567994,-0.010672908518645436,-0.00991622329542924,-0.010103452680041458,-0.010041380281044713,-0.005161097106120843,-0.010025202285753461
2019-12-03,-0.0014046263092726643,-0.003068566076847054,-0.002474457075582764,0.000710232335367744,-0.0014058522057906909,-0.0015822654235957566,-0.001579045852952796,0.0016618703763690923,-0.006305044850322344
2019-12-04,0.003110388732432646,0.00579245757038577,0.002350052452349494,0.004707912824870286,0.004353991536566482,0.0033744775377198746,0.003399827626391895,0.007651996579647161,0.0074979092197789785
2019-12-05,-0.000815923774164446,0.0015903204754224402,0.00012399600625561015,0.0027367446509762227,0.002020292215090852,0.0029598131939129026,0.002985152712796567,0.0005962189313869786,0.0016697652993731516
2019-12-06,0.006529187210362192,0.0019034569749641491,0.005795792145490689,0.0022939035978781067,0.002463041238401328,0.003065182194499976,0.0030288159983994636,0.0014038758981782752,0.008972974822944893
2019-12-09,-0.002894520943469934,-0.0021344354607007246,-0.002499860805922733,-0.0028870724004512282,-0.004965527659935033,-0.0025244331394952356,-0.00253188115163088,-0.0035744127039746255,-0.003865313579101717
2019-12-10,-0.0014667320911064352,-0.0018718425332763659,6.913032922430599e-05,0.00026791845407540696,-0.00023057512124736407,-0.0009533695849383733,-0.0009217060017065775,-0.004685838093677309,-0.0009476641076466373
2019-12-11,0.003925128505740973,0.002772086954094495,0.003995125981879479,0.005138320970431083,0.006541334101219947,0.005068848041895062,0.0050368511261688,0.0026614252005220745,0.004981217556350128
2019-12-12,0.0014552406424804183,-0.0004297983714757227,0.0037873080061246104,-0.0007224104339969186,-0.0006534514171143705,0.0013018343763613353,0.0012462172822704817,0.0025705245778366434,0.010214511579658919
2019-12-13,0.004133264232245419,0.004475471020916782,0.004418297227261177,0.007785837741921628,0.003347408474166429,0.005062074728907272,0.005054376567134963,0.0033362591632112495,0.0008640866173154727
2019-12-16,0.011868607744960173,0.009190577368874549,0.008525254935783542,0.008614713449078604,0.008210482461404866,0.007911985228503494,0.007893097439969712,0.007166578919875508,0.007000148246482935
2019-12-17,0.0022209016580017815,0.0050656714409388305,0.00010937618718143844,0.0038785541801934324,0.003476760666334512,0.0040704202045879715,0.004072866866721583,0.003424265032637524,0.001288956073046214
2019-12-18,0.0012458512537471067,0.00043036262063005266,0.0028352396390261083,-0.0006181566534785886,-0.001785238260108569,-0.0012293737567327541,-0.0012471164517977552,-0.0037696953257196275,-0.0003909875044465317
2019-12-19,0.006913547708001146,0.008014925327113944,0.010317197963939475,0.01109673042351435,0.008243727064980541,0.010714236078316097,0.010725762948743263,0.002081128819275022,0.004690687016253798
2019-12-20,0.008006500865150859,0.001935745354920036,0.003582936628334315,0.004323228472654026,0.00333459629487884,0.0033415745800899066,0.0033051887301942147,0.007781512818509185,0.005999929911096985
2019-12-23,-0.0038666279936020657,-0.002821265755036659,-0.00018441429988757426,-0.001760807423450476,-0.0017048557779615536,-0.000674019811027584,-0.0006669271606857031,-0.002507572996989516,0.000316208248175012
2019-12-24,0.0026039227041205924,0.00224057104647413,0.0014417072671019894,0.0016452104824873036,0.0019750649791285104,0.0017575993377947302,0.0017474757115828394,-0.0010776172351400618,0.0005892848510629278
2019-12-26,0.0031334447613822008,0.003142015454210118,0.0026724524540836505,0.0036509091440523746,0.0032134545787369136,0.004379086017821542,0.004401187984764385,0.002462804338139428,0.002903483581837254
2019-12-27,-1.1971088751955664e-05,0.0009287618835184135,0.0002945523786769895,0.000705269335416251,6.705658704988343e-06,0.0001751073202368359,0.00018117277935949567,0.0038357944556968037,0.00018466436488869865
2019-12-30,-0.008054118241774301,-0.009834657866767686,-0.007816826779671692,-0.008606461582431451,-0.006979540054011667,-0.009238383328997816,-0.00922801065224769,-0.00414207511592877,-0.005828762650159012
2019-12-31,0.0032632874615556103,0.00364594216903349,0.003153621060952366,0.002489356585002809,0.0009497502498932399,0.0030310983046563794,0.0030340525550380092,0.0026670059242162075,0.0020723120254862383
2020-01-02,0.00586516399394954,0.004083587668436639,0.0019602184690854507,0.0026357185022689578,0.0038621148436568387,0.00349107568423368,0.0034592968092699294,-0.0024605664266832417,0.006898606520308936
2020-01-03,0.0074968289405901575,0.004960483394411326,-0.004180774634171856,0.007152827653565784,0.0003532433075404592,0.006217031527638886,0.006222194830272897,-0.0002262311236506299,-0.005360703401185134
2020-01-06,0.006729605099331893,0.005163610008460363,0.005356792928315771,0.006179975899526413,0.006191560760748708,0.0052685661423283224,0.005246549675504152,0.002980592953145883,0.002705185911647629
2020-01-07,9.257215976539286e-05,-0.0007096283600887516,-0.0038677426404074076,-0.0017268033307449326,-0.001278384210780349,-0.0014179264543135756,-0.001397157849957354,-0.0024900707049974945,-0.00012800747860597912
2020-01-08,0.004681616189528671,0.006808023630141084,0.01035550219396074,0.010107734098014567,0.006787092737323684,0.0037297237891425784,0.003727468472037552,0.0032917233143599316,0.004727368865755078
2020-01-09,0.005244195112554717,0.003167529323544575,0.002870962368498972,0.003108475829562378,0.0029434228137899137,0.0054402976803602015,0.005452467069558515,0.005903760736256056,0.0064408367125496566
2020-01-10,-0.005356129533635418,-0.0017946528552112374,-0.0032236192158265585,-0.00371443226115465,-0.0062995049612069075,-0.004253164855556247,-0.004283312374446865,0.00022622724056887877,-0.0036647830689858297
2020-01-13,0.01135983889750098,0.013195031497574618,0.009831554270424864,0.006312269761052427,0.0050489473103844315,0.00806655333116977,0.008075179845833374,0.004327467283346887,0.006808618552749929
2020-01-14,0.0024840292256603585,-0.0041312894059142655,0.004429192978017456,0.0005843708817323537,0.0001527077739581753,-0.0016407336932480919,-0.0016236618714357922,0.0006142844801459093,-0.0006152122276531103
2020-01-15,0.006598825811521286,0.0033957485060155832,0.003690856629785995,0.00884245693741728,0.0064069427997702506,0.009168347594381064,0.009187193936359857,0.00726858455890461,0.0011271770253810285
2020-01-16,0.00441212856307914,0.0070190257605714755,0.00410946986482639,0.006622315395386242,0.006093813411369975,0.006898053090078604,0.006905844291086533,0.005801618582440636,0.007552271026969034
2020-01-17,0.0008699929749085658,0.004975088657031393,0.003467207629170541,0.001400007156694822,0.0012346800397643994,0.0016687156374240195,0.001676789702228449,0.004797344798268425,0.003715615649695867
2020-01-21,0.004830528535149051,0.005341289713047878,0.0006969085433985233,0.0077852425161455616,0.0033026764158255837,0.0037411233735108835,0.003750389903791372,0.0029616460096003557,-0.002408529345871624
2020-01-22,0.004845443759459376,0.0013759158248732024,0.0008960952453192673,0.0025528580999679266,0.0021196911187613353,0.0022437161781085953,0.0022601301742750345,0.0009265414306714609,0.0012844539472156421
2020-01-23,0.00728384694309074,0.007108687376468397,0.0073581350426312414,0.008323162971002806,0.009691006022982262,0.0088260044106196,0.008804524756998963,0.00464858243461774,0.00260868208228759
2020-01-24,0.0007997438249952288,-0.0015773673419737632,-0.00960369655296278,-0.0007095644098059252,-0.0034828440793481623,0.001020944837736031,0.001062185519561681,-0.002439889515348416,-0.008702497025991046
2020-01-27,-0.002847075961399547,-0.007538352503386489,-0.015388007652419863,-0.0040845866122205905,-0.009878999093315044,-0.0053802944964080794,-0.0053125131123420285,-0.002284907133295374,-0.015512189605439331
2020-01-28,0.005533888497746162,0.0106515215736227,0.009422033881739416,0.005963471902648035,0.008131839213407599,0.006232127974167425,0.006213558245565578,0.0017750686971880112,0.009781229680422847
2020-01-29,-0.0007303492887480719,-0.0006358159629052723,-0.0026238299037696306,-0.0013505777530605845,-0.003583957049893705,-0.004060114806501471,-0.004090958069522085,-0.0014820848081198107,-0.0022997384885629045
2020-01-30,0.012821194045875207,0.00939927395581864,0.00822825823855996,0.01279174173205621,0.009377806239237781,0.006479316604907486,0.006497614119089263,0.007026754490873231,0.004929085482756889
2020-01-31,-0.007488070450653231,-0.013652804299197225,-0.013106303621391034,-0.012386185133228204,-0.008139747100253905,-0.010259752477710684,-0.01023272671375211,-0.009257568806011238,-0.018742628058381693
2020-02-03,0.012922610890286793,0.018703916130306888,0.021046292734319634,0.011144886267925189,0.012675411514336233,0.005233369525526247,0.005267970516659123,-0.0019419695544559462,0.00931697669527866
2020-02-04,0.01464797814190932,0.018446290988371774,0.02113506911573137,0.01742633441830954,0.014728898026755295,0.009289131579972763,0.009335643875165297,-0.0005560232938115115,0.016496666518845755
2020-02-05,-0.010879568442221823,-0.007396176147136819,-0.006609927744970209,-0.008923704288596516,-0.004615922805011268,0.004729760991171433,0.004699727741592719,0.005603729197178185,0.008685852204775163
2020-02-06,0.002992110345394704,0.0005500110942629249,0.002822287934365729,7.544077531784485e-05,0.0012562089323959837,0.0024643777436524185,0.0025132840689182983,-0.00032436499290662725,0.0030982840121542253
2020-02-07,-0.00279697741180904,-0.0047601731605960125,-0.008133681171064163,-0.002364600942984698,-0.004414129661671489,-0.0015244577692430298,-0.0014928097317058026,-0.0030680753203639935,-0.00705339886291392
2020-02-10,0.008913273610535954,0.008698789375424421,0.0063333967284934815,0.006169419890445,0.0034242120682023386,0.006950326819626767,0.006917243355907582,0.0017595208370699818,0.007247416989408013
2020-02-11,0.0031112463148032727,0.003746011974290878,0.004636188513947568,0.0034729976393178675,0.00274870329677308,0.0019038618878481342,0.001843759681473004,0.0020062758739011143,0.004341053755314706
2020-02-12,-0.0033039722985647117,0.003298420794301334,0.006422254027605037,0.0018795726065292677,0.0046762379476530695,0.001078405809929248,0.001014844012956813,0.002315398837617722,0.006006833079523924
2020-02-13,0.008068147897660229,0.008961224668813153,0.006084969251477669,0.01024825822159918,0.003933282279834415,0.004017021699577851,0.003995589597479205,0.004612460341719922,0.0007648166430334555
2020-02-14,0.009276046075815114,0.008362329826114739,0.0023134497538603365,0.006882604143563515,0.004632295408139079,0.009618351181505672,0.00963070848710536,0.004681238793775044,0.002350238226566802
2020-02-18,0.007867987189341378,0.007902222319429022,0.00296507837493928,0.010010050186643742,0.004124079958078747,0.00494282432559758,0.0049079850258862134,-0.0009771660127834351,-0.0026684196009452168
2020-02-19,-0.003755040557605496,0.00717764618098503,0.00869976350184134,-0.0038124788054221047,0.0007243386822316697,-0.0033976625807442162,-0.0034076688739357493,-0.007157963161211855,0.006667805428344287
2020-02-20,-0.0024379076546873356,-0.00827131075240189,-0.004692062545129706,-0.002354049898630254,-0.004499764095381751,-0.004454746015065367,-0.004497664847742875,0.0009755997697068305,-0.0049003947220159156
2020-02-21,-0.003398200056687013,-0.004206745543564026,-0.006456982727187438,-0.0031819723417685366,-0.006648721994656969,-0.006067462902933515,-0.00604896636005679,0.0010776335957297487,-0.00886541019356393
2020-02-24,-0.02263535716291616,-0.02775462119306433,-0.029726656176980643,-0.02668821316482143,-0.026442018648420055,-0.022712258948123707,-0.022661843620800322,-0.015489452634279387,-0.03197371904642131
2020-02-25,-0.023800855621609433,-0.028033700741262307,-0.02650707322082755,-0.02533185769866533,-0.02640751767033901,-0.02489121119164659,-0.024865270906553577,-0.019930213532546308,-0.03064531656679299
2020-02-26,0.009151023918614156,0.0018460087731106117,0.003532012229857695,0.008959705085870535,0.011982682820033447,0.009153176230159255,0.009244148428980217,-0.003158044370510041,-0.0033374100825366336
2020-02-27,-0.04243090726960872,-0.047442520300024514,-0.04430857334021087,-0.045746048031960584,-0.042505631859280454,-0.03995339449271919,-0.04005915993122773,-0.045149685241051805,-0.04306057223001766
2020-02-28,-0.019497705850325054,-0.012194613335087359,-0.009214464861706663,-0.02095267780887196,-0.0212044054920396,-0.016163703180319313,-0.01631293493977835,-0.026088716510820925,-0.009170325857141082
2020-03-02,0.047693067956971535,0.05007447768128594,0.045750808003337286,0.05462211453648894,0.046066483918694764,0.04535689168617322,0.04537797374833099,0.05047328374797865,0.04379529161922879
2020-03-03,-0.00530861723708521,-0.02015476752081135,-0.016923445929335496,-0.007167402300907541,-0.011785501284009724,-0.014911511731720924,-0.014823632938688169,-0.01587010752601612,-0.024857335562567837
2020-03-04,0.04714769079960375,0.052930901045494534,0.04545859848440271,0.05266180309591708,0.04822783668885557,0.05713876363381537,0.057181206503950685,0.051689093134555456,0.04498963602640824
2020-03-05,-0.028567101847853545,-0.03133310504729887,-0.029426669792293636,-0.026413282059146358,-0.02810714053124711,-0.0271823149050162,-0.027129505472055376,-0.022195172292404922,-0.03396925532187038
2020-03-06,-0.015668584070856185,-0.011833865515984475,-0.01393574974685244,-0.017126468007212917,-0.0131042955456623,-0.014663254661884124,-0.014671220946240519,-0.007195984575077888,-0.016878911386156197
2020-03-09,-0.061320865953508316,-0.06865319022369994,-0.06532088381699049,-0.05579733328512449,-0.06508240818733567,-0.05497408472699382,-0.05502386154062423,-0.05509196980180097,-0.07775133706708413
2020-03-10,0.028002212559341013,0.03204401742309301,0.041522633468781364,0.025091026712242125,0.03484352575847573,0.025511182540775765,0.02535469498864917,0.027597788655479745,0.04538399021173457
2020-03-11,-0.05272981798749879,-0.03935012318006116,-0.042500026206412043,-0.046306601742019886,-0.04630745926543648,-0.0455810255357989,-0.04549723788909499,-0.049668118715293086,-0.049192683533752314
2020-03-12,-0.10127902843022053,-0.1068800774817926,-0.10049933146904436,-0.1112818019127615,-0.09838494846790202,-0.10582567756498401,-0.1060043749900757,-0.09975470279284739,-0.09635593781792727
2020-03-13,0.06213323079117813,0.06501541539981097,0.07014927098044889,0.0612281049307047,0.06204190860137919,0.06835615577542654,0.06816827932120793,0.06854297796983908,0.0854122429303526
2020-03-16,-0.13586807095682446,-0.1216082276941813,-0.13353904046601528,-0.14835108171903075,-0.15577108728034728,-0.13437273804557395,-0.13447045473962096,-0.10136531868084031,-0.12287915553244151
2020-03-17,0.07958185455598946,0.06701023730483853,0.06645499097643282,0.0797255760088473,0.07085843895595882,0.08364233247932559,0.08361977326590425,0.08346339562247022,0.06223729694765811
2020-03-18,-0.05895451882110976,-0.052176636763844535,-0.06585920588841851,-0.07680986218847308,-0.07155953693053026,-0.05336590655461787,-0.05333066499476645,-0.03108318424569592,-0.06091987087884448
2020-03-19,0.018914767558874362,0.0025443374517689905,0.022784403221275777,0.033774528828871705,0.03786513427903754,0.0153644519134215,0.015416064669656348,-0.028847495457619627,0.008484852421235952
2020-03-20,-0.027427138389968377,-0.0504379281285503,-0.042961080288725195,-0.0352046604067654,-0.026641630341604168,-0.04208215798731937,-0.0421513071598208,-0.056931484048910866,-0.04189500564091287
2020-03-23,-0.0376720600202012,-0.025592581837239347,-0.02406387072035678,-0.0362194533968371,-0.03598608125754402,-0.03370716344684195,-0.033996752236805095,-0.05345326513447901,-0.03037530558048919
2020-03-24,0.09462289018741508,0.0862973372322683,0.08657050302861403,0.10301054083408359,0.09036250345676237,0.09016691383285785,0.09028828078350253,0.08183334807966482,0.10194964313480585
2020-03-25,0.014344069482392316,0.02926762061443603,0.032876580378282956,0.02164415428665237,0.031489699848729596,0.020510449470504302,0.02088311772986434,0.019876195066815743,0.017893591402792546
2020-03-26,0.08318793393081825,0.06700927961736829,0.06714576941031229,0.08607161267385376,0.08100450859755105,0.08359815517248656,0.08364089634812336,0.06931460664193326,0.0653145412065316
2020-03-27,-0.02145257417308662,-0.017382343063050292,-0.029140713392942844,-0.023188651950964576,-0.025848525701647355,-0.01865248957301483,-0.01854013426831022,-0.012209067439736937,-0.03278117405774746
2020-03-30,0.02977532681127331,0.026970672255833515,0.02662386290249877,0.028452665610801117,0.02532011462877163,0.032746994439653954,0.03268332306649176,0.0286581299316106,0.03081087276515931
2020-03-31,-0.014646857978191003,-0.015283247432476487,-0.013372763707518942,-0.014840244490433608,-0.01653942700449696,-0.019020305972916467,-0.019028973087405174,-0.02815059306971084,-0.017270448272944106
2020-04-01,-0.04984836201158019,-0.05120237220182137,-0.047961043201904474,-0.05140202196746224,-0.046791805027944215,-0.05005919764831905,-0.05009544660250059,-0.03633445167439415,-0.04839109144629903
2020-04-02,0.023720411353467846,0.023102644708587913,0.015053451020271422,0.016221106948546865,0.01930644755375973,0.02886789850414892,0.028955443909620838,0.029541910995392346,0.024138839540586526
2020-04-03,-0.003464084071100208,-0.01887866640665715,-0.0117361268600665,-0.0091292700731831,-0.010225436449909142,-0.01535801826797254,-0.015343795777299676,-0.015573677515158285,-0.015720822984559162
2020-04-06,0.06326835202832852,0.07284589310278872,0.07026292366056201,0.06690933482207427,0.07237041223896287,0.0627123247447999,0.06264680506255906,0.06627197942213069,0.0746897323316486
2020-04-07,-0.015669261259810417,-0.007994086469845483,0.0010940680556231477,-0.010287033633315026,-0.009310453322663515,-0.01798572113384868,-0.018066720505838754,-0.009866128893446138,-0.003161148168559136
2020-04-08,0.022024909825532065,0.032403870433764255,0.033004423327402985,0.027359085955525875,0.033633757939142,0.027084868593454742,0.027127831364414285,0.03217934401652157,0.036337224243740064
2020-04-09,0.02925461963007736,0.024552982868707694,0.017414187860394306,0.027996124356183233,0.019704597148310115,0.02186163871756221,0.021949074676122865,0.0268357109259765,0.014353745791127663
2020-04-13,-0.0031415487344269816,0.001056354238588676,0.0016017934186478436,-0.0035810886437934687,-0.0024947786007565526,-0.008119461801278023,-0.008225335711818679,-0.020988729251498604,-0.011062863032503053
2020-04-14,0.035563981721403376,0.03939404088049124,0.03009345568099618,0.03745030259395956,0.03236858194317146,0.0312101906927219,0.031143847802931147,0.028801102249120965,0.029993064801812838
2020-04-15,-0.01145171874122885,-0.015803383167535556,-0.014482114409324605,-0.005780555785107419,-0.008899721808016138,-0.010273259544769214,-0.010271048440868027,-0.028284791514563527,-0.02414923236699265
2020-04-16,0.0093822572893946,0.01504669843955095,0.012883726184608,0.015300014113143317,0.011857397927076845,0.014793247684693497,0.014767754928003831,0.0031658192504705348,0.006295295059678575
2020-04-17,0.021534309350288026,0.027359396472582228,0.026481510200093292,0.01991390773703099,0.018591891913673542,0.023025945348246,0.02319549578537527,0.03198009029581028,0.03287152619097941
2020-04-20,-0.020453330094066538,-0.021125292868798513,-0.016397026899090835,-0.023904377759751204,-0.020484815968684122,-0.024250890777041914,-0.024361993565380116,-0.024111391413622892,-0.01946350673632019
2020-04-21,-0.029415993848629182,-0.031604080023944235,-0.035484204060418044,-0.02842233628636668,-0.030449338066106856,-0.02556198001927284,-0.025523030041697065,-0.016464689623748134,-0.032488234943239096
2020-04-22,0.02871336330593035,0.026196152758504843,0.02305833387579686,0.027190908051634318,0.01894936792903427,0.023646700687060766,0.023615869240868715,0.02140429757688429,0.024559191937919306
2020-04-23,-0.012299094516849102,-0.010810937113917366,-0.0004921098487260837,-0.00852716682665551,-2.405092405059454e-05,-0.005412747041815781,-0.005400437654778161,-0.010191389798894885,-0.0037918730601417335
2020-04-24,0.014132789872055386,0.012844260314977443,0.01498866087335288,0.015374923992403493,0.017550797701449843,0.011542781940989833,0.011536717554085115,0.01129558960853465,0.014845493810874813
2020-04-27,0.022580587451746716,0.01657431319274618,0.015891473309634207,0.0229103833063121,0.016900151618466308,0.011166559979632094,0.011109693098385599,0.012552433543563342,0.018356127902830352
2020-04-28,-0.019678592714845653,-0.011449204925230622,-0.015335343637752508,-0.017545126179117514,-0.015026362708729469,-0.012579217259651686,-0.012464619469937429,-0.0003471214285394134,-0.004927585706599882
2020-04-29,0.0005111265596361458,0.014148104656400162,0.017575721741518,0.004924308073830915,0.011251319517881556,0.005702969315515634,0.0057792919712552375,-0.00011266939110277509,0.023530804883694037
2020-04-30,-0.010758303681117442,-0.007000225373485295,-0.0109172509279757,-0.008731454476100858,-0.00794987747728118,-0.005227535515686871,-0.005237485280566572,-0.011722494100361126,-0.017171539720442656
2020-05-01,-0.021298082731627456,-0.024970853782064446,-0.028463466893437667,-0.030303340185267327,-0.024029084847122257,-0.017023004264444783,-0.017024590354843234,-0.021718123159300325,-0.029228709263671684
2020-05-04,0.012233718377141233,0.013399357729349476,0.01830882486008669,0.014230957991053663,0.010914052102925268,0.00915555533270807,0.009143775425335432,0.0014256320943196307,0.005014148046638769
2020-05-05,0.012466827981691906,0.011667461892590157,0.011366383712768267,0.011138112702002486,0.012384042663841577,0.010678851233935261,0.010724392272012757,0.002548902088542113,0.011626179697155282
2020-05-06,-0.012301503389013365,-0.010657184584062418,-0.006709738387468831,-0.010652709011061513,-0.009633880564683983,-0.014161381794289494,-0.01427333652001917,-0.017771847883058793,-0.007612054193945487
2020-05-07,0.012449032150060834,0.009490091116051121,0.007358158612476052,0.008186211870351904,0.011356341395458125,0.01171290438343683,0.01169332064923419,0.009634558691102536,0.013508355888438218
2020-05-08,0.013817048881800985,0.017987692896264736,0.01555042977974488,0.019882283478011756,0.012719487155528154,0.011367325395023768,0.011333882298479831,0.014773844671891117,0.01833013671112031
2020-05-11,0.003175416695048761,0.0008396962584161946,0.0009530628697092189,0.0025824090895321507,0.0022887084809013777,0.0011026264532865405,0.0010638249464773452,-0.002099467114132516,0.0002645201545010861
2020-05-12,-0.014820009046739165,-0.011210360564431122,-0.018565362639382913,-0.012226852156539363,-0.01755629548476892,-0.014208211253773376,-0.014229845974271424,-0.015842164671358412,-0.021428847118466446
2020-05-13,-0.005283298546663543,-0.011531669819683404,-0.010912086123898023,-0.00888426518210655,-0.014384640516430435,-0.007015951015626676,-0.007027755582267496,-0.016957387842092206,-0.017517592991610424
2020-05-14,0.006869380834666136,0.006299363231725573,0.011989018140122265,0.011136477531378279,0.011432738340786244,0.00649161634622439,0.006506880840182982,0.008597512860416984,0.013112450819940573
2020-05-15,0.005965775036789149,0.009704911450910573,0.005069326128223355,0.006748289362777404,0.0041884712312372195,0.0071772863938906395,0.007100228306336843,-0.005552772743546032,0.0014614440649969144
2020-05-18,0.024815428910522776,0.025091201738823152,0.02289043208930687,0.022479929526612378,0.026174834926923768,0.02788391225663908,0.027979561588043784,0.03496270761275238,0.03531894957285682
2020-05-19,-0.013396364606686084,-0.009846452534985948,-0.00878208668364675,-0.01618489656631217,-0.010991301439300964,-0.013882751125116248,-0.013946927662187613,-0.013505499629241274,-0.011119176680722691
2020-05-20,0.0022472977671917347,0.004946269725806225,0.010682381782100092,0.003622466469254772,0.0029221092017184184,0.0028054928944911952,0.0027401296151008557,0.009501889032798859,0.015634746848258635
2020-05-21,-0.006195341404909229,-0.003991719128347702,-0.010375303230274786,-0.004537785389170268,-0.005380498624138522,-0.007788905143907819,-0.007778002134893924,-0.005439932505794218,-0.007436022780732779
2020-05-22,0.004238508725478968,0.00447387218703963,0.004598847785816429,0.003377291728891537,0.001960038642477443,0.006510577952198251,0.006519669433545458,0.0028459699530394337,0.0027234104503288475
2020-05-26,-0.0008164303480826977,-0.0012374967017418483,0.004085587400031795,0.005185916452298561,0.006746026873857666,0.0021133283785016127,0.0022191751166765823,0.01021703011261495,0.011997437776141772
2020-05-27,0.012705328797561815,0.018453967923443847,0.011638879701320453,0.012429436462365159,0.0095450021521281,0.018490382383446337,0.0185437696532405,0.016088359884558548,0.017251322118740055
2020-05-28,0.012698896396558879,0.0069396304282015545,0.006548938456913934,0.010994331459977028,0.007379370979919553,0.012428200271240239,0.012470085367581691,0.01331754791391949,-0.0003712891778998837
2020-05-29,0.014779862526231004,0.008085616101448112,0.013853653107681363,0.011450377312623647,0.009892718547203937,0.009847612616698942,0.009797575262900001,-3.216709193484434e-05,0.006511135881332991
2020-06-01,0.006199097079939115,0.007199407118015572,0.008349078604661317,0.007773045057798853,0.006037961358021852,0.0007780858874627428,0.0008205146022713599,0.0028089904510559304,0.003259617681735806
2020-06-02,-0.0008029634156797881,0.002390634630138413,0.005442328311029499,-0.0013752813571784746,0.0017899759814644558,0.0029678961342476944,0.002981041940657456,0.005434351885756745,0.00771111498538292
2020-06-03,0.012940851752701156,0.009500365152759914,0.007413612266547497,0.012089028267530883,0.013290354469328188,0.012462641185993717,0.012549330278873132,0.01698615705003273,0.017291782564388094
2020-06-04,-0.013715667695778824,-0.012436773987777684,-0.012289783423887334,-0.01827501549089451,-0.014290550490880351,-0.014880288129092537,-0.014885891680076244,-0.007794086333637713,-0.004052770650590178
2020-06-05,0.018209686872078995,0.01947350023944211,0.024886204151881093,0.024309066588951437,0.02355637872323593,0.01952376309242579,0.019554693473405584,0.019914128105639802,0.02493992949887693
2020-06-08,0.013083915751795667,0.012511080623486083,0.008427632077032555,0.013246545230861162,0.0062813725167766435,0.005073799644529861,0.005029250086311923,0.016009610097510157,0.011621100113694343
2020-06-09,-0.00488428583913359,-0.006468950608897359,-0.005555533581568463,-0.0017836867521194477,-0.00370653467334707,-0.0010580688410567521,-0.0010670064673544187,-0.012729233775530464,-0.011302128394905886
2020-06-10,0.0056442317657969645,0.005705811137069912,0.0030931157075495107,0.0008930755998030934,-0.00040177649598090664,-0.003763127494987582,-0.0038431498110627197,-0.011216060390094184,-0.005961280730012329
2020-06-11,-0.04962761247969307,-0.045548054304214665,-0.04992699704440588,-0.05423838131694234,-0.05455088020182034,-0.04943748203472247,-0.04944953837124705,-0.04838786051667399,-0.059278672467102826
2020-06-12,-0.0001830818920824621,0.0003196169790480789,0.0030998761977905236,-0.004257812222844856,0.0020886508181662024,0.0011226217329863494,0.001088150173480262,0.004555824561475319,0.011695083423973254
2020-06-15,0.007891128930863996,0.011002893426928536,0.0144931949559834,0.01260443613079513,0.009173719307238572,0.004772795162694736,0.004730635326434321,0.00339907306379627,0.009538292360852246
2020-06-16,0.011853278585961044,0.012947756246956026,0.012686922135201313,0.012927465782256474,0.01586966959613379,0.013884265600871581,0.013844853759308814,0.009271100784503836,0.01741264356047532
2020-06-17,0.0066749246383674705,0.005243072858092555,0.00501675555994814,0.005585161640627898,0.005168909531428642,0.005987880409082373,0.005999693568340727,-0.004813398384510428,-0.001802601286859664
2020-06-18,-0.0008618686058750795,-0.0009091011532005289,0.002324177618767805,-0.0009292687531481561,-0.0003087245862018029,-0.001994455025854379,-0.0020185414191165696,-0.0012104928332431443,-0.0009747145730137124
2020-06-19,-0.009392224014207112,-0.010171219876038758,-0.005114316493516823,-0.009337507092784457,-0.011057151604212414,-0.011292570255224033,-0.011342447044453315,-0.018179811532045134,-0.006185153582459983
2020-06-22,0.008402782707285271,0.009913580571401405,0.005528823270463109,0.009295526112327961,0.0067645357802987305,0.011765820815767967,0.011744748271686083,0.005995625416014486,0.00411378838827384
2020-06-23,-0.006104612246466179,-0.0029260048454051693,0.00103822618061143,-0.002901735893544766,-0.0018964401743975336,-0.006286218134340155,-0.006271399701157368,-0.0022867219997557333,0.00255405112554518
2020-06-24,-0.021607097737823266,-0.02553203188621777,-0.027651371396759345,-0.023982925173030207,-0.025284618946193053,-0.022636181686398547,-0.022707626541157884,-0.019036972011261064,-0.027375469580596716
2020-06-25,0.005115954529755216,0.009380788600216832,0.010770943118743758,0.007520537514825555,0.007630527194078022,0.006725653119979471,0.006751196257028357,-0.0005363692970209443,0.010163828499834104
2020-06-26,-0.020364833245390592,-0.018686424685252702,-0.02378226644768879,-0.02328580826061444,-0.02496842155530016,-0.02178786171394959,-0.021839178636604565,-0.014299838556261029,-0.02111248087406892
2020-06-29,0.012875471649153314,0.017108336466155036,0.016225685141279436,0.015083490407407215,0.014157473766043633,0.01223332520139491,0.012267142703152649,0.01684939810625172,0.015745310148862914
2020-06-30,0.01590177563282254,0.017821926214544107,0.018500411480480455,0.01739671814846634,0.01342150797480593,0.010709239672055965,0.010658738929922754,0.007541712772556058,0.0162102722692605
2020-07-01,0.020790763992631158,0.01278765872050744,0.01390250311821548,0.021862254855610053,0.021307831594784162,0.015866221970070118,0.015823148173796788,0.006551621877699743,0.002547281634059434
2020-07-02,0.006255994617149903,0.01095375494812823,0.01063987810462265,0.007062009906605403,0.0017564555443644165,-0.0019313852451276227,-0.0019614675665589284,0.0030115861469388857,0.007241118837331325
2020-07-06,0.0250405432839419,0.022066001125708543,0.02325082453532587,0.025680995899761628,0.017579437571748156,0.01109531863036947,0.011028724992538073,0.00043764735107239776,0.015281249556132649
2020-07-07,-0.0033318890881323606,-0.004842261446048658,-0.004339983980093248,-0.004292723697922719,-0.0074465136036976475,-0.007216809065600987,-0.007230619324647978,-0.0015099567974376504,-0.009135825901325188
2020-07-08,0.009135754876424306,0.004004267937023983,0.002497154886727802,0.006719521363278575,0.006434203158905851,0.010782661810451177,0.010752359292245347,-0.0016047100317845198,0.005157200951588491
2020-07-09,-0.0034702475684685627,-0.0029526203676055653,-0.0032020556520242684,-0.007249822547788769,-0.005502267661960731,-0.005686266515007946,-0.005722073632369118,-0.010375062143266209,-0.0060910099990191206
2020-07-10,0.02616742810200973,0.03056960949121694,0.025658380648387536,0.031115466660261732,0.02113654367105473,0.019579203623877415,0.01960683316695021,0.014360174544536555,0.011598050163056397
2020-07-13,-0.014652342218686464,-0.015471737529922053,-0.011124175501814399,-0.01059962529073349,-0.009855098791724439,-0.010683622851539868,-0.010565408963308712,0.002119195449681224,-0.00854553178887486
2020-07-14,0.014450042509758398,0.011734542048902003,0.015681585218397052,0.015028048061489609,0.010200895828571019,0.016788773107192272,0.016802549723893955,0.014356671669929662,0.015262778252508727
2020-07-15,0.006912205171514428,0.008434217025580334,0.008107238495946531,0.005668060305534698,0.009368405429386193,0.0036593693783003862,0.0037310096051122836,0.004905058168199524,0.010997090203246048
2020-07-16,0.0020730492167436586,-0.0006824830442963517,-0.005156715931110333,0.0027373409927468617,-0.00202990479832416,0.007831618616209077,0.007837190894563402,0.0020255012732814906,-0.002733830103658667
2020-07-17,0.004929006512958235,0.005749653184227937,0.0053845444108287155,0.002080372508284064,0.0006692732750568974,0.004965124915922113,0.004963975143295329,0.00777999125266451,0.0071405575747197315
2020-07-20,0.016140380346645257,0.014910596411316425,0.01624559682172219,0.014916104606002213,0.010129537403393946,0.0024812380089766686,0.0024124076829428968,-0.008593433740906027,0.005042995497020839
2020-07-21,-0.005897672422288438,-0.0021772436999128258,-0.006726958776047744,-0.0032862954655183494,-0.00326490527022289,0.002022282891502873,0.002092051939540044,0.011037511389177605,0.003093473632207858
2020-07-22,0.01135525777163883,0.015272215592671655,0.01009369491628235,0.012256259616096795,0.009548228079716881,0.013382287347771298,0.01350525415042341,0.015815331016253875,0.007451775575710832
2020-07-23,-0.013269732972591633,-0.01457058857873323,-0.014113157456331188,-0.014395504731657398,-0.014136433941762054,-0.01022063848515622,-0.010213168001918458,-0.0034706233540447357,-0.009259995984685352
2020-07-24,-0.010785296307248782,-0.011823536428190413,-0.014141574679803523,-0.010242594274042283,-0.008703082524166258,-0.0014453337885008296,-0.0014668570316233003,-0.005390643292117915,-0.008517850260599005
2020-07-27,0.011737130454569996,0.012899297987010535,0.018341612445471372,0.01242915259392291,0.008127500590404424,0.001439995415931089,0.0014003249334348085,-0.0011635003796039286,0.009379784831380727
2020-07-28,-0.0070501114085310046,-0.0033750941131467796,-0.00772942089739762,-0.005871709519438636,-0.004156172528084261,-0.00048095438872974454,-0.000454712844067824,0.006776062326402634,-0.006577377046147571
2020-07-29,0.004629277734775223,0.011386977575976008,0.009474318337953414,0.0077095036200934206,0.008518211089136139,0.007474786194835348,0.0074499140666219685,0.004485902768479302,0.01335573328001914
2020-07-30,0.0016153239715341258,0.0012166671558329122,0.00026342459354508705,0.001701698313208414,-0.003187812252918609,-0.0007453005899684885,-0.0009065214958994373,-0.00042657865951013416,-0.0019561606592613835
2020-07-31,0.0011111407192606001,-0.006000469540100272,-0.0009298756610618108,-0.00425052885795509,0.004133813262735502,0.002668807081654314,0.002640209662885722,-0.002316053225206901,-0.0006637789935259682
2020-08-03,0.005673199275002609,0.0036613864903748718,0.006988081992236471,0.0024640985194449507,0.0029027180175920245,0.0011924549741747527,0.0011543959343099908,-0.005136751464679808,0.005856423501472449
2020-08-04,0.009858213917817247,0.006482558130821725,0.005642475874462033,0.009210653857723813,0.008176064474158222,0.012762073307837556,0.012744311004359538,0.012180157709795636,0.004918438407365544
2020-08-05,0.0003709423525441717,0.0008965213388734178,-8.583110492093678e-05,0.002182650065514246,0.0018745045982225216,0.0013749110984079865,0.0013711524292538615,-0.0025493329095365703,0.004386038552951698
2020-08-06,0.0019758751497670505,0.003803468019770239,0.004007316001747101,0.003533057345339274,0.006118199668136013,0.004504289994135328,0.0044781344847031595,0.003152130848880206,0.002814958032754485
2020-08-07,0.0008158337524764766,0.001995573529633411,-0.0015693050273915582,0.0022274402769067573,0.0013054385163139882,0.0057912577143891175,0.005886452368144864,0.012878977162487362,0.0029896339449656546
2020-08-10,-0.006970645309270683,-0.00856826618183477,-0.005592770714946837,-0.0067636897051100734,-0.0028447971747201845,-0.006906673770457344,-0.006942037988017286,0.0025266270771283836,0.001870566174733159
2020-08-11,-0.010860608834158875,-0.01125097558692021,-0.011691321170630773,-0.009087598670607749,-0.009576917947062414,-0.010592017514164992,-0.010573534672133431,-0.00523636661741935,-0.005331497213952325
2020-08-12,0.030809648914821273,0.030235087772323862,0.029868081958596412,0.031980616425094824,0.023938089435220484,0.018503150540914174,0.018484055007462103,0.007498252854249196,0.016207200265681856
2020-08-13,0.006237714614822012,0.005240053743828268,0.005854812671436859,0.006324701388368438,0.004196988393526456,-5.926871353708145e-05,-8.85303103607951e-05,-0.002840711278671625,-0.0019925369293323494
2020-08-14,0.000623100613218009,0.0026587461020124168,0.0004305475779470375,0.0029828555964310655,0.002358063621495566,-0.00023909024116285777,-0.0002281959654113684,0.00016160985729021912,0.0003958763000627726
2020-08-17,0.022319705293453063,0.023265713182988246,0.018995877382304124,0.02341405891923148,0.013255466124124983,0.009728699857761234,0.009701191260423968,0.002017814413963731,0.007663675760490676
2020-08-18,0.004689017131037564,0.005106448116106788,0.004879759486381393,0.0028766810619297056,0.0032152979032777826,0.0015955724100338352,0.001589721452021228,-0.00023031019183276214,0.00021053630926365526
2020-08-19,-0.003480634914371854,-0.0054220734769251525,-0.004191282028639754,-0.006364975659266279,-0.006939633435984265,-0.005540878275164905,-0.005549657868804658,-0.0053107624611942175,-0.003822234931932912
2020-08-20,0.010821373341003915,0.010624841706765703,0.0058616129853681,0.014776441908725409,0.006382907407968463,0.00018064172001710388,0.00013251184621957234,-0.0019886548152323953,0.000724598218128247
2020-08-21,0.006677155225003647,0.0059069458149405025,0.002655656900139821,0.005653719993784143,0.0032326827866574854,0.004689446759332851,0.004699051969222445,0.004167462455787073,0.0032477922718569495
2020-08-24,-0.00010378175195364094,0.0001560046847266596,0.0005932218179810142,-0.0008483094843209708,0.0006026926512420368,0.0028998683063599998,0.0028853109170977466,0.008729947170183612,0.008898739301252128
2020-08-25,0.0007986895784968254,0.002754945043053841,0.005150173163944388,-0.00028024162116134066,0.0024088411625744536,0.0014333936312648592,0.0014237998666860303,-0.003509740461979878,0.003397858895158157
2020-08-26,0.01950657071513433,0.02351067703038744,0.02115061750603707,0.020485084021694334,0.0179124944589367,0.011313524551161603,0.01122053681732154,-0.0011308495577591075,0.008634255307753693
2020-08-27,0.005161277213474634,0.004774297995474639,0.005311782969577281,0.006894420560312255,0.004229365363417871,-0.00216118024182846,-0.002177643010051858,0.004380495920956134,0.0026087438154361025
2020-08-28,0.0009132510974021027,0.0031434271449711296,0.002702605269843705,0.00031157451597100335,0.0037272215721522685,0.005546539967884906,0.005559609459525637,0.008826870063904991,0.007743552275283403
2020-08-31,0.021299216947374227,0.024005716855367634,0.02331127184989818,0.021604549438286595,0.012346789643053175,-0.00015743670311380283,-0.00017795297352402227,-0.004178556457245617,0.001598122979938894
2020-09-01,-0.004854454270523966,-0.0017619378451648937,-0.0036105700402600093,-0.0057957704725413554,0.002505664551840913,0.007230818461603861,0.007151304086340027,-0.001228729700790386,0.004086234024125272
2020-09-02,0.005155348170105377,0.006396935472547569,0.004541996645916205,0.0019122435158555992,0.0069443887411929535,0.021365405414966544,0.021381743169237303,0.016793805077173315,0.014616290402754776
2020-09-03,-0.0410283512158024,-0.04327322697546749,-0.040679826517696915,-0.03989957242741557,-0.0330749030105489,-0.03365036908512196,-0.03360739866838211,-0.01631520860491734,-0.035318809481415504
2020-09-04,-0.005286682412515312,-0.00440281179000529,-0.00034040602459310383,-0.004713309338641087,-0.003796158963966326,-0.010282522416396137,-0.010239963679986822,-0.004080026158517307,-0.006338643000776688
2020-09-08,-0.045553301970540874,-0.05152897071264988,-0.05366670275723253,-0.050699271071099054,-0.037597325360732466,-0.016575671669524245,-0.016511504813561787,-0.006177755065557916,-0.029994473730198607
2020-09-09,0.030789058475840035,0.03390409506621964,0.029947975822000147,0.03206078003887919,0.02439446294629183,0.02028267448599858,0.020234977939720806,0.012797232575266061,0.021113160049682646
2020-09-10,-0.014334566662252394,-0.010682084997872758,-0.012912923432236505,-0.013373213127583343,-0.015166683975054527,-0.01909828993615231,-0.01906591270532244,-0.009606140940205633,-0.01515321424183712
2020-09-11,0.0050871235278160355,0.00439085322387793,0.0013619016138254473,0.004165850573334062,0.00048601436761680933,0.0029378380693900917,0.0029750307057993686,0.008795870115355781,0.0035625444255477966
2020-09-14,0.02880405610769757,0.03450236162576614,0.03169993545256,0.03245583556921635,0.024859369154840077,0.016867730343241773,0.016900362719887117,0.014342241805648694,0.018731209788153312
2020-09-15,0.02860638586236401,0.02109956098381068,0.018262710410521243,0.029241893512425145,0.016689529941361404,0.01954006036538039,0.019518129651785423,0.001278495783274682,0.007585611693715837
2020-09-16,-0.012152515055485584,-0.014032325943063983,-0.009049084061853082,-0.013434446944796483,0.0006832417482754925,-0.013801789486379166,-0.013742545244384181,0.004590982573239429,-0.0019980654016267473
2020-09-17,-0.010434410763813955,-0.012685200058810926,-0.012875281897480668,-0.01225893091390679,-0.010424639470292848,-0.005725832163044068,-0.005699345541475529,-0.003939314914036726,-0.007060908230469817
2020-09-18,0.00016688552420476315,-0.00043881326611730113,-0.0013970474297136653,0.0014754205310050345,-0.0011791125985207854,-0.007418775733142105,-0.00737443397587228,-0.007805906539569843,-0.008491983851662764
2020-09-21,-0.004413536655374562,-0.0018087267214523222,-0.00614938965467444,-0.0046289163130960025,-0.008611582422053916,-0.008238265653496097,-0.008307862302949037,-0.013698620299312805,-0.01121107439932285
2020-09-22,7.734160072027739e-05,-0.00350444958320869,-0.0010536785916680127,-0.008094628240961018,0.0027806317226619017,0.011341890010034812,0.011317212837000214,0.003684348905954121,0.005120627482857364
2020-09-23,-0.03620574770877825,-0.03612171535343278,-0.03510347856266072,-0.039086583805705996,-0.03315005014770348,-0.023486292679575378,-0.02346295267157837,-0.016699381468357356,-0.023362815486081285
2020-09-24,0.006115955607353986,0.0027616858608799796,0.005382270679359526,0.01043378066387502,0.0038621979750314657,0.0036765638566345726,0.003672227932354422,0.0033325508900056916,0.0028049918475456124
2020-09-25,0.020287639505257016,0.02243595901945712,0.02277368928626716,0.023324355998578326,0.020740505865178463,0.01932092158412066,0.01936836271028157,0.010594191421898429,0.015325675972880454
2020-09-28,0.015836828810474088,0.017610073547100383,0.01679579503791885,0.014454637637307149,0.016350938138602236,0.012906147286186134,0.012895781291785724,0.007587815931744455,0.016413899623831735
2020-09-29,-0.0037667350020406,-0.0023609147338243155,-0.003636741641269472,-0.004421330724126015,-0.004156025503351212,-0.002256062211798227,-0.002256454997371212,-0.00405740410649398,-0.004031078122232036
2020-09-30,0.0027653066644367165,0.012283426187496655,0.011905282257341413,0.004161046506197277,0.008379499442594165,-0.0013310315125728697,-0.0013258892198371732,0.011026304702431348,0.00847634233782594
2020-10-01,0.017902307062003395,0.015610714709634346,0.01683686868663468,0.019171308277769375,0.01693933269655543,0.0123556937436192,0.012342592819333939,0.002278825275257279,0.007354471181817906
2020-10-02,-0.02386666351107126,-0.021587683867570727,-0.022502318795224862,-0.022242601919306774,-0.019302054033407533,-0.014433440089421223,-0.014398995886427929,0.006978736803727724,-0.010507017805650833
2020-10-05,0.018151424423261144,0.016404711009480277,0.02031139044325987,0.0143582880950726,0.014249015908772426,0.016696978653056777,0.01668697091794155,0.009113000063683856,0.01851939897544073
2020-10-06,-0.00917600619376236,-0.012375973481970176,-0.015342355284856387,-0.009475228773667159,-0.010491248357251973,-0.005998324621187507,-0.006001498436562916,-0.005410150889955043,-0.011644972603328373
2020-10-07,0.018979901726620327,0.020538510589808226,0.01920798504637548,0.02391553229917803,0.01700017695887349,0.01918384410317845,0.019152985778729075,0.009308857287885731,0.018828545462454573
2020-10-08,0.007908920306511332,0.004434120008810571,0.008290729083792924,0.00584422003160859,0.006714154319527199,0.006192831894924901,0.006206085980946545,0.009356135573829347,0.00837062838403548
2020-10-09,0.007114266541600065,0.008162355023198065,0.009566412502367031,0.008408814997568874,0.008316855298235271,0.005734836249096804,0.005708805506066044,0.0019361647647280942,0.00789396026114195
2020-10-12,0.01087481093088077,0.012122399881405108,0.010782192136460473,0.009404381651040471,0.010935590540265945,0.012221648692928366,0.012196881002193275,0.005045640486521387,0.011866838038232078
2020-10-13,-0.0022313651450277224,0.00042796172385981993,0.0015180805906374122,-0.001337440794858386,-0.0018149463979956503,-0.0032830101830820637,-0.0032872343293410427,-0.005538263846591298,-0.004295688614560404
2020-10-14,-9.525921056415305e-06,0.0002622476797772449,-0.0013753598099550963,0.0010685886525712502,-0.0064223231759153844,-0.009224438003860925,-0.0092091543313773,-0.0030407185271004913,-0.004251520427101179
2020-10-15,-0.0095283875197689,-0.00811708377792739,-0.006148169033396913,-0.006952120069121776,-0.0036344130711959918,-0.004336713440627208,-0.004349030618870116,-0.0012006253907709955,-0.003273835007302523
2020-10-16,0.0011813218033573413,-0.003543800759431414,-0.0009821155087884007,0.001658944259555064,-0.002814026629053745,0.0036362097405447497,0.003647444186436419,0.0033213593387639655,0.001085596870765161
2020-10-19,-0.017512412720772443,-0.015089780244116675,-0.014344498871024762,-0.01829793195822646,-0.016654276655889467,-0.017192882998789003,-0.017180386090066394,-0.012067984973402649,-0.01455811629429783
2020-10-20,-0.003212810532012048,-0.00597674177989159,-0.0029657260443533067,-0.005494513240271806,-0.004028846829339778,-0.002992888498156586,-0.0030832280446025425,0.0033095010362115904,0.002441023980480075
2020-10-21,-0.005911357183630352,-0.00695944065493682,-0.006275315012306049,-0.008172901777021962,-0.007779774798897847,-0.011536428632021097,-0.011557936605400877,-0.002020817395665496,-0.004688956371323947
2020-10-22,0.00294056281221728,0.0003606996561124399,0.004751007741273575,0.0019362047734186132,0.003021044075014365,0.0019581148802923953,0.0020650707408710082,0.012783039677389306,0.0050829485230456765
2020-10-23,0.000771279872666513,0.003234336319687934,0.0033262616352076214,0.004097116350635907,0.002690850530861657,0.005864380057061646,0.005860124065794301,0.0010501387417992695,0.0018305862923469474
2020-10-26,-0.009300352397919962,-0.012812268173315586,-0.013473185157649923,-0.011683289038614712,-0.015380332809989185,-0.015223600105239132,-0.015275006721140266,-0.013806578076491416,-0.01858224068691903
2020-10-27,0.0009450100523811358,-0.00197626997376641,-0.002698938625830776,-0.001510528959513457,-0.002694225446352025,-0.0025237829804127306,-0.0025496949076327154,-0.007264553542385644,-0.006121172653962444
2020-10-28,-0.032180673101458813,-0.032062255168800534,-0.03132639758765269,-0.03021503001815283,-0.03352718021939849,-0.028474450905927307,-0.028478969667698265,-0.033926318163765956,-0.03280752975929343
2020-10-29,0.0051782755179332835,0.004313957246714249,0.009121013801817037,0.006015407622745746,0.008680328660758147,0.007871871054221552,0.007886933861360492,0.004116883394296696,0.010238218544220223
2020-10-30,-0.014150753194235872,-0.01968706270729697,-0.02111330855538691,-0.018448727934608115,-0.010647167621663046,-0.009334684185513212,-0.00926387264606504,-0.004743044144137087,-0.0099388190768144
2020-11-02,0.015183738160054642,0.01588166382879533,0.016928259716971632,0.02295431710322898,0.012824857475515657,0.013458815647630932,0.013448301871703823,0.01638784455461626,0.014817060329033573
2020-11-03,0.020665168219840904,0.02640337472766012,0.022371514513983122,0.024721744881170894,0.01838012639519309,0.017248955395665656,0.017259807923914804,0.01838542366567607,0.02170473965764057
2020-11-04,0.009687591075731146,0.012230871253976478,0.0176240571397521,0.010984610611332764,0.02623849074947297,0.018691772052426142,0.01858320502983082,3.702176667979472e-07,0.018694256311004794
2020-11-05,0.017264819172685134,0.014610684847924157,0.018870573685174807,0.015015933185772438,0.014648988708808937,0.013863509971037243,0.013825137602088911,0.007550525107550989,0.01991910765509499
2020-11-06,5.687738621241236e-05,-0.000302288208146897,-0.004883489922445557,-0.0031038018432931773,-0.0047338768828121425,0.0029839179245649996,0.002999789139261696,0.0014769747473939929,0.002358428804115497
2020-11-09,-0.014018224981129574,-0.010628654469267623,0.0017465887804170275,-0.008076142960096651,-0.0004491219225378831,-0.0146676311091167,-0.014473113861054532,0.018376938122358105,0.011217937228131147
2020-11-10,0.0018639447707634825,6.363716380109107e-05,-0.0003820990036594321,0.008925696924197432,0.009459599866594913,0.007068574871426705,0.007127799077087102,0.017739972459344812,-0.0006852227888908503
2020-11-11,0.012507545892831564,0.010224645704574684,0.007187653085958229,0.006226613914337762,0.004679911834284308,0.011613361440081635,0.01155756442875184,0.0006312421801103483,0.006325500482225968
2020-11-12,-0.010383522088624489,-0.009744335522551769,-0.01060238973225899,-0.011589664248906681,-0.009247426925622826,-0.008204746596094282,-0.008202625134706274,-0.011796037021086505,-0.010227314884222717
2020-11-13,0.008821443511322096,0.007044183871477394,0.009099826345203363,0.00857895301936853,0.011878578300450407,0.009569773220283245,0.009601068373569294,0.0126823306904149,0.01457875880779665
2020-11-16,0.0025497636686530063,0.002381085969373301,0.003704681095216257,0.005796989274137328,0.004923171167452741,0.005383843337927948,0.005414603471895455,0.006313366678891804,0.012145248854336559
2020-11-17,0.007523607599110012,0.005416643864322103,0.005295709800500481,0.007328439482743539,0.0028409527742225596,-0.006901947210490284,-0.006902318625304814,-0.0082257997335194,-0.0026196063814817134
2020-11-18,0.006195712655981801,0.011871945181036387,0.005816212812492328,0.00908634931093141,0.002502500028158421,-0.006702169511424615,-0.006669526357854711,-0.010711983852860566,-0.006967029242048291
2020-11-19,0.004226369172201976,0.0049223993310359,0.005631614420399313,0.0037388495977410305,0.0037654787811382787,0.0014425925799757403,0.0014333819377343817,-0.001327946121839623,0.005819378746264656
2020-11-20,-0.0022894524052597953,-0.01003377324199933,-0.004985133318378576,-0.004440758642046923,-0.0038092550725190764,-0.002948295769488563,-0.0029714655668488807,-0.006309025157360979,-0.006074424287112375
2020-11-23,0.007438335368668802,0.012964347756070856,0.013296559462328016,0.012075246136999831,0.005922492985711936,-0.0036376023400462487,-0.003607120060849348,0.002772525200357647,0.010689599139333206
2020-11-24,0.01886350483026438,0.021870753026894715,0.020954966616846125,0.021269640106077053,0.019201447313992693,0.00896196961993392,0.009014856202354841,0.012729546408092776,0.016698073996101192
2020-11-25,0.01391428374152162,0.00888617440262154,0.005787784142425131,0.012666730094958075,0.004351838388294824,0.006142867469802713,0.006100041715614662,-0.003453587035724311,-0.0017226114860632797
2020-11-27,0.0026390911267319558,0.0036025369956565506,0.007222859298515574,0.006586178631766207,0.0036939736073493224,-0.0014565037766685646,-0.0014744929056495686,-0.003138487423041094,0.003635285758623865
2020-11-30,-0.006609179450404354,-0.010865516282840592,-0.008112478291513077,-0.010785695383584697,-0.0025022593334824827,-0.0030749396311627306,-0.0031135405792064343,-0.0019630806339652703,-0.004195701833908985
2020-12-01,0.014269792586177223,0.013845215487197991,0.01361780827034845,0.014539863210636496,0.014767912821955633,0.008998684998356135,0.009011635462351624,0.007133561170170933,0.00922214361311538
2020-12-02,-0.0019047588302969901,-0.009695371684187193,-0.005329972641645804,-0.006808442497986093,0.0001490659039185252,-0.0007778929370278725,-0.00078975852791596,-0.002541915116659325,-1.092892671802708e-06
2020-12-03,0.0055220612629209905,0.00735313146720804,0.007360369547812429,0.00788872400336243,0.004562350914517191,-0.00505646960105877,-0.0050668720122928265,-0.0005950049349622325,0.0017980248338771972
2020-12-04,0.0033209177786704125,0.005353765834273595,0.006100732465238935,0.005149240982592471,0.007035510429674878,0.0030656926000275217,0.0030824904480024934,0.0034165852896193673,0.012285706153700724
2020-12-07,0.018933009024108122,0.016771087548703816,0.018122564720485304,0.018364055307696206,0.013439212656971932,0.0048750343824084524,0.004862535670423146,-0.003567358061849899,0.0008787107686308752
2020-12-08,0.0021497667243118045,0.0012794307678794217,0.0040219549779497875,0.004945659253279621,-0.0001897853876925393,-0.0021334468410076227,-0.002165516412712103,0.0023863869937782536,0.0016805044548511025
2020-12-09,-0.023638597456438377,-0.02169092502827626,-0.023488856956538007,-0.02193058620147073,-0.020920364816722464,-0.010488259426693625,-0.010457847220073932,-0.0003053828747567598,-0.010063058860892423
2020-12-10,0.007833727070899042,0.0052548198561840264,0.005792553242207528,0.008037594858371164,0.0041026476252066235,-0.0022167787362545256,-0.0022161744752068196,-0.005896755143616373,-0.0008616884785291913
2020-12-11,-0.006607569229656702,-0.005530026592412587,-0.007121329248647538,-0.007392534081895534,-0.00788187749624234,0.0012155974165234914,0.001247861902936592,0.0017606791028486875,-0.0024003174094805826
2020-12-14,0.010337147168972608,0.013118599089428567,0.015208197573429966,0.011867440867104551,0.0069452698347893605,0.0015287234379444223,0.0014601705574627595,-0.007093894543394404,-0.0007565027583846418
2020-12-15,0.0055698667716937295,0.004093231179089839,0.003704930628678583,0.005900678006432958,0.00683038509966381,0.008490790737814665,0.008510508169813632,0.009624334406204466,0.010380928516375516
2020-12-16,-0.0041432021216703035,-0.003948870755380714,-0.0015175514273959119,-0.002225146260366016,-0.0007635489592776382,-0.0012299785663272952,-0.001312974238563228,-0.005475791482635412,-0.0011934401875936147
2020-12-17,0.0204970411609082,0.01799836479104951,0.019167473500957804,0.020740092700247962,0.01742155846282523,0.008425736942502348,0.008420154952976485,0.008457593199950389,0.009329915908412468
2020-12-18,0.012915535824506533,0.012986407946757343,0.015251450885796073,0.014155560738524003,0.008797944015211239,-0.0011720908179243192,-0.0011752818053829112,-0.003910903054752965,0.0016254567611075387
2020-12-21,-0.02059388410212681,-0.020449155636126218,-0.021203879569282106,-0.021392441947731343,-0.016934298275577592,-0.006250375795786572,-0.006268984915704874,-0.009578465470222548,-0.008178346219478005
2020-12-22,-0.004345330803586001,-0.003245501822589367,-0.002417029028486407,-0.002651965870376027,-0.005124690401682849,-0.0020677173274296708,-0.002076591955170059,-0.0024990815719605894,-0.0034687887129082177
2020-12-23,-0.0019403680478367732,-0.0012063368333601878,-0.0008342313233232547,-0.0007724027274294856,-0.0021274789687913626,-0.0051605315389494635,-0.005146571150466143,-0.0010344298975941985,0.0008586102551236901
2020-12-24,0.009434759467377618,0.009579961307064885,0.00887796341991567,0.010170574675637754,0.009387197825061531,0.006626556517805787,0.006641626989862818,0.0027937027006830688,0.004453315505408633
2020-12-28,0.004266228589204936,0.002790966320349196,0.002186225308144791,0.0062790209596644145,0.005926546786110495,0.004762850870982286,0.004754171656025977,0.006317540431154655,0.0038295919190550094
2020-12-29,0.001638578131515269,0.001270374017637779,0.0010612481666773266,-0.0002841085563933058,0.002651558758430336,0.0018065031551077941,0.001796263826081003,-0.0033366621641624985,-0.0021539558116169537
2020-12-30,0.008974992908016812,0.011065278566362153,0.009393397971640799,0.011065806377293829,0.003928343475054522,0.00024107036276811353,0.00023448884514319564,0.0015651865783342966,0.006058832729360868
2020-12-31,0.014165174910736125,0.011200995392704942,0.012102104431234032,0.015543618522796935,0.014032582533837872,0.011761052942541417,0.011773390202417579,0.009220473838231621,0.008640743231677465
2021-01-04,-0.011551250519197254,-0.0022796806033938966,-0.011984499560612871,-0.009607363840472671,-0.008323169835173339,-0.013165669594137008,-0.013132592330692083,-0.010869619048208934,-0.01512790581202672
2021-01-05,0.00136329810227344,-0.00031138624134969194,0.007231834168168145,0.0027003868182623805,0.003240057241010161,0.004655398636487553,0.0045941441369148316,-0.0019286073944438564,0.008840141747901691
2021-01-06,-0.0021712577993124992,-0.004745113469219827,0.0015605921359211172,0.004092423875004188,-0.006492839342385679,0.0023718132868242522,0.0023646146300813206,0.00267239542779249,0.012910780823904781
2021-01-07,0.016652145669986747,0.021323931986956153,0.015912663753560253,0.016368404987088966,0.017099155637779508,0.021867939818343927,0.021718595130541727,-0.000547353224016392,0.01240911257652941
2021-01-08,0.019937559319630507,0.019107607644230935,0.006274225666932467,0.02127130936409918,0.016983948780366444,0.02067395978180227,0.020678256261153403,0.0025317404122366404,0.004450825349450464
2021-01-11,-0.0190727641405123,-0.012023533405927232,-0.004626207407771292,-0.016182385812342097,-0.011114952266987964,-0.015319554821956302,-0.015314649888597757,-0.003595635985565922,-0.0010419857628587413
2021-01-12,0.0040662288029033765,-0.0014632548200172256,0.0003280463070491424,0.0007782903116252586,-0.0010701711321029668,-0.0019910029600150084,-0.0020509974407809193,-0.0008226962864108111,0.002528306323535947
2021-01-13,0.010287237065886275,0.002518308351044406,0.0020712374863675566,0.009347444468267413,0.006268198840199887,0.010137525064271612,0.010155923489288149,0.00045476904393957463,-0.00014067047122638294
2021-01-14,-0.00577375870723509,-0.005156779879693518,-0.011023629185382163,-0.0032512377376474905,-0.00689083088642483,-0.005208305077968851,-0.005172485566357778,-0.006232560111970487,0.0012350670091287395
2021-01-15,-0.006266206406386249,-0.004639976719326384,-0.007541617427082017,-0.0038826923413772547,-0.005044119996628164,-0.005415955937849727,-0.005385102518887739,0.002361168963303784,-0.009303324053593744
2021-01-19,0.001688958328974139,0.0014059187471701276,0.0006253588975964727,0.004562480642616733,0.003703740793167154,0.005437289598233441,0.005343661917182454,-0.0046047418780375835,0.0073619533318991116
2021-01-20,0.03188975770674156,0.02547889896799544,0.025217410318206086,0.017759025868170544,0.031182326683333376,0.029515306445587735,0.029457994442327856,0.008889002356574643,0.008254226700075138
2021-01-21,-0.0005252696656971375,0.0005497569750658105,0.0030158465069742295,-0.0006482606158040924,-0.001984937143605656,0.0002005164480826416,0.00018939883046051014,-0.002735945979468005,-0.00544142373778053
2021-01-22,-0.003181915063997605,-0.0018641347676119013,-0.006974534143533897,0.002213589095256873,-0.0018942223901913468,-0.0014789719516014749,-0.0014587949386685088,0.0016377031172048607,-0.007127516946094919
2021-01-25,0.00875958505541549,0.005426986136759601,-0.0021039219012953607,0.013867061797261696,0.0054294242655679855,0.011351319629237456,0.01135484137510754,0.007706475607731137,0.0001265961526543023
2021-01-26,-0.0037349359189820766,-0.0023950368113879955,-0.004501954108342654,-0.005168150453457498,-0.0042383689745023444,-0.008205072669793806,-0.008187335188554417,-0.00035041295426223903,-0.006052314280216131
2021-01-27,-0.036822545263404886,-0.03864799874898614,-0.03449546257731607,-0.038240621813526214,-0.037841566429117096,-0.04193276320891664,-0.04193787600555885,-0.022171339271126186,-0.03055087579668042
2021-01-28,0.006924776583769875,0.014219098304729689,0.012753601556872307,0.01065516329387665,0.012222338862195344,0.017786452399542234,0.017870506573712842,0.004515947469122174,0.016084623115330744
2021-01-29,-0.01750507502194813,-0.021067395980297464,-0.016460189877373074,-0.018339338713576667,-0.016097044288869735,-0.01938990566072672,-0.019453413738964937,-0.009184065363919745,-0.016800284786366967
2021-02-01,0.01865963794963977,0.011952548659067459,0.019405207702347792,0.01693957554481734,0.016962546065852697,0.017754293279542307,0.017639777136019604,0.0005584615827537475,0.013653874872590458
2021-02-02,0.01754018276963957,0.017945700584515487,0.018249577813355334,0.017010083205814465,0.01797935562970966,0.02118364699486869,0.021188249696158526,0.0031808176355190465,0.015753236885004216
2021-02-03,-0.011651744484902677,-0.014358274732928706,-0.008059237167193983,-0.012339545355121672,-0.013506440858135816,-0.013698946971021359,-0.013654901035296391,-0.0003178312545534772,-0.0003349993660557506
2021-02-04,0.005955686765369829,0.0070985043537380894,0.005717395217409602,0.0016915020082049108,0.007054860419454471,0.0037343980938894087,0.0037213674055793563,0.0040924281143291715,0.011852026835221833
2021-02-05,0.001659715028722588,0.0021211905909449555,0.0015333423684231412,0.001987276021332965,0.000326873694488405,0.0020853118382018203,0.002069742093652116,0.006722015812360175,0.00388957731326164
2021-02-08,0.0017990103822578902,0.006427214235261507,0.008379731004606516,0.0019269223833228047,0.0036085146270929858,0.004726937303107521,0.004689362422765379,0.0023579166297161315,0.010422827072499058
2021-02-09,0.0029487164025245585,0.0007532178207563574,0.0011380218409573941,-0.0016086053023393837,0.0017640140082520457,0.001719477049979257,0.0017649987914526257,0.004014347169210555,-0.0008922376651259547
2021-02-10,-0.005424871795041377,-0.009687882531509932,-0.0014461903599092656,-0.010657379393417689,-0.004747473035131909,-0.005111936566696274,-0.00513807736329128,-0.004433208128487341,-0.0007015184077089842
2021-02-11,-0.0017799179027043303,0.0037105705417148863,0.0044621419191090556,0.0010867219110294766,0.0018612201332665933,0.005365580900451782,0.005304578310251792,-0.003361716663404814,0.004524520759332823
2021-02-12,0.0009469065125891189,0.006202470400473689,0.0017243773822412543,0.0013465364659476931,0.001630721325209599,0.0014975999249775757,0.0014792323361777016,0.0001472382932587546,0.004557982315435811
2021-02-16,-0.009399274324095465,-0.0036860305403359447,0.0009330407304106551,-0.010180881599049079,-0.004979182620507467,-0.009145464584540785,-0.00913078913272022,-0.001025582040769675,0.0014067589309809704
2021-02-17,0.0032979295220610604,0.002344217287107771,0.0006327808351259336,0.0034131372552260028,0.0018500311633764465,-0.0008877173422114198,-0.000840163603427219,0.011911193663770806,-0.00031795633387033317
2021-02-18,-0.0010600524572953872,-0.010967083342678543,-0.0026644448626276197,-0.005258043204097061,-0.004350875856704152,-0.003968213105520156,-0.003993057705898712,-0.004653721303115062,-0.005243601770151634
2021-02-19,-0.01428567037637998,-0.008945631361701904,-0.006955134318571914,-0.017477512812639213,-0.011290438267633818,-0.015880140064527596,-0.015894161196296244,-0.009549873362904436,0.002226894127724785
2021-02-22,-0.024135679274979605,-0.023249692016630498,-0.008922641002469466,-0.03002941506496438,-0.021471849685940864,-0.031040113710505177,-0.03098608462273564,-0.0021774091687351855,-0.002989582565175857
2021-02-23,-0.00497474248510881,-0.007201503891995193,0.0005267494947624096,-0.0053116118578981275,-0.0015248330689738912,-0.005304412263335918,-0.005303606060324798,0.0003206362365516767,0.0017296420286542168
2021-02-24,0.0067124457669727805,0.009873417568445442,0.010594120587346668,0.0026321070213734385,0.008070175688318077,0.009129443433009272,0.009127982153549275,0.0006406320847454446,0.016304242432649666
2021-02-25,-0.021900406329148185,-0.024594325680807994,-0.024799692981175837,-0.020823665575826523,-0.024203053943836407,-0.02387329245187192,-0.023768525889858522,-0.006620299066297251,-0.02296459341316798
2021-02-26,-0.006130756768427422,-0.0023033535160746884,-0.0019566018450017726,-0.002425552988481304,-0.0033080035494141916,-0.0012850385276497432,-0.0013680554017023983,-0.0200803383119277,-0.008822470561492464
2021-03-01,0.023468140551347556,0.022614485193718534,0.02078004674324841,0.02316308562604832,0.022229880897533895,0.02547110470701614,0.025386863833188687,0.008917815114872581,0.022495256414374765
2021-03-02,-0.01348129081116118,-0.01644007403634777,-0.015039784723554658,-0.01095127145213861,-0.012481733782233701,-0.01154895103265024,-0.01149709210388315,-0.0013500125328594053,-0.006477997476075105
2021-03-03,-0.03047861884356789,-0.027670894626534666,-0.019950490594335898,-0.02688321456852092,-0.026452997389529817,-0.03451502025717906,-0.03444235086676103,-0.006605873299576146,-0.010339912288300383
2021-03-04,-0.016834572153383066,-0.01723245907297806,-0.015987159215498713,-0.014462327261052404,-0.014645807533286878,-0.018767783937407866,-0.018673235195724353,-0.0049344826158073405,-0.012303745261312867
2021-03-05,0.004626779612894579,0.008738466912850493,0.01813459141648348,0.002817822437826066,0.011861526192451663,0.0038847630168658102,0.00386335331527373,0.017670576620342597,0.022260294390345096
2021-03-08,-0.017940604241374968,-0.02166361511174115,-0.013044615294013627,-0.015929753689985865,-0.020400633543833813,-0.023945659230226585,-0.023887754225342114,0.006967477175336663,-0.0009609249099668038
2021-03-09,0.03894111369887007,0.035704460908373606,0.021603938885294428,0.03976087343079248,0.03080770604302423,0.04396950923961919,0.04378906210930199,-0.0004865734901801589,0.009079850976525744
2021-03-10,0.00045553849413751196,0.002851530204365219,0.0018672573773009194,0.0025640387200349165,0.0009659117262153084,0.0008615684883463309,0.0009488730000138312,0.010561397896111031,0.007141475370559274
2021-03-11,0.01891314085738214,0.01945202265546699,0.014669427503243505,0.016232618332127368,0.017830324741390974,0.02079051505187375,0.020726802605823224,-0.0074465491151040845,0.005863144366349197
2021-03-12,0.00015154770846641848,-0.0022820512266285772,-0.0005907602562941719,-0.0015939610798072358,-0.003931459143530247,-0.003327186534081905,-0.003295381289392426,0.007580138128025559,0.004220178863317052
2021-03-15,0.00803147168197245,0.0105485853931904,0.006245021832022437,0.005529075519175433,0.010762070928751291,0.008394437211726818,0.008321625152382899,0.007266982768857749,0.006953176440946052
2021-03-16,-0.006556582223149064,-0.0050104675880123534,0.0009133625697415372,-0.005167123863085558,-0.003189320749515207,-0.004029303245445203,-0.004037247946855487,0.0019249303434605545,-0.004007759090920566
2021-03-17,0.0042181617662174695,0.005122264456346672,0.0006458523845938888,0.0036242717636576984,0.007583193309879017,-0.0005774301082317029,-0.0005712726729338571,-0.003241006573081022,0.003751005998608886
2021-03-18,-0.0273419599249123,-0.024194782754772805,-0.016345334770496173,-0.024258643092711994,-0.02422511635756074,-0.026901679401031137,-0.026842007434407622,-8.962351464500045e-05,-0.013065217789301047
2021-03-19,0.006570115046348565,0.01000108737046271,0.005579854783797975,0.004874306867168353,0.006446354405047454,0.0041415328613647,0.004119131451432583,-0.0016656566219104272,-0.001866869857590945
2021-03-22,0.015889381678481387,0.015112035321879068,0.009334565826294258,0.015957965041099705,0.015312539366106841,0.01655356442629363,0.01655482996903096,0.009336454331704932,0.005281145005812121
2021-03-23,0.007330378159583745,0.001171801239050254,-0.0015253871340678035,0.00662988968228503,-0.0002105163915514634,0.007869373279007854,0.007931978884677792,0.005115454883597159,-0.009571449799746685
2021-03-24,-0.01718605172123211,-0.013718015229746488,-0.007153338532894601,-0.01306994114745298,-0.01297678929933807,-0.01666725091754966,-0.01660326793125551,0.000594910563151274,0.0005823370456515063
2021-03-25,0.00433637992972919,0.002461262207056663,0.0002057579441184816,0.0036585313183948756,-0.0009585503021602408,-0.001573585364202094,-0.0015624457458159068,0.0059246976711409115,0.007818862667788912
2021-03-26,0.009061745507455839,0.016054770901756985,0.018633015247583706,0.007672333949441271,0.009928492339917426,0.006663046833991553,0.0065785251709376,0.014314600384844016,0.020652814478077892
2021-03-29,0.005859463680566597,0.0014129091968227742,0.0006718493181451576,0.006002132278248,0.005171161479047765,0.005146296259868719,0.005211851602147579,0.010313789248464886,-0.0020083234661824956
2021-03-30,-0.0049713317931880385,-0.006736530258066761,-0.0059579665352247095,-0.006345426998920543,-0.005679443269377203,-0.0034616273422340715,-0.003452787273952016,-0.008783185872266197,-0.0025827232233206245
2021-03-31,0.01548032995022147,0.009118507737467672,0.006149267138710476,0.011367064133182853,0.010175087786983414,0.015091268078061007,0.015041046400336926,-0.0024768623424773913,0.0016379888883762328
2021-04-01,0.006461780675724356,0.004668380334905798,0.013269153260482178,0.002534814285758364,0.006932113359637981,0.004897686912003672,0.004793967928500215,0.002456817694801243,0.01081151757128068
2021-04-05,0.017715584554326196,0.016783987307900462,0.015075469214100601,0.017644037304676962,0.01456737998776315,0.015055573842091547,0.01500913547811556,0.012409329591448628,0.012135564857635462
2021-04-06,0.0004283700330094079,0.0018720105011546318,-0.0023822387316340776,0.0026333109281745843,0.0005109092454314002,0.0043699842317707314,0.004376731480175707,0.0028122000245597275,-0.0016040005584595813
2021-04-07,-0.0011300876227287012,-0.00478031584105832,0.0007863282609210097,-0.0014979263022151226,-0.0005032059763274249,-0.002253965263566025,-0.002221491831317169,-0.00016684440958088145,-0.0010829126137275955
2021-04-08,0.007615571453708798,0.0077226442093515655,0.005368162597201802,0.007329460131107619,0.008229840230303544,0.010457554398168404,0.010449819288700278,-0.0029845633808587885,0.0023998267754830795
2021-04-09,0.005951557116649513,0.0030836651737120996,0.009072506547998415,0.005920465412525837,0.004778328004260038,0.0043265313061473815,0.004322784628610427,0.0038744537871746,0.0059623596313261315
2021-04-12,0.003691973490421466,0.0035252993482162084,0.005452851984603338,0.005310341652071548,0.0075588774159007,0.008934856314359262,0.008901641782012188,0.002749976751316686,-0.0014870907353021427
2021-04-13,0.014722441448294245,0.013407366606817689,0.006816124642263616,0.018175729716664864,0.015150916955386645,0.020759893056049025,0.020720463020646167,0.0023809268063829025,0.00021149170387771337
2021-04-14,-0.009107926925701693,-0.010239447030530634,-0.008209450219038407,-0.010357290043755445,-0.011897223375247316,-0.013360732304934102,-0.013296346503332827,-0.002855270095519315,0.0003395455569850122
2021-04-15,0.01714923591076977,0.0183939641794748,0.01611625547417899,0.01809041701026156,0.019262203281468326,0.02068939927075966,0.02070544395921315,0.00904010330242693,0.009062936053683461
2021-04-16,0.005721453655568149,0.005312917147812442,0.004165506949138637,0.006399252442538317,0.004574477093821354,0.00399667223936802,0.003974997980712708,0.007373106906567381,0.003868802335489164
2021-04-19,-0.00798703163048231,-0.010547976118027005,-0.008005056468196986,-0.010190137213179186,-0.006837362405566207,-0.01103535047121756,-0.010976858909105653,-0.002860394515911266,-0.007310500794970376
2021-04-20,0.0027852713775275415,-0.0003628736948428323,-0.0028982892186364363,0.002868466156064294,0.0006122957859667373,0.0017348004182185192,0.0017801475397762898,0.004277341748481924,-0.007570806657650643
2021-04-21,-0.00482442972397402,0.0007710591824443653,0.0015394422749510092,0.001126757187219047,-0.0007609002694512981,-0.006048339665114599,-0.006057752994892776,0.0007854266097184219,0.011023840877905656
2021-04-22,-0.00899201823529008,-0.00764563410914176,-0.009485841769746022,-0.005523892881250785,-0.0055936560399262765,-0.003133808765190432,-0.0030909233060921015,-0.007516412925074198,-0.008369111265490083
2021-04-23,0.005667327925464353,0.007242154762623008,0.009846903372523528,0.006027322383970321,0.007617152903991414,0.00763919967980827,0.007574158195425382,0.0010722205546444662,0.009095681505963961
2021-04-26,0.0013592401153006946,0.0006661647592106203,0.001067570579578839,0.0018732759716209642,0.0018823677378011822,0.0012527599114155192,0.0011978422716129864,-0.007658586466883603,0.0010942481049346032
2021-04-27,-0.0069293324338815,-0.007303351118701195,-0.003815032079755854,-0.006530242838858303,-0.005895316375673449,-0.00786753106086903,-0.00782354315746328,0.0024180898162204996,0.0007080071934199908
2021-04-28,-0.001953539424106918,-0.004268083290570856,-0.00017601238053739556,-0.0021187677396284593,-0.00209252582670774,-0.002875573595417675,-0.0028661815237040747,-0.0007408431935243493,-0.00047872544518307475
2021-04-29,0.004156127130479354,1.5805849073012988e-05,0.005746775427878235,0.0020027910090281062,0.004486938438748584,0.0013860969686276046,0.0014307214213906021,0.00900778545227313,0.006328418493172481
2021-04-30,0.0033915061748755687,0.0042657498065611825,-0.005866486582951188,0.004740141721003249,0.0019248998943227527,0.005315472376445051,0.0053379018276646095,0.004585609662534066,-0.006844314497898892
2021-05-03,-0.0007538331140849594,0.0016428547215410546,-0.002197045528844043,-0.00319121497053551,9.093171292938145e-05,-0.0055925555968713405,-0.0055097045093257975,0.008969615939606749,0.004271292297582053
2021-05-04,-0.011530857862057146,-0.011336063632821431,-0.006407235460873565,-0.009299020330802328,-0.008435751193122128,-0.011955263001896473,-0.011967558759950038,0.0002614711639909205,-0.004025642031259696
2021-05-05,-0.0064961623905340216,-0.001707866366198709,-0.002647151371743581,-0.007264158497518232,-0.003063076206940729,-0.005933175315602494,-0.005923563809344185,-0.002123173126827146,0.0016406965273051612
2021-05-06,0.008818057582651119,0.009366998305849016,0.006984743818989611,0.008491244941556085,0.008777238211957016,0.004350597872939063,0.004377395087880545,0.003732119892541444,0.007657466049223784
2021-05-07,0.006190624814579039,0.008361945874942971,0.004596625589719488,0.005819050522868011,0.008282879807014509,0.009897791579351453,0.009909413748147591,-9.527707460091266e-05,0.009206353806032378
2021-05-10,-0.015745000397139684,-0.014779352383237802,-0.01352806684396531,-0.010874302633215132,-0.013672393327851445,-0.0165882212863694,-0.016510232696148968,0.008319510899709653,-0.007370334945542467
2021-05-11,-0.004470947559342029,-0.005074656148048516,-0.001696895519919299,-0.0062213469441518305,-0.004755227421749928,-0.004784618903930263,-0.0048328281508109696,-0.012570051485729193,-0.009698400739275687
2021-05-12,-0.02166509890306744,-0.021046291790989876,-0.02227261525465384,-0.020650828179340056,-0.019290665932930603,-0.025473653892971404,-0.025398320817765937,-0.012481631715588207,-0.019861764620073958
2021-05-13,0.009343174771302887,0.009082580373086305,0.010080282309942469,0.008043541066782206,0.007837482856335218,0.00551092909420663,0.005528980184368677,0.013046127889476528,0.013341251680235724
2021-05-14,0.013264103499746521,0.01705802964945237,0.014390169036544793,0.014619608721356649,0.01480721717053015,0.01774340024495889,0.017757047019704805,0.002752312818101093,0.013554497973254557
2021-05-17,-0.0042510996542440265,-0.009937315581299734,-0.002360383981233648,-0.007410727619134628,-0.006514628572308821,-0.01212571968421533,-0.012153391112741833,-0.0025337240597567406,-0.0028646855342126234
2021-05-18,-0.0037611760311174634,-0.0021105431438028653,-0.004420125554874612,-0.0033821903205314965,-0.006204998841189938,-0.001987409344898611,-0.0019687262986145464,-0.001372076213967634,-0.008240062281257165
2021-05-19,-0.0006033293713244158,0.0013928048397769098,0.004087470277639938,-0.004188035858292719,-0.0030218135347989095,-0.0015421507230639188,-0.001568657859133427,-0.0030781254593778822,-0.0022069271027640655
2021-05-20,0.015747276005622892,0.01820018106333165,0.013266516171090004,0.016545909114888298,0.017147205143496057,0.02198256469441894,0.021952646938371446,0.006062830402467036,0.009434460960938982
2021-05-21,-0.00481940341073752,-0.004399554422374693,0.0016033375168883134,-0.0066803953284036675,-0.004484977990297377,-0.0025943726520683947,-0.0026179329070422333,-0.002292360932390113,0.0015505383846130317
2021-05-24,0.008571477491875748,0.010314793444570708,0.010746927273302863,0.008254196888840859,0.010828160815443546,0.012459683229993199,0.012426973180357395,0.0019055227716894268,0.006968836691162174
2021-05-25,0.000435346074681782,1.953288702696322e-05,0.0004422855138797352,-0.0013083343409656257,-0.0007771438962465414,-0.0019441528293919035,-0.0019581913005174,-0.0029339921821556593,-0.002616345313402527
2021-05-26,0.002668777730866904,0.0018373209331955733,0.0003333841746708544,0.0001814850020775277,-8.57112176051988e-05,0.0009685472454184521,0.0009482103121177984,-0.0016023204617558072,0.0011483953850193063
2021-05-27,0.0005026705275304715,0.004854868620135518,-0.00047300851447877964,0.0026667265187745896,0.002939656563301047,0.002639112562917246,0.0026493541134615106,0.00033792815096533743,0.0032008052938374792
2021-05-28,-0.003834326493021401,-0.002631845731516309,0.0048935356917178055,-0.003757601410635128,-7.220366843268708e-05,0.0012441080508531325,0.0011633106473266377,0.0008408348500974599,0.0020851504045492973
2021-06-01,-0.004858219422474208,-0.008083030248119032,-0.004014615176673893,-0.009831330662585321,-0.008645049664579246,-0.010742107237423986,-0.010739900656351378,-0.0038902534616246597,-0.0001183095739063958
2021-06-02,0.0003027536939411704,-0.001513357950832473,0.005597116779435042,-0.0009396606134808845,-0.001204481060077108,1.9352444914025994e-05,-9.372847815343145e-08,0.0037810163050245493,0.002077440831472831
2021-06-03,-0.0065807965939845186,-0.00714354714510909,-0.003717906943366074,-0.008552562102317906,-0.006961817919734467,-0.009110473597673429,-0.009067939764416963,0.0030759665920349678,-0.0003034351581767251
2021-06-04,0.013234225482325316,0.013143739591839895,0.009915567450436811,0.012423991153495796,0.014404378605880874,0.01479153469107528,0.0147888107666985,0.0026235493284311752,0.007535939052391582
2021-06-07,-0.0034147420625770075,-0.004246979355774746,-0.00434292738769009,-0.004276332682106413,-0.00381397997198804,-0.0027269535299593983,-0.0027485383487273374,-0.003673492243007978,-0.0009864007106049155
2021-06-08,-0.00043646862281835025,-0.0024063607348736283,0.0006640407478286397,-0.0008073327887388495,-0.0019858121489468618,-0.0022204883961066536,-0.0022354288414107846,-0.004230999980496259,-0.0017227296366128554
2021-06-09,0.0026072246267878863,0.0007676374087464111,-0.0028256377736169576,0.00464986483155724,0.0012154253863613036,0.00048232979998398865,0.0005230220981411194,0.0023132260899090583,-0.0020925178590869183
2021-06-10,0.012846251193032851,0.01360634055866387,0.005662979535537338,0.01632270635079439,0.011445290275276524,0.013778198409208249,0.013779502056109283,0.008048606940298807,0.003871848671969215
2021-06-11,-0.00015865929923332268,0.0012989134536350918,0.0040134130805348,9.038601436281726e-05,0.0017299605861615405,0.00371136951939039,0.003705409982892087,-0.0008165140672502239,0.0012549053818777496
2021-06-14,0.007613873345716885,0.007515749249108609,0.005365160152496309,0.00552393482649961,0.00703796499380641,0.006647918197766243,0.006649308738707199,-0.0008662333664425852,0.0005829576998907633
2021-06-15,-0.004210995862062093,-0.0061847805957909886,-0.0034054289174988294,-0.003731409110746154,-0.005760304776602067,-0.005774482642648856,-0.005724072451279272,-0.0011599530947076918,-0.0003442698301129059
2021-06-16,-0.0027570815707069567,-0.0063331665560588555,-0.0042430886334248125,-0.0027916732282431823,-0.0030569017043595905,-0.001465306077086088,-0.0014861896043351533,-0.009540407181489408,-0.0072999654475675415
2021-06-17,0.013534776509308902,0.015014059149977978,0.009587062435754152,0.019307529699064394,0.017592407816976723,0.020464815562511444,0.020434979821707625,0.00012403914624873152,-0.0043737874305773165
2021-06-18,-0.003434910834557823,-0.004483481612009237,-0.008703603601105886,-0.004215543898376319,-0.0027142494103371403,-0.004914754587429479,-0.004933447002821526,-0.011790633413318308,-0.015718220289624066
2021-06-21,0.006061752748538294,0.006889453770178737,0.007431782046741577,0.007207963266348126,0.006576252550139973,0.006481648236180238,0.006522765380465467,0.012516677427487539,0.016623194322623488
2021-06-22,0.00823394341296398,0.011387788626638475,0.00848531090475613,0.00917555553328698,0.011416963266201435,0.010840347578043598,0.010856961501883488,0.001803487527692223,0.0028356470449605402
2021-06-23,0.0029803942819353027,0.0032520269351072745,-0.0009907775348543103,0.0013662639043915143,0.004446357318062609,0.004017587605576918,0.003985719956619297,-0.0037617957002695325,-0.0008258854354877328
2021-06-24,0.005233840539065616,0.011028464183965483,0.005384238045769661,0.004167628862622736,0.007908395454687276,0.004842061877783731,0.004857293033328575,0.002713014639596551,0.006900685263193716
2021-06-25,0.005803795991461378,0.004417399289412456,0.0032400404857778563,0.0026544076039297947,0.00510119067541391,0.004063218494079002,0.004108565587430309,0.00585278897008985,0.005703839947148825
2021-06-28,0.008106686825881101,0.008440389273851715,0.0071520232635488915,0.009771724989714643,0.007849676666386559,0.0158923873761704,0.015834362731416935,-0.0011014854167416001,-0.0020408638068277756
2021-06-29,-0.002422036705138213,0.0015116141762011475,-0.0005894966928098147,-0.00402903120957523,-0.002033873448091772,-0.004591884372782438,-0.004616597828155229,-0.0014101966851029072,-0.0009721073243071257
2021-06-30,-0.0021471844971984065,0.0015892899848294082,0.0015620099657539033,-0.0020611570841954203,-0.0002441638933509717,-0.004349589242064213,-0.0043462293976470525,0.002424204657586587,0.0032232683662441887
2021-07-01,0.00669403422059582,0.00306478248077905,0.004033210856578756,0.005687311771848528,0.007593181085967088,0.006738085683691475,0.0067301418657409635,0.0027619683653819648,0.005158346084020567
2021-07-02,0.00930916657710051,0.008712494353107371,0.009033908601440415,0.009972669248386896,0.009256836891498407,0.007719014915806156,0.0077499780173220295,0.005834792170597031,0.005399710827414554
2021-07-06,0.005865433867630432,-0.0005356245121840529,0.004780216539612326,0.006773505599282148,0.004405218456345329,0.006336565423904121,0.006299573701770591,-0.00010589334160744562,-0.0059127717047216845
2021-07-07,0.0035132173005529062,0.004415955602756442,0.0007074729926832622,0.0058903437606984315,0.0022642179410241594,0.0014593888408774218,0.00152737430812064,0.0054820100787571595,0.0014743815411058906
2021-07-08,-0.00101505958761051,-0.0014322037268990338,-0.00630551349944877,0.0006341807012821625,-0.003600973539182723,-0.0028416227192519516,-0.0027918869909880333,-0.004161957060900846,-0.008908802576470665
2021-07-09,0.006040821907135025,0.005785072620998331,0.007526136458477941,0.0018375702824639057,0.005428719067063194,0.002832123708391897,0.002806535741063519,0.007166019982294514,0.012268792913942724
2021-07-12,0.0005222213845137897,-0.0015408039003585016,0.006117133306609332,-0.0017508654444377963,0.0006193937894402743,0.001987463983982577,0.001874402736052063,-0.0006120674363859653,0.0025712108022061205
2021-07-13,-0.002641091181395362,-0.0034164285529158928,-0.001410429367749048,-0.006528013785300898,-0.0046616018270455315,-0.0064849146840016084,-0.006487998694292276,-0.002237383169991737,-0.004792224674064318
2021-07-14,0.0015384762279478448,-0.0003386611194769951,0.0003405512805605462,-0.0009810540732292086,-0.0017446801250181009,-0.0033553206930400257,-0.0033370578126921853,0.005890292362756971,-0.0001373628887694368
2021-07-15,0.0009826267031178343,0.0006925809789461063,-0.005556045495522558,0.004085535946027229,-0.0002359190654169958,-0.0009496849776128845,-0.0008940773105905632,0.0025405174260274893,-0.0028222970641935533
2021-07-16,-0.003569335115194817,-0.002580726574870884,-0.01039418090444196,-1.978320826368472e-05,-0.0051962700198126995,-0.0018520284536475064,-0.001802561474340213,-9.975247956231953e-05,-0.00775865738566276
2021-07-19,-0.00260228989546608,0.0016196627580350425,-0.007092478022604097,-0.0022705254110600933,-0.000382440697616883,0.0003505434767914194,0.00033768298120290697,-0.009815172102163903,-0.016448469690509736
2021-07-20,0.006385015430058278,0.007469584136635131,0.007863959411546415,0.006979056083267578,0.006058197806779121,0.004592903357361744,0.004632873960813119,0.006014635181333204,0.015846966041441257
2021-07-21,-0.005372589998968259,-0.003438921451206386,0.005750311185540266,-0.005607109979214526,-0.00325646770656564,-0.004722873512057485,-0.004771405032394486,-0.000537444549441241,0.010248104733170586
2021-07-22,0.004912860261317401,0.005316743387871678,0.003895282201668684,0.0076045681864076635,0.006618785668644079,0.006397217426186468,0.006406916422699801,0.003693342948044783,-0.00042611016831336384
2021-07-23,0.00793412396411456,0.009209075026534074,0.008898307908645327,0.007636851876870982,0.006885930246874618,0.008007200931723489,0.00801710333946592,0.008822740892703811,0.007122708853096223
2021-07-26,-0.0012919098503177164,-0.0005244781735708415,-0.002388308864233112,0.0007562577436211177,-0.001143852435870907,-0.0006422527078634752,-0.0006452468465904124,0.00392199545015938,0.0026041188118573074
2021-07-27,8.012691040014391e-06,-0.002197060183553521,-0.0025713783013707036,-0.001431312163658696,-0.001168283198420319,-1.5235870076001724e-05,1.2400544347133361e-05,0.005796406761080497,-0.0015071833402055864
2021-07-28,0.0010325082011110541,0.0011039253866655418,0.00016264053524708014,-0.00026365127370494516,0.002186653601094216,0.0015982330548986044,0.0015588993096522033,-0.004869737847399353,0.0001367731640629616
2021-07-29,0.007974361587825106,0.00904047214018224,0.0051939251872338095,0.006577005318945167,0.006545706993815986,0.007946823910030487,0.007933492925906067,0.00363375525515955,0.007837459550719253
2021-07-30,-0.008922935639128224,0.006255605186997138,-0.009387242993117762,-0.004216608235486827,-0.00320733639510221,-0.0007868279064745367,-0.0006923410160948112,9.27730927907338e-05,-0.0019250369812637068
2021-08-02,0.003703853634428383,0.0006592320172788234,-0.003995607052369999,0.004722779842489211,0.0026095060355309655,0.005842886644478113,0.00582679540807589,-0.0014081873189952904,-0.0024383186996813438
2021-08-03,0.010342222423678686,0.012605010519798097,0.0066938645545023346,0.011854542518962148,0.010857499013743869,0.010111966750484758,0.010153650038525664,0.005657075291086628,0.008821560293673756
2021-08-04,0.00041064459701360044,0.0010527680364227111,0.00031411016908914984,-3.783437059033056e-05,0.0011190068164240103,0.004086213845114271,0.004046604943243002,-0.007815021468640833,-0.007339411101194406
2021-08-05,0.010109279879867145,0.009106455343555928,0.005642662584253857,0.010080123060038212,0.010781753920253252,0.00833064575956928,0.008361096331905474,0.0024320760312173686,0.006112204375876232
2021-08-06,-0.006227774586934437,-0.00732288969480269,-0.0030796254306060976,-0.0032649017023907234,-0.004265065192571463,-0.00706567373449395,-0.00706564960215008,-0.0037284540642466436,0.0029102607616377342
2021-08-09,0.001805141846338946,0.002417983384579703,-0.004314964496454636,0.0020575600320148686,0.0019228635883153352,0.0014298329083875846,0.0014215289823351722,0.0020769607432051386,-0.0031336919310358457
2021-08-10,-0.0027465002084996405,5.255277505674657e-05,-0.0019532054131220214,-3.9663387817480186e-05,-0.0017115742574673254,-0.003866728359525381,-0.0038196201080577417,0.006784644600190595,0.00233884756364551
2021-08-11,0.0003553736998638424,0.0005599715927493545,-0.0031209978546714147,0.004364807223607646,-0.0006974379296366786,0.0037876440389926777,0.0037906257076171204,0.0034596134222698743,0.004399947630961482
2021-08-12,0.004428297943440074,0.0033511844097433973,2.1963962733714838e-05,0.005173671570004749,0.0034801782466644003,0.00629697593182438,0.006273309808435081,0.005447930599100287,0.00024918846501548604
2021-08-13,0.0043932175724308966,0.003926371140628592,0.0034434852202737507,0.0032838711693508795,0.004337743044746415,0.0023545009018139267,0.002333359981456727,0.00598129343576833,0.0016865886425746167
2021-08-16,0.002576650862105008,0.003404548870592283,0.003732011536085708,0.004169554959195426,0.0034394252817557722,0.002148385268090309,0.002207465138021665,0.007940463102176734,0.0021149036479642417
2021-08-17,-0.001701806715572875,-0.00250485258366611,-0.008690157682965969,-0.0011224226789271915,-0.0006845367605189334,-0.004024512285804072,-0.003947859324258028,0.00427336270597726,-0.005768928143513798
2021-08-18,-0.004932591240928981,-0.008756518553880927,-0.01377264127068124,-0.0062355297671853206,-0.00835274991043938,-0.003237111873891808,-0.003231072501778107,-0.011530476813243191,-0.010140885856487198
2021-08-19,0.010190437446698142,0.009174212085149173,0.010446330230690396,0.005787568177800943,0.011565891021061418,0.008306233083658689,0.008288277754357583,0.004010256387914769,0.0015095631586737053
2021-08-20,0.009945114527640263,0.01026166182515821,0.011773949742759068,0.010527314507194251,0.009945469574361477,0.013197243776028355,0.01316497802213806,0.005246226405518288,0.005569236734962339
2021-08-23,0.0006687189011227876,0.003042724956732243,0.011583618926365476,0.0010918978717230443,0.006408374083078668,0.0038136795425086504,0.0037305478576178538,-0.0026341366565747386,0.007659639720785912
2021-08-24,-0.0005543781331806947,-0.0032995843456532056,-0.0013652113665135622,-6.0130903566463894e-05,0.00014324733440188253,-0.0012914722971398504,-0.0013063205463892263,-0.008227751729213204,0.001547909282967457
2021-08-25,-0.00044863924049448004,0.0007035562320478236,0.0004135485079113933,0.0005029584685864182,0.0003617127087236161,0.0023422779873755596,0.002334137658171252,-0.0015959721568745032,0.0028083074686305184
2021-08-26,-0.002877130106761624,-0.002875326867023594,-0.004105175191760933,-0.0016687773628601829,-0.0018933740629037894,-0.0016185517106200554,-0.0016156994232775683,-0.0035149949631167023,-0.004912786488234208
2021-08-27,0.0034805611865617366,0.005172540573632022,0.007668689919918418,0.0033312464148982,0.006615973538572908,0.00570058303997274,0.005661247381206755,0.0015080073796405462,0.008721532628855359
2021-08-30,0.014389482011170275,0.013213262371590236,0.00680897155502822,0.015237626607109069,0.014872838739365759,0.013906002717780804,0.013913636329229807,0.0047408468068501596,0.00042773727927501184
2021-08-31,-0.0009934544899151139,-0.0019708027215303964,-0.002360399691018017,0.0009650666266926412,-0.0019367298485994558,-0.0015317569036270315,-0.001520347024205346,0.002862723523200501,-0.0026213260091311158
2021-09-01,0.005724821655127265,0.0036042154311023474,0.0014038317726280264,0.0055836983551471936,0.005649908734379191,0.006912621270076313,0.0068999806121797,0.004283121598860193,-0.000587106109033048
2021-09-02,0.005925000322149391,0.004345372433701017,0.00046775286055582115,0.00469632055670462,0.0042725791667965266,0.006780020064774629,0.006802125068393375,0.007132362900606302,0.004548354557486291
2021-09-03,0.000675201995877235,0.0009872123051835084,0.002067729470591196,-0.0008479818598120529,0.0017229679717889654,9.557334696707214e-05,6.114602753767135e-05,0.0009188731274578797,-0.0018013891600216494
2021-09-07,-0.0008844342827632414,-0.002428941626463079,-0.0018968315474779105,-0.0034885410736115907,-0.0024435648635583165,-0.0011043098488064701,-0.0011365800076829535,-0.010430329331181641,-0.006445578072337143
2021-09-08,0.005918609432083871,0.0041750608683009454,-0.0005242074867526365,0.006484411628963689,0.0024960884085679647,0.004142847068296003,0.004227162317369423,0.007078005836322021,1.3172472500235397e-05
2021-09-09,-0.008813323200815015,-0.008459035456219828,-0.007443947681330744,-0.008899725174964304,-0.010415411960026133,-0.008469078290771702,-0.008487250699207272,-0.008015898257722634,-0.00413443331768259
2021-09-10,-0.004901882798818909,-0.0009536633985490384,-0.00397234153960429,-0.0040077613493458685,-0.0011383655704787757,-0.002243340641388959,-0.002279984433657322,-0.0029965579563561062,-0.00441460132472224
2021-09-13,-0.009190391085191065,-0.009845375361028069,-0.004018877767746964,-0.007317168820893381,-0.009781923062463322,-0.009146270118541803,-0.009165752365351082,-0.0013360386062413916,0.003198364599437564
2021-09-14,-0.001563392650746676,-0.005772239974727988,-0.004669364727306989,-0.003443829526726678,-0.004378051133602035,-0.004692344200014151,-0.004735769972354706,-0.00323241791659912,-0.005961854396396172
2021-09-15,0.007519755116109677,0.007248045157229477,0.005587369245632233,0.006499941828129145,0.006763469909220643,0.00516558149901606,0.005159255283211075,0.0035532765714356563,0.009911101000715019
2021-09-16,0.0009824700370637302,0.0022881643288298827,-0.0003193070764058049,-0.0008869452153406984,-5.825701920423236e-05,-0.0018772865098121972,-0.0018637576128522164,-0.0024015940683227545,-0.0024862341790916455
2021-09-17,-0.005818935124603219,0.003406648862265025,-0.0052158133363454,-0.0029925471866841477,-0.002819822004900074,-0.0030065249517302684,-0.002982131302525634,-0.007854174330931395,-0.00755233269450424
2021-09-20,-0.01689543908215834,-0.017069172381799787,-0.01967490146060276,-0.015146969064517275,-0.016507655463504207,-0.0149567642539998,-0.01492329936057472,-0.006222218006473233,-0.014976612430805643
2021-09-21,0.002574067522958366,0.002695982587393091,-0.0007049251666781453,0.0017535418554995865,0.0005698342013146002,0.0017656952936285365,0.0017565865347207899,0.0004198405407493234,-0.0012495393185639587
2021-09-22,0.005668025710609958,0.00728283541842021,0.01267701118109754,0.004207165407279375,0.008829922870337707,0.010777730025084331,0.010722319810099312,0.00023988657618167616,0.011287721735105257
2021-09-23,0.003429607353785044,0.0024920015979024955,0.010584424079118743,0.00013565861961087488,0.004511904218435074,0.002778109738439121,0.0027254401397924194,0.0005524405813165243,0.01348271531181924
2021-09-24,0.006960220798152246,0.005785379224277904,-0.000863197923368687,0.006858947493745531,0.003990462981759036,0.0026317126166888007,0.002734701097636211,0.0021036001746566335,0.0010639941970136085
2021-09-27,-0.012606283682016531,-0.011578300407925023,-0.006658736633439107,-0.012926071079718188,-0.011248220222274978,-0.012606502263114433,-0.012620131861974089,-0.0073877178786398755,-0.0010424630847534675
2021-09-28,-0.022316293780425066,-0.023273057327320375,-0.02011208856251879,-0.022521008072917677,-0.022526020177927417,-0.022925656507226725,-0.02287772992177056,-0.009032445498054502,-0.017260942342621988
2021-09-29,0.008596177001785575,0.006864516187064516,0.002416074918930476,0.0068821674910108,0.007315011931131762,0.00833827263791334,0.00836718510767309,0.006678801090528525,0.0014173156933303531
2021-09-30,-0.0040547355448550745,-0.008861860121276672,-0.009175019751999561,-0.005253825101844307,-0.004968061399463571,-0.0023362733065683205,-0.0023531011332939998,-0.014364102688919324,-0.01409891785346907
2021-10-01,-0.002825642586917829,-0.0018294541425404234,0.0057147436687232924,-0.002151044809376117,-0.0033239218831583373,0.003680445916848234,0.003657053095866868,0.001342426980497613,0.01015757493692237
2021-10-04,-0.011760508618146131,-0.010542286350165016,-0.018259154937577026,-0.008876347099762857,-0.01223464839665996,-0.008718196614297222,-0.008673403274094925,-0.0038293648349952167,-0.008725887351961392
2021-10-05,0.011521736041664957,0.010289678268271176,0.01588845139087951,0.006032324753898784,0.012885554633523501,0.012484440838430852,0.012431422623211286,0.0037237161085447146,0.008741787690259363
2021-10-06,0.007868890245323185,0.0031913611361000485,0.006379179604459697,0.007650960009835604,0.005714660222629815,0.008758221562380784,0.008744110227607627,0.007156626940689275,0.0038147461828044148
2021-10-07,0.007420336907663364,0.0076044927974723755,0.01057099600665186,0.007255922861765632,0.007467881580684332,0.005335210508268915,0.005336099330736974,0.00457677507230127,0.00873800048406427
2021-10-08,-0.002547769526359388,-0.008623140695627434,-0.0038839527194778714,-0.00851951852933809,-0.006646467508578173,-0.009473456059813127,-0.009487667409772546,-0.003514731956103596,-0.0004650189530666333
2021-10-11,-0.007050030934068794,-0.005157639048384522,-0.006583592823933522,-0.008985448551545412,-0.005193999383148972,-0.009304997977250816,-0.009306373224318506,-0.005279176359624369,-0.006462468972430901
2021-10-12,0.0017783426914139725,-0.00017372368507375318,-0.00010219204000895073,0.0009723164772035837,-0.0019284100351003833,0.0016654358184915493,0.0016268623000883456,0.00010397112698697252,-0.000995767826881741
2021-10-13,0.006936401514464761,0.006238182571114163,0.007264494029971547,0.005136809622391671,0.004544536078514737,0.00677381241601834,0.006767533078289908,0.00274459869167324,0.003237517614761532
2021-10-14,0.012855671469894912,0.013064265977469664,0.01971066608197315,0.01127028480885013,0.012272706179261595,0.012835388693800435,0.012805994723032108,0.013369881784474865,0.016561723298157516
2021-10-15,0.009044914231900394,0.00566891365987512,0.013119845871546137,0.009512587997321688,0.006221564142210825,0.007249315305350028,0.007203766138310966,-0.0015207528646447443,0.007401631842782419
2021-10-18,0.009625066406103352,0.014102288061453779,0.0077241250379860415,0.0091484001600431,0.00983845076731113,0.009914519565585724,0.009937195371691455,-0.0017095113884926648,-7.050308658593838e-05
2021-10-19,0.006394558624972609,0.007150318369138417,0.004778057939518657,0.009062019032973358,0.007124297503464627,0.0071358131528039635,0.00717254628277001,0.008999201871493091,0.007982689714177968
2021-10-20,0.0039047576425147775,0.006331305714426348,-0.0023607215742537683,0.01076430798236598,0.004231319729425727,0.007204853344474856,0.007247657202732384,0.009158728007959813,0.005463792801575748
2021-10-21,0.015176504554657327,0.013959448108040243,0.012927341549724816,0.007978474512166663,0.012246879252969207,0.012070267726007,0.012032500982759455,0.0032004073829079026,0.0037632983801422636
2021-10-22,0.00768586799617234,0.007208088209273247,0.0035691442951227277,0.0029850099707673526,0.005709370943447282,0.006164408584279514,0.0061893228487570505,0.003872027540187733,0.003369159494820506
2021-10-25,0.01935155390980635,0.01978411568187691,0.01109428558021943,0.015352022663750384,0.014476408868567195,0.016905011985252256,0.016867020044455897,-0.0006211511753592728,0.003958254299626185
2021-10-26,3.7411531636884436e-05,-0.0013126902312358035,0.007837675557851217,0.001586119013654899,0.0025688760458859117,0.005561164111666628,0.005402613161380631,0.0012909295157371632,0.001474301571057326
2021-10-27,-0.0017197334342556564,-0.0035418980875022844,-0.013073257573067282,-0.0001842571038369132,-0.004178594444292681,-0.004019422360751176,-0.004027731658968505,-0.005328725984101332,-0.011291045215027665
2021-10-28,0.011614369797670707,0.011182592139477953,0.010296769735573516,0.00920885600464443,0.009313786875239274,0.008780248412580271,0.008652745038134596,0.0050983785734232505,0.009741226255824338
2021-10-29,0.008906248468173636,0.008016819798959959,0.0075678822121573045,0.0013953572268736668,0.010091751584729856,0.005952073246297537,0.005902283374972472,0.0034740042402778342,0.0018321800153875579
2021-11-01,0.007108130679737771,0.009132545856669925,-0.00011883194305319709,0.008710005874090791,0.00530937284906829,0.010240475218085646,0.010254979679194871,0.0003651353817636654,0.0031716672854747406
2021-11-02,-0.008483610887000854,-0.0030921574077684573,0.0012201192972829571,-0.0010931129083590152,-0.0019090943127010197,-0.004383105834404868,-0.0043971748672819244,0.005057594549095792,0.002862238564330298
2021-11-03,0.013297872839053641,0.013725785676583582,0.008063648312567097,0.013294870017340707,0.011489663682667175,0.010708626044324696,0.010707102213035922,0.00015440602343392938,0.004744185337373411
2021-11-04,0.008508493107651968,0.006852552047403936,0.019705266146446906,0.007518108571419218,0.008344086440546575,0.013179455527215287,0.013103492509599649,-0.0012097586399866717,0.00653848263254168
2021-11-05,-0.008202669189065561,-0.012968441167873376,0.00018327216135203693,-0.007925772103773572,-0.013124054299681429,-0.006292286691993825,-0.0062956268502643705,0.0010231196620728456,0.005102537940931504
2021-11-08,-0.008927893827941362,-0.004140762673862474,0.005475790542567811,-0.008110241543929796,-7.843090331178374e-05,-0.0033458804979914322,-0.0034137916963924435,-0.002247205305327434,0.0029487632007525045
2021-11-09,-0.011744326800768697,-0.01426660252481965,-0.0026119196910196984,-0.013193991044061838,-0.012624253398473983,-0.01576390982377207,-0.01573023621547526,-0.0003919727549569765,-0.0010799223204695494
2021-11-10,-0.0025090322155478886,0.00012761854537739106,-0.010828735846679859,0.003144977881285162,-0.0012871815169325361,-0.0004740724147349305,-0.0004323378561956958,0.006059173412109447,-0.007427345036936195
2021-11-11,0.003161675926802771,0.00436859997186019,0.0043246020761993536,0.001998687240746378,0.004240216306567975,0.0047711048487172935,0.004734715921532433,-0.00016165550980065942,-0.00023487252307653918
2021-11-12,0.009065712822511405,0.006023828919239157,0.008533531630224878,0.002584191519791899,0.005401634409346221,0.004394645113627335,0.0043630855961654955,0.0006655823498162655,0.005154452013849858
2021-11-15,0.000596232197905316,0.0002011941687617972,-0.0032137674418391614,0.0022291096000843593,-0.0018231112251485323,-0.003165481484136471,-0.003144575974163803,0.0017801847281566717,0.00038259466534767717
2021-11-16,0.009787974278164146,0.010853082441174878,0.003907355181210456,0.007794255692855088,0.009266118116587672,0.00972017072329172,0.009686429987680044,-0.003909235117568206,0.0035539149309588213
2021-11-17,0.003119875412307723,-0.0013925686702495584,-0.011150832887229291,0.0063005331059767964,0.002047978530054071,0.0030146915300653158,0.003057494915468307,0.002722081326953734,-0.003665654585595993
2021-11-18,0.004733843591601775,0.0019567291895158166,0.014524162966946847,0.007135923794125425,0.008448653641445165,0.010686087573054052,0.010600669737309939,-0.0007666814674853152,-0.00040437090576993354
2021-11-19,0.008673529225029326,0.005865587051151823,0.004042447312658496,0.008376623774042937,0.008157284067595546,0.012282534485681446,0.012264222717454719,-0.0038112858710727345,-0.004862831559335106
2021-11-22,-0.005159493540232129,-0.005855467711921402,-0.014991663628921518,-0.003078148777280425,-0.0066095304057628606,-0.008422328272657912,-0.008317946762120013,0.004710737865580463,-0.0009193409142742434
2021-11-23,-0.004077645245403572,-0.003166207537694671,0.002239876140592504,-0.002522081912641938,-0.0037189606527734346,-0.007085558110056432,-0.00702444772297867,0.005502962869044135,0.004195465257844296
2021-11-24,0.004256913571968402,0.004545693793138575,0.007965990937804713,0.0027328065173469612,0.004934847640283223,0.006092318483727037,0.006064519214599482,0.0014686343101116257,0.001543823797746674
2021-11-26,-0.012920167833844939,-0.008887041177346008,-0.019923627827244515,-0.009030330388997539,-0.008621723866535855,-0.011443376306099595,-0.011384349494063584,-0.00839735684388398,-0.02442714631325008
2021-11-29,0.022769807232283053,0.017326255530003574,0.018158690591399813,0.02034186349824266,0.017942762423854165,0.02481572433889874,0.024699861537313014,0.0016442332647339376,0.012461987625778314
2021-11-30,-0.02155923044968695,-0.022814492036441425,-0.01808828057544672,-0.01939487234474509,-0.020804871666648652,-0.02038052050946703,-0.020444418132975622,-0.01992425763544128,-0.02208256929717847
2021-12-01,-0.01736198377631405,-0.020748324497122946,-0.017336264589389555,-0.014197780415727838,-0.01997273968154989,-0.0182047105103338,-0.018211158349395743,-0.004148866076841111,-0.008105455016153082
2021-12-02,0.0012021761604649505,0.005921630239685758,0.01183008239218715,0.0046963820849161625,0.005469173652983457,0.007336531966678489,0.007328339454359279,0.008181433704460457,0.01814315480497096
2021-12-03,-0.014330211320039777,-0.008583068727733121,-0.010236238247247833,-0.01029850078716905,-0.012102493530914164,-0.016124253757066314,-0.01603904682932399,0.008121287765641503,-0.005048662420377054
2021-12-06,0.006587159179649974,-0.0020452145090226544,0.004914424313767588,0.00035222077645410575,-0.0007411682173119394,-0.00018394674937411096,-0.00015125674644144067,0.007175151537712138,0.010960056587592403
2021-12-07,0.021289988148311716,0.01578051805029677,0.028013209424455177,0.015737396629649812,0.020536102310816488,0.022628662949343438,0.02248963888238439,0.0052878399592701806,0.018472982540260283
2021-12-08,0.0010745581340025844,-0.0014428854249474163,-0.002041589576944482,0.0013325859160146535,0.0022978075404397292,4.094336413944756e-05,-1.0206779800447507e-05,-0.003905163240220488,0.0004532913649015495
2021-12-09,-0.014807489270493215,-0.018789333336943118,-0.012451028248026396,-0.014986013232208543,-0.01628860552193766,-0.022111088742717087,-0.022119278092361378,0.00023541632911490805,-0.006222600101430794
2021-12-10,0.018151205397908775,0.02210167288931388,0.005299248449616693,0.015515304962279269,0.009934611949350266,0.007719284253529143,0.007808980817598297,0.01367204771475158,0.010912922878431187
2021-12-13,-0.007605087104989625,-0.009849918818401129,-0.014661034350792008,-0.005842678170078374,-0.013275344924446677,-0.01251451724842999,-0.012413393284286166,0.011106926900302525,-0.009064922362164322
2021-12-14,-0.011358442996688829,-0.007622765383428603,-0.0014810709744327764,-0.011633929758170038,-0.007152985847250139,-0.009590722093281078,-0.009599053857308363,-0.0014901054619284415,-0.0070820184419246625
2021-12-15,0.02055473850061546,0.020321126901853937,0.025252263943863828,0.019503111740795713,0.017860557989015237,0.025721424667498098,0.02568386228681678,0.013792209078053622,0.014159155391665386
2021-12-16,-0.023843332038018177,-0.02123202442598398,-0.02143680686984096,-0.015922657821869052,-0.018099657090602593,-0.015950750491444718,-0.015880020042363947,0.011638931535618948,-0.002931546770013308
2021-12-17,-0.005271617809131376,-0.0024531909202800415,-0.011079429439072908,-0.004712993312830605,-0.004971366457973022,-0.004015882250932838,-0.003977175250343557,-0.012198501276162002,-0.013188173343328755
2021-12-20,-0.0115715642365112,-0.007841843701695664,-0.00800170007821451,-0.011457871862179664,-0.008815576252793082,-0.009124769061138228,-0.009122945907316753,0.0013710953119808128,-0.010275166804937742
2021-12-21,0.013947675450272166,0.009303528537778901,0.019954213697430848,0.008322021969816526,0.014018911085721435,0.015967999240664273,0.01590254727611952,-0.003720815190456671,0.017496469082662777
2021-12-22,0.016912096779297853,0.014344455121007363,0.010629065677332818,0.01465124586480132,0.016327933492273353,0.01641307922794326,0.016362610996629563,0.002978385862900109,0.008586202244805234
2021-12-23,0.009744865821178606,0.011525091480147716,0.006550326873915172,0.009901982531162375,0.010326897389563196,0.010195396666068689,0.010180733961955318,-0.0007896026801340055,0.006144457538806647
2021-12-27,0.01320438485998652,0.016356958498968108,0.013195139172316449,0.013434714756751625,0.01504498055391895,0.015678468534059957,0.01566173184504377,0.010474383782044037,0.013787910596367118
2021-12-28,0.0007258812932653169,-0.0007620195696632474,-0.0010407395789958508,0.00038507307869798047,-0.002150836164667945,-0.0029481158335728443,-0.002923569802995096,0.002464863138465611,-0.0005241554243390738
2021-12-29,0.0023391209479241906,0.0036893333114354884,0.0003436585846347307,0.0026443538016168097,0.002520508836019079,0.0008410278184164283,0.0008500728694939532,0.0027297050096788053,0.0025333583813678903
2021-12-30,-0.001976375862149259,-0.002034002535755866,-0.0025754689048700444,-0.0019164373582351926,-0.0027636060046796317,-0.0012684176855033552,-0.001248392649371939,-0.0006521779934859772,-0.0035841400602326275
2021-12-31,-0.0034660458082787365,-0.002948673586091941,-0.0032309066884505157,-0.0019114610837681519,-0.0048942791164497245,-0.002658350214288264,-0.002636562893400421,0.0029627814999971607,5.568037631674632e-05
2022-01-03,0.0038636504097415703,0.0020046746790669534,0.006548958323132847,0.0005967341945627425,0.005125390362108906,0.0023745063472619954,0.0023665364201561623,-0.0047294971370929195,0.003354522303694818
2022-01-04,-0.013780476927502065,-0.016046204210680225,-0.01840429022290955,-0.012877952187126642,-0.01545689323355593,-0.014838507644787816,-0.014794314062718219,0.000828880274619166,0.006222379486882215
2022-01-05,-0.022948668244387984,-0.025911852331641533,-0.021737276862778255,-0.022039384337124372,-0.03043705331152546,-0.024534196643737363,-0.02451037967947256,0.002328675863894634,-0.012851296647022961
2022-01-06,-0.003731665873986676,-0.006582534797382837,-0.009170662978670798,-0.005220484534072489,-0.007291447496685252,-0.009569443021912575,-0.009651332976708402,-0.0018302964557775408,0.00044728618072501674
2022-01-07,-0.019048244622637205,-0.017039576784947226,-0.019101158055007065,-0.016695468409282266,-0.0161078695753007,-0.01910822445160111,-0.018998689927298276,0.0034332235234246786,-0.004175507561125829
2022-01-10,-0.0006449582631313149,0.0022787550512807613,0.009983698783576186,0.009707074172255546,-0.0028256582535058964,-0.0011646876659847625,-0.0013837680872011903,-0.0019304198025699819,-0.0022515052943402536
2022-01-11,0.003993502979662828,0.006641088457420919,0.006415880929152749,0.0046101289482094274,0.0066734745665516315,0.004676123715667648,0.004670427019342252,-0.0014847928527362115,0.008657767861955098
2022-01-12,0.006809767104809972,0.004330610841078523,0.005004742838739321,0.0015823650574314431,0.008740843239948524,0.005449577376104138,0.005463231644491302,-0.0002717979426729595,0.001871089844752293
2022-01-13,-0.020628967258396795,-0.02564349657509034,-0.02277192434454099,-0.023195714706653766,-0.025578486204707387,-0.025170626359839122,-0.025041674060906117,-0.000980792378506633,-0.007252203239179267
2022-01-14,-0.005654064084714602,-0.0014637290108949431,0.005485302643442476,0.002942431542647002,-0.006012845353116881,-0.004022503974131124,-0.004166217766181882,-0.005817179723710019,0.0004872832878748022
2022-01-18,-0.021215048156559578,-0.02184201979083493,-0.021318768384987818,-0.016840650751311265,-0.021309651002206866,-0.02193315485718793,-0.022002128590766192,-0.008081637878303481,-0.01825871566391979
2022-01-19,0.0014675127138902933,-0.007836238801130383,-0.01007381329300872,-0.00416553818261351,-0.003656818986552175,-0.003692243440382368,-0.003545864305352828,0.0016231152782600722,-0.008981231184853887
2022-01-20,-0.010800188008274265,-0.013268213135472605,-0.013176315076787027,-0.013550743797384938,-0.00977800659131437,-0.01032202094600015,-0.010207539902418291,-0.006229480670329641,-0.010018559059935928
2022-01-21,-0.03454390035137903,-0.03913640742567419,-0.023950637851951024,-0.034855544729732714,-0.014110904705373331,-0.03246316538161078,-0.032304996391715524,-0.0030663629366292178,-0.01458417020266387
2022-01-24,0.0026095819712680574,-0.0025520204740590493,0.001671747656561433,0.0015667194114556558,0.002250862333854316,-0.0010643997636110192,-0.0010647605733349922,-0.00512656105840237,0.002235087478436889
2022-01-25,-0.02320481082727066,-0.02806767460169789,-0.025454963662887912,-0.02280943577328657,-0.03524035625979,-0.0325703267979824,-0.032822060468515,-0.004605585007895722,-0.009892298325526449
2022-01-26,-0.004100158803630796,-0.006020493475174959,-0.003063336837740632,-0.005420550013987216,-0.0006493464268113235,-0.0038388081041020724,-0.0039454288609968025,-0.01024140136444805,-0.003056843087488833
2022-01-27,-0.0037818954460424616,-0.010880763978173733,-0.02730721750714504,-0.023010327817738197,-0.01895397960114332,-0.02085168998056042,-0.02086106838620697,0.0008334854431141506,-0.005428086314442356
2022-01-28,0.02282446097742533,0.025455167576016492,0.023750053203418418,0.025073524287287572,0.021746373924741588,0.021357973836816466,0.021280695035242568,0.020854328762039714,0.01963577236894941
2022-01-31,0.027660729553928412,0.03985383282290253,0.03066663975632087,0.020635772550186192,0.036898061494750396,0.042089464470207505,0.04223004772006621,0.0055286410437023585,0.01531335812755076
2022-02-01,0.012627802338502107,0.006521327719469892,0.007760547127926146,0.012084182190326496,0.0021635847928208503,0.007460760127935894,0.007412589158958809,-0.0022219120643204053,0.0074963465428520195
2022-02-02,0.0045736618912865295,-0.0007237845961328671,0.008755106037013795,0.0007088365360806369,0.010518020679945832,0.0038063466963403104,0.003884242133788831,0.012070877514209957,0.009434145700863941
2022-02-03,-0.010317100957886242,-0.025058792441874984,-0.010157820575911991,-0.012601412883136502,-0.013927769179145446,-0.0158540447915806,-0.015770048110623783,0.0025341889673663196,-0.014972552684457102
2022-02-04,0.005804729592535288,0.009216536660903194,0.0009206244723030511,0.006674297507676843,0.003180598044251529,0.0032764552877872517,0.0031402587251243962,-0.006481859232356857,-0.001308894418330891
2022-02-07,-0.00857154094778514,-0.003743967193638026,-0.006117222442284475,-0.004726627969388414,-0.005109411046993698,-0.004505547157240135,-0.004519651615692296,-0.002557221202256748,-0.0013791280518939257
2022-02-08,0.004334594692537618,0.00542904211788682,0.0081564882637793,0.00751466314417205,0.00535276270718899,0.006909311064014624,0.006847848929332119,0.0020852422675119928,0.005544850384147645
2022-02-09,0.009940696607674226,0.017302439065787496,0.015580855118648934,0.013656922567613505,0.018185937797662113,0.0188735067924353,0.018904914036474804,0.00468205681077135,0.013971666370692753
2022-02-10,-0.014503735672297144,-0.021238250653939646,-0.020192377225172614,-0.016506784098594334,-0.020623195371727535,-0.02005092147139741,-0.02001141485640072,-0.014177121887417656,-0.01607579552926102
2022-02-11,-0.013852270088114597,-0.025262300954309647,-0.02148558320634372,-0.007833104934464577,-0.020024251387145482,-0.020285611785778247,-0.020136371514061793,-0.003887899498072815,-0.015080834479578163
2022-02-14,-0.0013254138391193982,-0.000266849382436787,-0.004910943466155436,-0.0059115868301890424,-0.003579324585488778,-0.0008354448211241351,-0.0008667342271639383,-0.006492589657299271,-0.005533951249101007
2022-02-15,0.012600539126216578,0.021675802782280065,0.01703418730481944,0.00727248009985749,0.022077324176654572,0.016864480405843978,0.016790202088705086,0.0031138876602755123,0.014416478515729086
2022-02-16,-0.002616078030053937,-0.0011320926110636451,-0.002643955629809787,0.00246956783272928,-0.0003336401440628976,-0.00022905664477986326,-0.00021516125165684823,-0.0008157280890058426,0.002535020975354087
2022-02-17,-0.011335024708469206,-0.027433530335789248,-0.018386206591853638,-0.011259723727770682,-0.01854162825273264,-0.01690176962241843,-0.016708174408673622,0.0014900350064849703,-0.01756836674569824
2022-02-18,-0.005360738366072575,-0.010395129461779352,-0.007765509874619988,-0.009663587745691576,-0.013403415808270046,-0.011264950732220233,-0.011314891009917399,-0.0016230390225888357,-0.006225621330168274
2022-02-22,-0.01952685850128021,-0.013886557864685655,-0.010507993713982637,-0.013193458044581654,-0.013971021620197786,-0.01414249131370215,-0.014152656970502489,-0.004360235569925922,-0.00852666986978525
2022-02-23,-0.02283667243675331,-0.020727728338717864,-0.024333127516218845,-0.02279005348948839,-0.020459685704616305,-0.025060088153393452,-0.02505142772111943,-0.004036635885404146,-0.012996344061952141
2022-02-24,0.021016830059775782,0.03054422847562374,0.027071289162986796,0.03147379628737256,0.03081455312607051,0.034908572763367195,0.03500845712185348,-0.007616716859040693,0.0077463750057363175
2022-02-25,0.019319663985555003,0.020085006354414063,0.02248724113972401,0.024314328271965446,0.01933032364280927,0.022614481115878028,0.022613970037367037,0.028263358231980947,0.023772142737962743
2022-02-28,0.004090393940138022,0.005553501635150317,0.012798402960700552,0.02384159064455828,0.011018022176570231,0.018571021766261724,0.018749237338444885,-0.007190324186062547,-0.003253072233440665
2022-03-01,-0.006875423600996286,-0.0056431892719219215,-0.009949043466803562,-0.0022644916374611745,-0.007671601818434913,-0.004450906225234828,-0.004389096293216567,-0.0015037844526062313,-0.014040825225819405
2022-03-02,0.005528891183507955,0.014234868341070983,0.01168941330298595,0.001006887799165651,0.01389915392313634,0.006175631835834719,0.006040635388190983,0.010708699983088113,0.0198342548515252
2022-03-03,-0.007115746789679262,-0.007774925943539252,-0.01005865840976297,-0.012894807161129822,-0.0039524821124169605,-0.006394217244646132,-0.006278768753656729,0.009276100409443934,-0.003498923664078036
2022-03-04,-0.005674294948380576,-0.002326686657756643,-0.00041595514867065903,0.006090818168415188,0.0009137111533658651,0.000314611230624618,0.00022890036265340585,0.009329821901249927,-0.004654090222242057
2022-03-07,-0.015620985531461403,-0.026007691838083546,-0.022474527831703898,-0.016212895216223846,-0.011852201252547274,-0.00866005353346877,-0.008101182979798328,-0.008054799418362974,-0.025089445542784125
2022-03-08,-0.013771023729775516,-0.015160294534816264,-0.01230240098446976,-0.023013853420289672,-0.012548644586633505,-0.018815832531267767,-0.01881327638575766,-0.025573050643169754,-0.00917349242093116
2022-03-09,0.022480715904009824,0.027074562475383784,0.025256109576295205,0.020454629076233515,0.019063913391131268,0.018576249628064305,0.01828974878619019,0.005702003335980633,0.018631244147242272
2022-03-10,0.0007651580144369758,-0.003683239324018298,-0.009749224008476368,-0.002507950074677373,-0.0034952080051927448,-0.004201901294970824,-0.004257433619270954,0.0009540489838394277,-0.0028571983182986652
2022-03-11,-0.013809728749083124,-0.019778617220405543,-0.018534295932445186,-0.01808723207351623,-0.015112505412931028,-0.019349080053081454,-0.019320039186960916,-0.002263238237710998,-0.011086582258711569
2022-03-14,-0.0004086488367144043,-0.008979997549872285,-0.0012904486495378946,0.0009464303194485116,-0.004301667510073067,-0.0038709935235200863,-0.0038680197651857796,0.00350503066437191,-0.004302741580857849
2022-03-15,0.02613167285523505,0.02898378110061495,0.026147608719925785,0.022361073215420132,0.030373050740671335,0.03048915094797554,0.03055387496589767,0.013535978600092587,0.016703585204362555
2022-03-16,0.0178732451569836,0.025244972974940123,0.017797662385965186,0.006190320638998172,0.020523911469733036,0.01296325421137662,0.012792180083759113,0.0009105494584743912,0.01709886338839741
2022-03-17,0.016191201750545236,0.018124065795034772,0.010245977531643786,0.015883958339024045,0.012428078208882991,0.015169385932682643,0.015144421485319687,0.007132375158845578,0.01155249132430751
2022-03-18,0.0130739835563398,0.02078471456988371,0.015600063570227373,0.015624780659024434,0.016353570325730777,0.018862657644079222,0.018803953889919938,-0.0040862298906426875,0.007418195860282127
2022-03-21,-0.004145143407668627,-0.0006909257461743041,0.0018627130578302191,0.006929760394404777,0.000203925579790669,0.001058461971728571,0.0010450636439919285,0.0018680915982886472,0.00048216305034519695
2022-03-22,0.013811233040066115,0.012446539393604877,0.013966351959144935,0.01692515810816624,0.013456392106397755,0.014691121602027806,0.014696107493000649,0.00023269855546795748,0.00749684505410977
2022-03-23,-0.015570875689789869,-0.017636024451376162,-0.014431883556667479,-0.014103174853184752,-0.017045216291979613,-0.012578721369483622,-0.012527207813050487,-0.006063534049416364,-0.01334723017913743
2022-03-24,0.006334293058216357,0.02094060671676365,0.01592234700713182,0.010143404336917542,0.019601036945831946,0.01764847010493817,0.017606589216225176,0.006864137756962596,0.012791920098202457
2022-03-25,0.00030319124676713035,-0.0004961450723913865,0.00013132280327403655,0.0007072179058430533,-0.0018118778884043066,-0.0015609240482663148,-0.0015766263578996902,0.0069053570352087075,0.006539180784788062
2022-03-28,0.01816802540913618,0.018606712730966948,0.01595695198053557,0.012500936220240042,0.020654211377539613,0.016243044649720432,0.016187727040966896,0.007433376921762563,0.0032736674497235523
2022-03-29,0.011725932921212953,0.014080985087324133,0.01342503659273076,0.01150870129638969,0.009286949756815398,0.010158474836815127,0.010150386941956607,0.007465656733848476,0.012435372121805075
2022-03-30,-0.003842624284156764,-0.009304077597596648,-0.005114274962820741,-0.002529323085274079,-0.0024132877360337314,-0.0006655520700815926,-0.0005520885936093909,0.005893104979171104,-0.005802709697173842
2022-03-31,-0.012710276809853534,-0.013149794094855631,-0.017376485197110245,-0.01443647925889964,-0.008346656045639047,-0.012599387739118664,-0.0125516110687136,-0.008118582807457883,-0.013114539409826502
2022-04-01,0.004386398734622775,0.003829700157849767,0.005758784818546964,0.008491412644726016,0.0024864363532939512,0.0052972598521566815,0.005305115907264271,0.012278322608063327,0.0031434945467974204
2022-04-04,0.01143000068034444,0.01398106495513557,0.010021948211814541,0.010758316202491111,0.009452375619241313,0.010314314640704631,0.010235492770756109,-0.004171410883136219,0.002825108666259047
2022-04-05,-0.011047604919110578,-0.01694031699347459,-0.014818974349011162,-0.012405953361327942,-0.012193704666720847,-0.012318968524125291,-0.012222056713807133,0.005266142395603622,-0.01120267650154095
2022-04-06,0.0012270244552695434,-0.011837818032545157,-0.002770816239094881,-0.0011300858605984019,-0.004927831598717472,-0.0060858548807123675,-0.005954882506569735,0.019025806461562902,-0.00201772132616087
2022-04-07,0.01503788458207185,0.009387418030731872,0.016214378216200795,0.012727453103459449,0.0163026894451714,0.014548129419574826,0.014674918600712506,0.009457418058070589,0.006191254562620518
2022-04-08,-0.0032553476382678227,-0.009960302782465782,-0.007738506643979344,-0.007183999724830229,-0.00863200342865915,-0.013206131160855932,-0.01329931596615752,0.003005829342067149,0.0008953445937736103
2022-04-11,-0.021098485734734544,-0.02548279883377216,-0.025448520265948234,-0.021051014800498813,-0.026815557484318967,-0.024583717409131914,-0.024597008353804756,-0.009434301359440496,-0.012659034891418102
2022-04-12,-0.008547232974658646,-0.007154634358917608,-0.010649345140718107,-0.010323657967810491,-0.009526210897052545,-0.010163209776079372,-0.010127717034009305,-0.0023353284018602025,-0.0027281560989789485
2022-04-13,0.01871012755020211,0.013529384561077122,0.015923096948312558,0.017094172298278126,0.013959342053360026,0.013207616824669114,0.013196267550942761,0.006625946848349497,0.01010447047643933
2022-04-14,-0.012187041266785846,-0.016524239692492417,-0.0162803938877227,-0.013534303647972395,-0.013292754200293095,-0.015050933125271644,-0.014940867884816439,-0.001020337074397529,-0.0069771072655728725
2022-04-18,-0.007512999026602392,-0.0003569238219951741,-0.0033088330105191716,-0.00784119871469061,-0.0058387931462204395,-0.0053608509688056,-0.005464990475120444,-0.010031728089855725,-0.00034240537936542145
2022-04-19,0.017636496107599157,0.018132232998390424,0.014871020704839989,0.012495222629014343,0.013333363109422933,0.014140790656248814,0.01407886688264797,0.01016811778378118,0.015181287346105642
2022-04-20,-0.0239304763484407,-0.027623649028543744,-0.008448254110647587,-0.02956950786267993,-0.0031171026719987384,-0.024067628418253863,-0.02401649907427004,0.009891681090166932,0.0038911131858334444
2022-04-21,-0.014685334550695667,-0.021077231367099714,-0.015579177339187714,-0.0211485369615833,-0.02230646658495323,-0.02633372322339852,-0.026619492690915653,-0.0022197829545132592,-0.01290126042644419
2022-04-22,-0.021359904911799607,-0.023406683028673384,-0.020637578716800904,-0.01676365266335997,-0.026146277473767066,-0.02267422092577267,-0.022697912656651522,-0.0261425352011992,-0.027095666750724973
2022-04-25,-0.0037484437266895724,0.0013076850866933565,-0.0011716520333070822,-0.004439944227102265,0.0004856527979758519,-0.005428819460247418,-0.005467549544555778,-0.0007814377031930449,0.002320071404724648
2022-04-26,-0.039165097893892754,-0.031059311793867925,-0.034124050295397675,-0.028366934965669683,-0.026707683643137217,-0.030666995842316698,-0.030805318292170987,-0.011508199709214458,-0.022494632554785288
2022-04-27,-0.0004489534628534681,-0.006606434622804911,0.0013465968501572526,-0.0035683414431227954,0.0012079099485358814,-0.002079966413048087,-0.0021638353733073436,-0.00436342853839241,0.003195594279960667
2022-04-28,0.006023521913095731,0.022411397226027613,0.016541796432887435,0.009610239384701886,0.013543487331515745,0.016610808294218432,0.01650505515789343,0.013207732467580828,0.019746416791668962
2022-04-29,-0.03844458314375604,-0.04604260366981491,-0.027582644716953257,-0.03301906103747826,-0.03614224254401095,-0.034993141717816596,-0.034923952197651965,-0.033311594793349,-0.032212793554570886
2022-05-02,0.0026287462778827753,0.005595140104268403,0.003850461843005163,0.0036092792094221267,-0.0001978845575258616,0.0030253239978370564,0.003026440694248215,-0.011551594989093503,-2.4408938270382807e-05
2022-05-03,-0.0006056560728141975,0.004465945380095874,0.008031879113857512,0.008754345319780843,0.004442569606587411,0.005346784314855087,0.005408683455299901,0.004394059838945271,0.005511193260851683
2022-05-04,0.024979383193705015,0.021969531408177458,0.026918784961711476,0.023355577171059426,0.02326967258382037,0.031002347327060833,0.031135780296502213,0.018931470672603926,0.028767898296879618
2022-05-05,-0.037624985302707074,-0.041772930782656176,-0.032481539243501785,-0.026447524014962868,-0.0432364002110205,-0.034048513641205716,-0.03396098911674829,-0.013443373453481103,-0.028650094240441036
2022-05-06,-0.012692395095936903,-0.009181959390546626,-0.007317860956442667,-0.010450732879825135,-0.010814406366742952,-0.006379814755897565,-0.0064782863611579184,-0.003105019948444075,-0.004329414576678056
2022-05-09,-0.02584667181844838,-0.04030171453716061,-0.03684207116746241,-0.03501742742862966,-0.03579822771639188,-0.036186223277237764,-0.0360973037834992,-0.009071465672057617,-0.03063151814343557
2022-05-10,0.006161532184017028,0.0056143026860150606,0.0033442921098225447,0.00012509702500711404,0.005618204436501096,0.002866688903494983,0.0028697862079416366,-0.007693503128706902,-0.00041042127146375757
2022-05-11,-0.026487177099158755,-0.02575929403613316,-0.019918583811967757,-0.022853966343366776,-0.02066217390140437,-0.02448180615672523,-0.024485014920841864,-0.004373738115725991,-0.00938102729457896
2022-05-12,0.011591034380237071,0.005676082063664051,0.010016394746216281,0.018118022118280362,0.0007027233978467238,0.0005619684706693764,0.00044652420294145147,0.0018522802181973248,0.0022170426964753
2022-05-13,0.02637116939288515,0.03229287955578658,0.029351865249034364,0.024634144110055572,0.030200715102294728,0.029951011080892806,0.029900902961203384,0.005886762633878499,0.021103140954318447
2022-05-16,-0.008138470946183265,-0.010523109674443542,-0.00770143270114362,-0.0059295523754054075,-0.007866219804815125,-0.009389825310843893,-0.00932363086230821,0.005806814851688157,-0.0013150875000647818
2022-05-17,0.00870122042753517,0.021286945445545092,0.017543886455144774,0.010024703483867402,0.018020887748481488,0.017485822466160924,0.01742425140445212,-0.012418879117988519,0.018891190566255735
2022-05-18,-0.05555504566930432,-0.049016776610951995,-0.03722211899860028,-0.029061967399981382,-0.049111622250508115,-0.04496969544116348,-0.04516200977195125,-0.03448005925967386,-0.03638945040785133
2022-05-19,-0.0012241916747733536,0.0026424186239243906,0.002127887267425091,0.0013490446104072627,-0.0017067959475738554,0.0007249463235533723,0.0006264711036957165,-0.007941677025646673,-0.004977208559489552
2022-05-20,-0.009793197006439637,0.0018468191897763144,-0.0045799342369920604,-0.005098243797469611,-0.0045189744808231125,-0.006223996324830915,-0.006317527298494288,0.008132828529962662,-0.0013643547590847425
2022-05-23,0.01334532014799993,0.006838345715587626,0.011994761883446716,0.014910034818796427,0.017706499822434902,0.014085183634402074,0.014313878498804564,0.0162268191873974,0.01775376700727498
2022-05-24,-0.00028430564870468773,-0.010018171666160421,-0.007397317581954374,-0.0008915017515879022,-0.0020261627166620376,0.00019326921553296242,0.00046395227738897253,0.01546187684322812,-0.001269295557814324
2022-05-25,0.009452618248798113,0.014934321446903329,0.0087206327556706,0.009446221866733273,0.010962882172594982,0.009242813935987144,0.009197158489871956,-0.001949096459752258,0.009055710584408945
2022-05-26,0.028416459938203492,0.023522949468687167,0.025071076026559225,0.017516297326332215,0.02675632853399735,0.02603542731489016,0.026048774890211117,0.00861038699727289,0.017625609369608972
2022-05-27,0.025807672311494743,0.03257863599098975,0.03090425666702139,0.02759432207566263,0.029605960433232686,0.03326564186419809,0.033230311512185376,0.013328489807048347,0.02064030642491838
2022-05-31,-0.008754198833666162,-0.007083583546509868,-0.01153534667711939,-0.008923736240246914,-0.016794297048919573,-0.010324379124045874,-0.010382159096280265,-0.007529130491133404,-0.008925399411645472
2022-06-01,-0.016971959658443548,-0.012048784649331097,-0.016383874026050675,-0.014302927003048882,-0.012225577809134502,-0.012812784852940743,-0.012804897835722473,-0.008881724828488582,-0.007933174678107092
2022-06-02,0.023703646816916217,0.026902295151542757,0.022712125494798875,0.015388105532678062,0.028614111531847116,0.03374891094239501,0.034012701839797516,0.009048526164836633,0.016390616326661524
2022-06-03,-0.02279645611406147,-0.021319231562488297,-0.017873777293813363,-0.010466208454440474,-0.02093109391054517,-0.01804198221661278,-0.017933281580895202,-0.00832958068743984,-0.01115163641868419
2022-06-06,-0.006039921293603038,-0.0010602293480415728,-0.001297272871820309,-0.002024470857193653,-0.0018278908528127208,0.002357717507063773,0.0023745577805000134,0.000776222620485544,0.0005594852695411618
2022-06-07,0.002759504319754394,0.005716492998207631,0.008880602476175996,0.011360232242325314,0.004085395601500484,0.007020718229849011,0.006935105380757825,0.005262503903568442,0.010356283902405755
2022-06-08,-0.0054178268385499575,-0.00976422537172495,-0.012746944786897847,-0.01633555399177827,-0.010478323078745485,-0.012430676671059604,-0.012448872556820026,-0.014321225161820461,-0.013160510869374469
2022-06-09,-0.01672055375012134,-0.0245353393189084,-0.022347657208160093,-0.02615901728631999,-0.01873800933337882,-0.01671964726692538,-0.016558705085057506,-0.016819061388127103,-0.02267135344884828
2022-06-10,-0.019087091165529993,-0.02898189949429412,-0.02319281498590575,-0.020724720494903343,-0.02454111470155603,-0.023896959004948,-0.023796571356661172,-0.006745323263504027,-0.023324854494098015
2022-06-13,-0.033474119434202365,-0.04448605582288849,-0.03883952798640064,-0.032896426940584325,-0.0405784312164685,-0.03836488162229546,-0.03832913834623136,-0.021923943108620506,-0.03666540925699099
2022-06-14,-0.005257461405480659,-0.00488184665623122,-0.004957813964702954,-0.008567173208668679,-0.003496135215661081,-0.005109648691986954,-0.0050275324404054815,-0.008941037841217114,-0.005752485776634698
2022-06-15,0.016172281891429444,0.02624998991428054,0.017277954139156067,0.018072541785509762,0.021486705014782635,0.021595513257535448,0.02169206119616597,0.0033853562029044805,0.009431839687872827
2022-06-16,-0.026953649426017832,-0.03551489929900718,-0.034577286233655226,-0.03199051426561594,-0.0331295944480015,-0.03737479408166169,-0.03736311404951374,-0.008194205258330698,-0.030776735503542072
2022-06-17,0.009576060870415503,0.005164072465688533,0.004538308042501369,0.008908540421114386,0.005852516218105406,0.002605451657891231,0.00254195026276221,-0.004379776847847765,-0.0010221804309361417
2022-06-21,0.024664058131196553,0.02861847374870072,0.0323606344587871,0.026855976833162105,0.030789478384890673,0.03214351106962595,0.032183777720140236,0.023927286059615187,0.02334334536122378
2022-06-22,0.005923644702064753,0.007569638870806284,0.002173906743449936,0.0012310083735040107,0.0034936091540152233,0.006023061702323343,0.006041207231653352,0.002735954980204258,-0.003765688402396947
2022-06-23,0.02467939933406299,0.02005849915172774,0.0160865684372813,0.01669074335987553,0.02347101358585021,0.0194189635870707,0.019497892657414636,0.02041471904321793,0.006853932129538996
2022-06-24,0.01973392440327557,0.027039580908511798,0.023299059632251495,0.02014509530049744,0.022780532679451227,0.021595576421791152,0.021565744261708687,0.011248479758936525,0.028952018573205205
2022-06-27,-0.0054050221929406814,-0.006655968621531179,-0.0018462992865590096,-0.003882020350931601,-0.007210963076086512,-0.0028857149459307935,-0.002869507741615058,-0.00024840098828790005,-0.002083244115884772
2022-06-28,-0.024567745789963836,-0.02626835779312805,-0.022921463907283113,-0.02059660331775611,-0.025025692907197278,-0.023156385330882115,-0.023219434185406132,-0.014604591357863482,-0.014665171755261183
2022-06-29,0.0033718412726320454,-7.246237752358956e-05,-0.002016537942661028,0.0009425090264241497,0.00029620156868102936,-0.0018583563563390254,-0.001980942338233718,0.006536828703012586,-0.002972039410430707
2022-06-30,0.0007592228649593005,-0.00363837806035939,0.0008159074792757461,0.004916136057435214,0.0011821054430381282,0.008576248141820595,0.008835433215517146,0.0022066149029539074,-0.0047697678278440705
2022-07-01,0.014016683559482246,0.011159576015518783,0.0073478011459462795,0.01916592881612042,0.013505123651785887,0.017798382497646193,0.017906669740015806,0.01579576584784645,0.009845708901869315
2022-07-05,0.007280018889657556,0.004657079819664478,-0.0009861124896880585,-0.0051309499831933315,0.0022860639102208454,-0.004650368051264542,-0.0047216455717217385,-0.007844998897940757,-0.007629358444682109
2022-07-06,0.003064431232725669,0.008131864419590781,0.008971318683518371,0.012877192538963494,0.00634990174933799,0.010742342943498939,0.010706099603148177,0.004689592341132733,0.0021249140037473678
2022-07-07,0.010856932814251005,0.015126398424181618,0.015377708976175186,0.009405618545775159,0.0157395549107212,0.010475262513802036,0.010472878169794315,-0.0007612354081018862,0.012924861174817148
2022-07-08,0.004306668915119712,-0.001057731057661222,0.003086987251333821,0.0034825382533683054,0.005964308980613632,0.003100735253686397,0.0031643317021554608,-0.0009327518887208099,-0.0015335932636406943
2022-07-11,-0.013921693693017068,-0.017785622665369705,-0.013025563281804396,-0.016216154531266187,-0.013658480994090779,-0.013176213720162068,-0.013066406831554606,-0.0005599734866298465,-0.007455059991874811
2022-07-12,-0.010361102111344578,-0.011197329191870884,-0.010049813395230686,-0.011576914130039832,-0.009748152458926207,-0.012742776487524136,-0.012788960824894634,-0.008437429366901434,-0.0071763033123875474
2022-07-13,0.0020121478944587923,0.0018876301022116128,-0.0015926946541044615,-0.0023068531160969777,0.00048809604883307293,-2.810333825169274e-05,4.662833706694466e-05,-0.0020928419344627275,-0.004234478917162617
2022-07-14,0.008205072728137518,0.001805228468034238,0.0017806632450985474,-0.004419491329838871,0.008947846215189084,0.005161339007810289,0.0052758268109622175,0.003375254112293127,-0.0036939405626571203
2022-07-15,0.017906439491670714,0.01486302699800405,0.015082012125646123,0.015968600653629015,0.010066868629947335,0.012862780988612323,0.012660650292608613,0.011855005635211946,0.019410839073853596
2022-07-18,-0.012349109145234896,-0.00936029802916742,-0.013453519003664297,-0.01796017669878473,-0.013408482456246523,-0.013368887110011352,-0.013388095911655929,-0.014314737522007133,-0.0078969486465183
2022-07-19,0.019688123328051477,0.02941965939148645,0.02605606621917002,0.024904280829132514,0.021706279145843728,0.02378587920313878,0.023639733045212524,0.009425808453150825,0.027845811608587512
2022-07-20,0.007143118525859284,0.012099475385883058,0.005508519428982933,0.008224735675949104,0.007515160397510707,0.0073303232028799235,0.007286935429516731,-0.008221129852797545,0.0037542953513063654
2022-07-21,0.023877123087018736,0.022064497119207528,0.02799383030892073,0.028970948727856938,0.019050421339633434,0.028542708719829606,0.02841996116033732,0.0013651121687637425,0.008648106784002652
2022-07-22,-0.005317311200046854,-0.007818481661321298,-0.009306268055791425,-0.008422991210041959,-0.0035985464190672364,-0.005002180338395746,-0.004878268375666775,-0.008558696462062528,-0.004598323095606474
2022-07-25,-0.003394287111831566,-0.0037829704217499436,-0.004107482828783425,-0.005693433149465602,-0.004005647225340664,-0.00201106274907666,-0.0019740938260763,0.004255802304130468,0.004158318938474115
2022-07-26,-0.01770759569996302,-0.011630358235802307,-0.012145339617519072,-0.016914269186603947,-0.01783616388353914,-0.01572002416961918,-0.015838030519984832,-0.003942130012338694,-0.006649723392561272
2022-07-27,0.018875902798606407,0.027436618050420174,0.016817494302990232,0.012215339866785134,0.02224002464564359,0.018997874985050588,0.01893019819652466,0.0070948352538031684,0.016927360863453048
2022-07-28,0.0062043496398097395,0.01577374748007708,0.017289322193188454,0.0113955960514763,0.023917254915166,0.02177322899739959,0.021913711680718498,0.01491369477859702,0.012632855497124222
2022-07-29,0.006408666987678309,0.011745943435271427,0.017697236671300288,0.028412480536307287,0.009337978751408663,0.015468668146554598,0.015420520492181783,0.0038381351048474063,0.009377215068541021
2022-08-01,0.0014859291459405836,0.00098819656071493,-0.0015233295356692034,-0.004301093118122321,0.0025291344946562003,0.0005518175213752431,0.0006733284812083651,0.0012325151213488466,-0.0008325985770733244
2022-08-02,-0.0012531019074685725,-0.0018209693860783349,0.0020242131124571534,0.0037178002465371187,0.0008612784538749258,0.0022627130926048283,0.0022869992040771728,-0.00900210759837832,-0.0059528005611120096
2022-08-03,0.018487401681872708,0.02127016218133179,0.012387047795931585,0.015486137721379033,0.01909609859260284,0.011820687234995304,0.011712690474414292,0.005977584217302746,0.012314780936121669
2022-08-04,0.0025545395504417596,0.00860985363562445,0.004983612769221792,0.0028808965527747084,0.00908021091313365,0.005802265457096153,0.005755526967232598,-0.005525093781796353,-0.0008465972440503193
2022-08-05,-0.006803472426822501,-0.009240372290905182,-0.008835552401240685,-0.009310792638029867,-0.009857219179313228,-0.00950829978862351,-0.00947240547811213,0.0014725389877036762,0.0009506136950973298
2022-08-08,0.005101286853500394,-0.004280184221122687,-0.0026122398316304357,-0.00040895272037160544,-0.00010532011943156113,-0.005840846254200084,-0.00587287394469095,0.0013914527999616014,-0.0004906078048097274
2022-08-09,-0.0109393820793103,-0.008867762161274969,-0.01611938022561189,-0.01130243260674959,-0.011413106252704617,-0.00815478636680717,-0.008018608152825646,0.005308702501758415,-0.004468624693047614
2022-08-10,0.01953624502694828,0.024676159922653585,0.021250678418513688,0.022559901121728548,0.020634373375352382,0.01981350416817549,0.01971597443476044,0.006187028118354178,0.017295386002232915
2022-08-11,-0.008138307631592621,-0.008149546906863089,-0.0073556292473919045,-0.008262769100462319,-0.011312395276695681,-0.007265079778740235,-0.007278591895695998,-0.004140753063155024,0.0028871640867417416
2022-08-12,0.01845339452250882,0.020883244960616845,0.02168521494548448,0.022118629521266215,0.017697869463297083,0.02129792656283448,0.021231347073125944,0.012497158070759422,0.0168004408279935
2022-08-15,0.010409003558753778,0.010973749621032708,0.00923239393683707,0.013114186619095098,0.012900196693634274,0.011913303526670435,0.011985133197923967,0.007605545360227715,0.0036558592307385494
2022-08-16,0.006918821271751618,-0.0010280653057699617,-0.001449844621970013,-0.0010915261394940016,0.0014708314948920355,-0.0017387077393804537,-0.0017326379726659148,0.009432132717478054,0.0025579312236512657
2022-08-17,-0.009094618952968203,-0.01155286826827905,-0.008767247296311991,-0.008056270798768589,-0.007814021422986152,-0.00639240483807518,-0.006282303354882059,-0.002396810520155722,-0.007359758536678507
2022-08-18,-0.0014164359445134494,-2.0251422262950114e-05,-0.0007145490267837158,-0.003947455193472903,0.0006194304544535671,0.0015045361754153024,0.0015071666609496861,-0.004577380787553455,0.003887183534639372
2022-08-19,-0.011867391485033522,-0.013988505171616927,-0.012153236224016017,-0.011177515052827413,-0.014218866144377746,-0.012154662875793636,-0.012146146510215935,-0.0004101113113249371,-0.010582560933911926
2022-08-22,-0.021709711877946274,-0.02402814089913518,-0.020809132747100903,-0.022712278342496953,-0.01773968002623994,-0.02116235190732463,-0.021145797247313292,-0.011085356657899748,-0.019760950284962105
2022-08-23,-0.0061148123842979935,-0.003574407662127228,-0.0036183743290276924,-0.0036970673490109604,-0.00344936607881637,-0.0025794837526392322,-0.0025881461568204324,-0.010149010062243056,-0.00228666130112502
2022-08-24,0.0013906138857243454,0.0027858186554941856,0.003255010805318935,0.006337877950379954,0.002641389442470659,0.005004121357223668,0.005045095429494512,0.00146654097803439,0.0035576874355503947
2022-08-25,0.010345632682280595,0.015265128701228701,0.015064287363595417,0.014140342996267792,0.010939507435713636,0.014230070574846468,0.014178265197944281,0.008052675527400138,0.012651328084783352
2022-08-26,-0.030322241915372326,-0.036557511631303115,-0.0313811735963727,-0.028944445896667646,-0.031330469116074,-0.031693240467619226,-0.03160225924667297,-0.020304587163651924,-0.030532372772468883
2022-08-29,-0.004990838808031739,-0.008556557142946364,-0.00817975179895298,-0.005195016624283044,-0.007104834130565922,-0.006995594343482562,-0.0069991758265288,-0.0015622624623828267,-0.004463147521857736
2022-08-30,-0.01185958427222188,-0.010780561388820966,-0.01058635600008026,-0.010955564670139483,-0.011874939876620869,-0.013459097255357377,-0.01350949966958674,-0.010578939344167192,-0.011110481785105304
2022-08-31,-0.005404226402256306,-0.006097637099031232,-0.008242757820434802,-0.0067280492423655944,-0.007919550107491109,-0.007408808681546164,-0.007364839385582675,-0.007252018144661731,-0.007049007085738454
2022-09-01,0.015462983763117924,0.004664195141516238,0.006848718736295594,0.011529078421137188,0.006692733467857739,0.005794806254839852,0.005885180811743592,0.012960194482678345,0.0038066319188091477
2022-09-02,-0.01875281722925073,-0.014195450477854017,-0.014975327168465823,-0.015477447112486917,-0.018140265113587125,-0.015557085143180112,-0.01563211901878135,-0.012398778548687747,-0.009022122432645491
2022-09-06,-0.004303273234879949,-5.1106223316126714e-05,-0.0013680520507269537,-0.0022353387740150707,0.0030924085130670767,0.004252155217691264,0.004392135663625375,0.0005020998419507052,-0.003354309001387531
2022-09-07,0.024374907604681622,0.02533641968870621,0.022937355350930135,0.026423706553579975,0.028204533707788786,0.024997725439715665,0.025020898359056756,0.015772359845242098,0.017897826778320563
2022-09-08,0.023903637555344456,0.007611121072108896,0.023539234161084586,0.029751832939497753,0.029421049169015303,0.008270881199204447,0.00818129312057308,0.003488775057982175,0.009711946604683944
2022-09-09,0.015445791509163715,0.013868600739005544,0.013927540300917125,0.014780809013517368,0.013629548028682905,0.011081438637692217,0.011043293165822183,0.007316171902369057,0.013135291970071225
2022-09-12,0.0054938579600280245,0.012103072025866133,0.0037507002652057194,-0.0008160853927792038,0.003681394052516945,0.006040828278439375,0.005986454893879737,0.004740509359465067,0.00912773937355376
2022-09-13,-0.04162372808292358,-0.045106646887879444,-0.03959257726106718,-0.039896317172127986,-0.03886714113503382,-0.041397256052497146,-0.04137589808404682,-0.027905438534719457,-0.0384979189956794
2022-09-14,0.0020649796061176806,0.006273743546570515,0.00676101360970421,0.013229858267340437,0.002506175221002447,0.007863663266496922,0.00786108814087569,0.0008466235549671786,0.004197743526692111
2022-09-15,-0.0031443105575867,-0.010149536803311113,-0.0018451921595692901,0.0007473958186723883,-0.012501199125703012,-0.007750678688040934,-0.007928860992547632,-0.01044481627289308,-0.009554652780080641
2022-09-16,0.00030128588757197776,-0.0027716369466739893,-0.004360943978090321,-0.003617760399724525,-0.0037879214480019074,-0.004536299806000004,-0.004510864587634251,0.0012207865371824764,-0.006958533027849541
2022-09-19,0.0042143806765743376,0.006185040164473912,0.004483489557235448,0.006423433046704356,0.00935846000839294,0.00972458972554847,0.009801485455918952,0.0014123588914593315,0.0051705749908063725
2022-09-20,-0.011265351997987302,-0.012519008361230075,-0.008226621209139967,-0.005525913958863682,-0.01204521052571723,-0.00854439447433072,-0.008554322710965552,-0.011755162316583667,-0.012695056015409416
2022-09-21,-0.01780987653957096,-0.015382305338815969,-0.015717928257097467,-0.01638098008489766,-0.016677487754886734,-0.015156084787247429,-0.015153184724085377,-0.012926999207743308,-0.015983580664207464
2022-09-22,-0.012927890691990853,-0.015629194260622762,-0.015557847719684837,-0.01032150192345108,-0.014532487505387987,-0.014679042883374632,-0.014644971441108469,-0.0003054489752788274,-0.009295002998890429
2022-09-23,-0.020181942935418216,-0.014721019358448795,-0.015408666573176973,-0.020028121136576857,-0.014950829727357381,-0.022549348768753173,-0.022736500122430545,-0.013241298357024816,-0.018925166251922126
2022-09-26,-0.0024074040686806564,-0.009649923036806458,-0.00992704549191202,-0.009343726010802933,-0.003938571165081705,-0.005990472700961373,-0.0059085555181423765,-0.006036319438904505,-0.01338682659201267
2022-09-27,-0.0006925624866468488,0.0006551761113187762,0.0029412165318712397,0.002213328133050876,0.002378740044485353,0.0005072643493228815,0.0005267604780473805,-0.010929054373949225,-0.0033533309144932614
2022-09-28,0.025148639063701725,0.023074180736739672,0.026999770117441563,0.02504345314943053,0.016798592458338247,0.022802196232031276,0.022851135363079672,0.010993303511121051,0.02212106120342597
2022-09-29,-0.022265098116505372,-0.024867904383545428,-0.025088571812855582,-0.026782180247343506,-0.026608232482869247,-0.027450483497846317,-0.02749505226424779,-0.015887550032797338,-0.01805976307650606
2022-09-30,-0.014475142560913885,-0.013340165596969074,-0.01294724873925094,-0.010144741768548859,-0.013156292196224285,-0.013362845872977843,-0.013393312969534103,-0.01269165741808495,-0.014342338589989364
2022-10-03,0.0173857205637256,0.015204313565911155,0.019006781725447577,0.026352832686571404,0.021657826839701532,0.01781382223609517,0.01781736849315236,0.019872354678138866,0.028868935448873888
2022-10-04,0.02050652619330112,0.028111499711127915,0.021785873052000825,0.02024298100857378,0.021471302679510067,0.023223024920815686,0.02312998983375445,0.016667915279119,0.029632018503432108
2022-10-05,-0.004862058576726438,-0.006423089478038201,-0.005531479489478588,-0.005639604454708023,-0.007277193726695902,-0.008479718715511439,-0.008585227178072192,-0.007790286790985457,-0.0016851598301327751
2022-10-06,-0.00876688911327632,-0.015207470628942319,-0.011089189273695054,-0.006811431846447337,-0.01649275875615956,-0.012201378452405836,-0.01211774356132335,-0.01986699277215627,-0.011468414253583843
2022-10-07,-0.032532621680549344,-0.036457616057097644,-0.031172899017341313,-0.021385926476508957,-0.03392190381688641,-0.031014096739892076,-0.030876949637836736,-0.018723332073776057,-0.022614247993390693
2022-10-10,0.0006083255422924775,-0.00515845341705293,-0.006318749626513505,0.0032505902184304667,-0.0028983563966498527,-0.002874880568085366,-0.002758801371219443,0.0030516747345753596,-0.007332313210824512
2022-10-11,-0.005961108069066481,-0.008231348864156444,-0.009357188671250518,-0.008188974520633583,-0.0010437591470007091,-0.009649439820690013,-0.009595894014325115,0.00629819173397179,-0.004661394761469044
2022-10-12,-0.002782708935419216,-0.004618396277135231,-0.008695518057657519,-0.011594295273993777,-0.01316861206715751,-0.014819478516457825,-0.015070626655423849,-0.006949310024551482,-0.005159200632541409
2022-10-13,0.021398463093088908,0.019738359458327224,0.022376812413679115,0.024000586677762104,0.018237350970018863,0.019003724121843278,0.018889443838210555,0.01998884160405656,0.027256580823080374
2022-10-14,-0.023865447814508122,-0.027831267797055807,-0.032652191392764145,-0.04228449515572888,-0.028708415797490262,-0.0344475297859163,-0.0345632901010137,-0.013358195511309347,-0.020860833937273577
2022-10-17,0.025485434990330187,0.03482901061805765,0.025351880035321652,0.030401064558109953,0.0253068957582879,0.03290243294968921,0.03284387006838952,0.01710795146434396,0.0222832621575927
2022-10-18,0.005012409719668979,0.01196129269054814,0.015458271176330446,0.023218389863259713,0.008386909250631985,0.02009703679883011,0.020241688775789902,0.010934836576183441,0.012847420216892282
2022-10-19,-0.001468136918376362,-0.0010270903016171926,-0.006242851076862488,-7.533448217162852e-05,-0.007712990916892006,-0.0018288887880124622,-0.001882857076681706,-0.007706878216120819,-0.0037237563740911647
2022-10-20,-0.016641192625846637,-0.013690013998519998,-0.014136577945149543,-0.015443653530587301,-0.018633479547029985,-0.022961789926999147,-0.02308836274438664,-0.005248961252465269,-0.008497431984935045
2022-10-21,0.023774787647230008,0.025414225117306725,0.021695275404153523,0.022915890218507,0.018628634625803536,0.02319692163471693,0.0231985475869995,0.008800199369669514,0.02472542866469448
2022-10-24,0.017704147102730636,0.008467103097553778,0.01316678043586385,0.011661612962544575,0.021623845601396977,0.015251018665389951,0.015381402264705978,0.013944053708649238,0.012650904230053097
2022-10-25,0.01826700374020442,0.021440198659120994,0.020152529785858707,0.014325155281055681,0.022345652351501277,0.02080043955231248,0.02084999039685796,0.008479391078692411,0.013269852199097253
2022-10-26,-0.002816880350547225,-0.0038272370304094187,0.00248145095047886,0.002167332433058712,-0.007826374891180899,-0.0012000661108184116,-0.001067337812680202,0.003822920374200378,0.0027142912504005082
2022-10-27,0.0007708368515747686,-0.004662212522028256,-0.0005540772296599105,-0.002868468957287511,-0.0032372088319859034,-0.00041287008753070666,-0.00031670929214556976,0.001011163887258478,-0.0001891888956854877
2022-10-28,0.019155787105973734,0.025709003638279115,0.024732174285508356,0.016758255312059375,0.02918630057651069,0.024209365245386985,0.024539242961660043,0.025583485202373774,0.02291687304359577
2022-10-31,-0.0047133710013170385,-0.008887917321884362,-0.00388878953872506,-0.002974205394940313,-0.011232911155339802,-0.007451567457529708,-0.0076050282477372645,-0.006814017127436062,-0.004938250439937822
2022-11-01,-0.002103778458224842,0.0016034543089825477,0.004691614558451699,-0.004247595528865091,0.0049329814336458045,-0.0034513707495040418,-0.003417684462154552,-0.0014441478505354483,-0.00042360284227115655
2022-11-02,-0.03168443748045612,-0.03258173756907881,-0.027374089873246483,-0.031111514153213417,-0.026527208878588792,-0.028360761582546332,-0.028312594958990075,-0.01677813986735206,-0.020688301396658587
2022-11-03,-0.004302867560488517,-0.001559013547480343,-0.0005217410214311154,-0.0064595144314582445,0.003631254138348604,0.0008145635985858344,0.0008962113212672528,-0.004687240640088171,-0.003951520850890727
2022-11-04,0.0010981100151135133,0.005945047040244879,0.0031062159821678916,-0.0012675703881992464,0.0032127997268758014,0.0019060915722146742,0.001922682120668738,0.004325981804395064,0.013322232701393402
2022-11-07,0.0031885094313304344,0.0007986999521142082,0.006572170581537007,0.010735239504825075,0.0024553713671267496,0.00016791359729724726,1.8221230957764212e-05,0.0037251859304622214,0.009688916143654455
2022-11-08,0.002571904856429807,0.00948732863589871,0.004798984784741076,0.005906264680711678,0.006402978211280955,0.008145944078005857,0.00815223373957317,0.009483820588731968,0.006937576779924978
2022-11-09,-0.017417226301292763,-0.020711964445789502,-0.020996516742819493,-0.022148958073151072,-0.015858505566275275,-0.019231022944137564,-0.01907389132798062,-0.009373041091248062,-0.018126502208295505
2022-11-10,0.04773956445804302,0.0628320105730388,0.050293451413201795,0.04134075178190472,0.05162183743353195,0.056888142713836444,0.056894937074984185,0.02637130120889197,0.0452414183312349
2022-11-11,0.013811530999376171,0.01757650596240461,0.004318089127010315,-0.008099897582755653,0.008384218759657116,0.0027053235198388724,0.002651691577009954,-0.010189159633428296,0.005972194794253829
2022-11-14,-0.005875396046565097,-0.0036798011186858944,-0.008217021336052196,-0.013514942145109298,-0.009160172285315635,-0.01321510564191864,-0.013257973675099516,-0.005007031483315422,-0.006882450322285505
2022-11-15,0.01489859827062299,0.011874357996887928,0.016283791527427035,0.021843804698614466,0.011918888962490671,0.021745161170589822,0.021985788106133684,0.004161277233439734,0.00882595388703348
2022-11-16,-0.004911793571644139,-0.015411651712239804,-0.011033487542802084,-0.00467921924935439,-0.00446355307898754,-0.005808876762784824,-0.005712965745943495,0.004550893866359003,-0.008235907149667997
2022-11-17,-0.00958365811408999,-0.009073648154462708,-0.0023440915370733983,-0.0033665950520882664,-0.008383689309265682,-0.009679489217009203,-0.009731286148889,0.0011123198873274015,-0.0025503812332642066
2022-11-18,0.0004957485275684365,-7.387045090951533e-05,0.0027725593304337368,-0.0016349910889777626,0.0017909341752345147,0.0009861577076802257,0.0009415806318700185,0.011862418540646718,0.006690206215566853
2022-11-21,-0.002063201410665105,-0.00536541726081892,-0.005187494975987149,-0.002526642092152538,-0.0037998009891696107,-0.0037323246149725633,-0.003636796451197483,0.009912887047921315,-0.0008597484275339138
2022-11-22,0.013901476071585407,0.013004941057916006,0.011494304639624475,0.006657170722604203,0.01341474229673957,0.011607281964591515,0.01159977444566693,0.0074743639934854765,0.013745788238297207
2022-11-23,0.0072101439418873455,0.01370378575668527,0.00996289775465101,0.00690548481620609,0.010606138944113046,0.013735392874492684,0.013697787317281747,0.000603923270811349,0.0035932346954542266
2022-11-25,-0.00027670845466694577,-0.0010534119764511742,0.0007015651511003009,0.003602448373976271,-0.0011446764934162012,0.0018655082958129831,0.0018872178134485321,0.0033934663007577173,0.001678768171694737
2022-11-28,-0.00655196702183336,-0.012516020419591678,-0.011991527392451067,-0.008324678519742244,-0.008722603191909031,-0.012552124598236002,-0.012591704617447503,-0.005936112065205026,-0.014277796331468643
2022-11-29,-0.003004712900945559,-0.0023686193369200285,-0.0005673493905276005,-0.0012428924665461426,-0.0048525148741239,-0.004480934909856241,-0.004528451534178564,1.8850645089479702e-05,0.0011964634817187303
2022-11-30,0.029925570074977433,0.03874417892116897,0.03320840103091887,0.03158123442070034,0.0322609842551883,0.03563427033303444,0.035492983507183565,0.01618820246129699,0.025012318528716528
2022-12-01,-0.0065008601032726454,0.006831829048818821,0.003610889030495049,0.004953281305730619,-0.007036139361489055,-0.0063379561407411345,-0.0066224862434562815,-0.004732068569980286,0.00011005625927724875
2022-12-02,-0.0009271771324171018,-0.00033998472786378356,0.002527762777204719,0.011032913594831113,-0.0015220224440106603,0.0032623975939238487,0.0032264661881339332,0.0005323221131542557,-0.00066202334340947
2022-12-05,-0.016941980895380095,-0.020159962899473496,-0.017095373621689114,-0.01905903059413051,-0.01598585012913676,-0.015240544689095732,-0.01514304733578188,-0.012477428876342076,-0.017425620540873085
2022-12-06,-0.01517581908384822,-0.014008038982802222,-0.014557471851146224,-0.0166983602309314,-0.012054422663993323,-0.014359083795917799,-0.014351306852684403,-0.00653640017425808,-0.011299805474900582
2022-12-07,0.0034598052307562863,0.0016198135080188459,0.004322810446046511,0.008381277842490476,0.001661122784010201,0.003749783366346568,0.0037947633283641666,0.0037990666152875187,-0.0006114053009301736
2022-12-08,0.006009029080604298,0.017267034840407897,0.007351283093363016,0.005476574455353079,0.008581604362302021,0.009003350387447423,0.00890288052334686,0.0070303775277292995,0.0075250893860053635
2022-12-09,-0.000813510528538965,-0.0031035743925139554,-0.008790856188503145,-0.009028844520760552,-0.005606370025742633,-0.0036961237224868034,-0.003769935569243153,-0.005901644079891375,-0.008591607541023406
2022-12-12,0.0025782126492371734,0.0065607578836190126,0.005212707376297003,0.0024459828504113912,0.005074266854139436,0.00768791334571875,0.007788558004813655,0.013755510596027956,0.015239624026632015
2022-12-13,0.0024478127043688477,0.009933034113548981,0.0023811960660118665,0.0009055540910257103,0.0056831397129813,0.0030132983471249037,0.002967711149547517,0.0011163838835204338,0.00612915044551754
2022-12-14,-0.0202038947550666,-0.008626988932578393,-0.012037204332702046,-0.014129562391116278,-0.009962543910390819,-0.014559846801685993,-0.014528620503680471,-0.0013750505810277871,-0.005975889662859709
2022-12-15,-0.028486444101455382,-0.027386563035989926,-0.022718869076556215,-0.02121936462049029,-0.025381265083928798,-0.024913460267229407,-0.02491363629986933,-0.011756177390569354,-0.022078336301601442
2022-12-16,-0.012863235879686184,-0.015784391155342498,-0.014994172924467468,-0.012308016713526533,-0.013180076134077665,-0.01562800510869948,-0.015632848132200103,-0.015404141215026186,-0.009462079278082063
2022-12-19,-0.004524117607145372,-0.010836024955673195,-0.00505934979186238,-0.0040731413720856155,-0.0100580956799582,-0.007397984248078626,-0.0072976064038262085,-0.0036006331446278407,-0.006098327264241219
2022-12-20,-0.0019514754730916204,-0.007163797620096941,-0.0034704547147072257,-0.003969679342357877,-0.001664637854672679,-0.007074836447649248,-0.007058485802211574,0.0011736053289821602,0.0021461269854311563
2022-12-21,0.015157927180298637,0.015021604514107447,0.01703897544646038,0.017825441736031743,0.012780410263671377,0.01722090604686647,0.0171764467780781,0.011481625442049276,0.01462344645552523
2022-12-22,-0.009022520946683222,-0.01782807759274217,-0.018308112553006746,-0.013955999131468475,-0.017811366745627673,-0.017479189241523203,-0.017477184523462856,-0.003519424611714617,-0.012119314071727305
2022-12-23,0.003694545260719179,0.0016043616906328978,0.0026745534211790323,0.00267377136326053,0.0021640741758592137,0.004917909108402644,0.004947907202300831,0.005445064604440391,0.006666779257183158
2022-12-27,-0.0109264979035371,-0.015269171845578577,-0.00937983882124096,-0.009315194720783874,-0.016709695080282347,-0.012137822556985367,-0.012101394710891071,0.003283007198985463,0.00022412175442421093
2022-12-28,-0.006390271216264412,-0.009069121532985596,-0.00512407731134443,-0.0042703377107201545,-0.006593948965131332,-0.006687898312637034,-0.006672831133343719,-0.010780707007543971,-0.010618419639001607
2022-12-29,0.017717668016787046,0.022630830573173163,0.019437414356069792,0.01910021907422755,0.017619581569640958,0.01965756141647826,0.019585940934907158,0.008289653525616386,0.014089392599563644
2022-12-30,-0.0014564105221383148,-0.001603035889298167,-0.002305862994522835,0.0011747355141631655,-0.003395628895196227,-0.0013654787633031983,-0.0013253855634782743,-0.0051303849896260295,-0.002247923683248804
2023-01-03,-0.015348603156994822,-0.014147703032683867,-0.006884450404262443,-0.014578575030899543,-0.013920007487911334,-0.01903550598204351,-0.01896553665811207,0.00315461351169688,-0.0027355050905902845
2023-01-04,0.012699147044728729,0.008257775270369756,0.0111137947507822,0.011570982834216717,0.005329814759002251,0.00378952657342136,0.003745064874285604,0.0068173565890272585,0.012169856946455046
2023-01-05,-0.01582659776622775,-0.01287930784398164,-0.010276519792662206,-0.00762178524142073,-0.009689359646026135,-0.012167178992751531,-0.01216823820354464,-0.005048215614308053,-0.010192531805624312
2023-01-06,0.013418324368614853,0.02171655790522067,0.024110294624348355,0.012537240001980305,0.015311171143344378,0.008378828181031783,0.008263590533270467,0.02096762720798923,0.024994136920523716
2023-01-09,0.00035820231315908445,-0.006717973701515557,-0.002903002315649277,-0.011133409464090074,-0.01405463788025397,-0.003707840618399224,-0.0036837078287345775,-0.011882006298302774,-0.000730888970168652
2023-01-10,0.012047922814942857,0.003697513776541686,0.007152603616358663,0.014740175563804048,0.010980344365654829,0.007818340871961298,0.00782492107753574,0.0016397739804602006,0.007005903340337138
2023-01-11,0.014952109683330675,0.010597345091310226,0.01616853017408481,0.009945002634723338,0.009412774223131035,0.008698017694202875,0.00869198129560323,0.0019319470869882682,0.009401437593195904
2023-01-12,-0.0018945111604022039,-0.0036497061688255876,0.0020495805829207746,-0.000989791042071549,-0.0007217446580172475,-0.0017664691520714688,-0.0017714427154940555,-0.0022928495066142163,0.004180169100567405
2023-01-13,0.0031129267148868782,0.003931122572085679,0.004405645225863335,-0.0013363071140667618,-0.005944612097788602,-0.009746614146927807,-0.00975217194177678,0.0008173088295980564,0.001929466397290908
2023-01-17,0.009860287980664037,0.007901989195167037,0.001363429607355227,0.006285530322945315,0.003218046792468353,0.00670434468542102,0.0066904446534886,-0.005139372303973607,-0.002709894166327756
2023-01-18,-0.013148691985960493,-0.013965360310412938,-0.012599053276640014,-0.01213855724369883,-0.012814224815345367,-0.015619750786725293,-0.0156315960988767,-0.02153126678421629,-0.015486586428853184
2023-01-19,-0.011619880401140958,-0.010005083712766994,-0.008695222088898478,-0.012319819786393965,-0.011440734279406253,-0.010498698884248824,-0.010473283930227471,-0.002716805041899668,-0.009213016761279662
2023-01-20,0.024727704767509677,0.02246727005986514,0.023740515054455794,0.019697545751875194,0.02207336081794718,0.0222903505095518,0.022177511168668326,0.007081033479055015,0.017441977948714067
2023-01-23,0.022610003469608276,0.021450339899687716,0.014874808484048744,0.020025295923573147,0.019633939656941757,0.02136349523484704,0.021300487406563876,0.00021675060061587074,0.013310524900332426
2023-01-24,-0.0008139291095005368,0.002913384662497223,-0.001409116789010589,0.0011756914987253895,0.002665541932568245,0.004877002183672401,0.004883625217569142,0.003224637572745662,-0.0016203059658587398
2023-01-25,-0.0030129604388273385,0.005812587124258133,0.005347895669770456,-0.0071482314457470345,-0.0015110941774587922,-0.008462068059565961,-0.008675342991823834,0.0011274585488566197,-0.00016263910747628402
2023-01-26,0.014698784286976173,0.011252912703272786,0.012021689735835008,0.013615627397812491,0.005816335358343222,0.008023077373573759,0.007938394586286,0.0006828393344520175,0.008319204584186725
2023-01-27,0.009586651055697983,0.007781155743429352,0.007639181145942422,0.005499334151893392,0.003784438285159486,0.005557347832100895,0.005448636915301101,0.0009717993296027815,2.395155648856926e-05
2023-01-30,-0.017324205945644856,-0.01755510276104149,-0.015818027971669705,-0.010821834427342724,-0.010881690034416813,-0.014874632273899614,-0.01482307815426745,-0.003135919279348907,-0.009977749724532133
2023-01-31,0.014577115814505343,0.016874172449797196,0.014299528725884214,0.012640823237212974,0.016503355797842692,0.014185517741590914,0.014145822453408598,0.008785619970827047,0.014260877146740972
2023-02-01,0.02002332733315526,0.01745818876506906,0.016498345038217024,0.014255991801415412,0.01338431357987477,0.016321738524868266,0.016260963629250523,0.0052760035147793255,0.013281323970979095
2023-02-02,0.006130516511876823,-0.002483413173422068,0.014744767058158805,0.006382372247710233,0.003772308877622092,0.005084875887796392,0.005070771428815737,-0.004897867331838148,0.006662936477294331
2023-02-03,-0.002214494364295932,0.002225567782179244,-0.015681825378152117,0.0018937135854112052,-0.000544812868034381,-0.004242316018292941,-0.00424798552972903,-0.006437456837149269,-0.010904769894867774
2023-02-06,0.0008983896740596988,0.004573817611413525,-0.0005435668265875674,0.005141948757744368,0.0029515571862957003,0.007329285668793759,0.0073341059219718474,0.0013807107288458026,-0.004938155575574
2023-02-07,0.004810288215130771,0.004081171114446975,0.0038061080106281853,0.0012118116066272518,0.0035994075194071117,0.008925666846065097,0.008901841620928783,-0.0037563278602066067,0.009316019079267605
2023-02-08,-0.006839216743217459,-0.003189621668057324,-0.00456547365320092,-0.006950349486782043,-0.0057009087480119095,0.000739888494707818,0.0007287292654364807,-0.0051043517265408865,-0.009719479419927644
2023-02-09,-0.0007323811980660147,0.004866520069525799,-0.004977281371531626,-0.0007679932032739003,-0.001475895256509882,0.0018350284933393143,0.0018027257496078192,-0.007696145187445447,-0.007083617128407116
2023-02-10,-0.005649919589418693,-0.006700534217038625,-0.004060942369843657,-0.001434130476278989,-0.0019848660395589838,-0.005276903568549888,-0.005194782355691093,0.009364872733383605,0.002542229012155662
2023-02-13,0.008706557755553321,0.008151022393622722,0.009067361948166163,0.010359151634621819,0.00970678508505673,0.008333121364319128,0.008356523392147314,0.008077685658655138,0.010157428220083885
2023-02-14,0.016258556063219288,0.013911160536773347,0.008515602825356005,0.007591350651827133,0.0080873238567765,0.015601017845003114,0.015580397185803528,-0.005348531864148359,0.0007465029572444869
2023-02-15,0.005718452259356294,0.0024003858974228397,0.00409422884373924,0.005406355137085545,0.003985876531664666,0.002556559863428119,0.0025506886708248125,0.00023394892120789362,0.0034839386999968034
2023-02-16,-0.023390678770140602,-0.02030854072610358,-0.017530685770363888,-0.02193529957870902,-0.017580512210744626,-0.01711616543573181,-0.01708588944674848,-0.008874332299849658,-0.013914630737368944
2023-02-17,0.00732102938244896,0.011069127298215046,0.002676799334863672,0.009917541033060834,0.009223554128086663,0.008436478699800054,0.008456860980310534,0.012714805980715565,-0.0007767683335804403
2023-02-21,-0.020829774851342395,-0.02009857827675473,-0.022842970411380576,-0.01760426872721482,-0.016576578543823602,-0.02127799436766751,-0.0213041587407944,-0.00951493823512247,-0.01999706790877489
2023-02-22,0.0003571707231522491,-0.0007248370248649368,0.0016262596336097878,-0.0021438635044223205,-0.0010343820093436397,0.0003778718386687406,0.0003647788413898167,-0.004743172820907821,-0.0017887606954825545
2023-02-23,0.006242013581188712,0.012752545654084292,0.00480514843869317,-0.0028486680244854683,-0.0012693013114373907,0.0068369305718715785,0.006752844236931583,-0.006069354440948433,0.005250941229661282
2023-02-24,-0.01250827649560257,-0.011604350572588119,-0.014129146103199205,-0.009387195984260278,-0.01171764944929536,-0.012211528733758976,-0.01220403756123538,-0.0036115739095831825,-0.009846106540444108
2023-02-27,0.00811505462100811,0.009104005716911457,0.008293047733890968,0.008250217670149997,0.007443961111391364,0.010416266578074328,0.010386872504927964,-0.0017363135690231218,0.0028415617250736455
2023-02-28,-0.004684849949117475,-0.008810815501266066,-0.005709077952085289,-0.005671142547205317,-0.005653918680378841,-0.008587095604546366,-0.008617137596133645,-0.004158330746358283,-0.00304459514585748
2023-03-01,-0.008923483174529465,-0.008714192424868308,-0.010873129656009011,-0.007533471100905257,-0.007448304023793094,-0.010233976021174892,-0.01024281254643379,-0.008742119353341593,-0.003698039135849955
2023-03-02,0.0015534400153546146,0.00021728050455013996,0.0018347684167521977,0.0033704419325880515,0.003410075594648626,0.003890795426416263,0.003959436180412197,0.008629459500933906,0.008591073716370261
2023-03-03,0.015013700512076447,0.013149263471759482,0.015242660151630142,0.008514283672244894,0.00847185274995863,0.013962773236383078,0.013978424496433089,0.0029013506558898993,0.013091416826379546
2023-03-06,-0.003667944990093923,-0.0021162454474571053,-0.002252262636834879,0.0007251157442807005,0.0003127101234536494,-0.0024221849717153982,-0.0024047445829809,0.004595414669265249,-0.0008512581182614099
2023-03-07,-0.01372643841588676,-0.0127131143974928,-0.014811980622402353,-0.010360919091166813,-0.00951817064445931,-0.011756744194794194,-0.011768588109551842,-0.008678748694720597,-0.015230471738533992
2023-03-08,0.000615359628492249,-0.0019366330410955303,-0.0007987417371932371,-0.004729839081476629,-0.0060450624472997445,-0.0005315728767539658,-0.0005413739959133601,-0.005087114840615322,0.0020915820471834206
2023-03-09,-0.016975729530032995,-0.01585730303627476,-0.018356392935362193,-0.015578001657756751,-0.017312924761324823,-0.01939732971208875,-0.019366075908589502,-0.011268703925203214,-0.016908875168407903
2023-03-10,-0.0066595675630839735,-0.005533465687268777,-0.014195342724736187,-0.0070091200873976765,-0.007526476458208615,-0.007456616523744136,-0.007449898167371524,-0.005536335094363791,-0.014692926902094679
2023-03-13,0.004525656952367474,0.006481930448721333,0.00753099291065347,0.0024986799896016924,0.0020636263510002773,0.001697019110461002,0.0016877082730033636,0.005465443876629535,-0.0032605510983832156
2023-03-14,0.02258722317369953,0.021334730934316506,0.016032907541866242,0.01811476974276337,0.015939478987894527,0.017184591277393056,0.017146632896765036,0.008261173596290809,0.016487274174447245
2023-03-15,-0.0006629880689932179,0.0025300088712142212,0.0009630549612599671,-0.0028715661087640137,-0.0013026474465137553,-0.002695957676135736,-0.002676534003980962,0.005923168560318322,-0.00974516979510433
2023-03-16,0.01552694148880188,0.011040831996255367,0.015679727106569664,0.0074004860560675815,0.010262154824071584,0.015714363812051026,0.015696969220218657,0.0020172841707226724,0.016643992305568036
2023-03-17,-0.012030344128770692,-0.011821757001871358,-0.009721687532769736,-0.013219748740317078,-0.011680473212047737,-0.01392851018530565,-0.013940461065686012,-0.005887403144477942,-0.011938003580926865
2023-03-20,0.010348075408978055,0.012637326360745835,0.008622273155019455,0.012154041587070749,0.011090474444374063,0.012260769235609864,0.012247353840127154,0.013463085575773852,0.010660293622622158
2023-03-21,0.011251183356289007,0.008205376754802091,0.012387228984736633,0.01022705975891555,0.010002657179846115,0.013185942483876101,0.01315053696100381,-0.0016329738127120576,0.010141916718267545
2023-03-22,-0.01637697501703095,-0.01583731778214528,-0.019272423354086052,-0.015816343770535556,-0.015692758801777208,-0.014891797803116119,-0.014906605134368535,-0.01228590187595467,-0.01714922156604749
2023-03-23,0.018029578374757015,0.017795510316432065,0.007876549465948927,0.01655799455774638,0.01635021048406857,0.00825217890986616,0.0082055015330042,-0.0012339130087507253,0.0034505727759683346
2023-03-24,0.00808572480518617,0.011098587415213445,0.007222452912110978,0.013746563304419175,0.01305641039903699,0.009869558384825713,0.009917531828484899,0.013070280808967077,0.004710525945947948
2023-03-27,5.0356256992848e-05,0.00023199057584458432,0.00272453643299124,0.001077648791200532,0.002108353538838768,0.0017822263430188022,0.0018137233636276702,0.006070783392883154,0.003880846137458075
2023-03-28,-0.003353047037568973,-0.001445872224947337,-0.00432425586494106,-0.005042035298640824,-0.004956868920886398,-0.005188785388377883,-0.0051806858312713625,-0.002015285158159838,-0.0006925842717847248
2023-03-29,0.010933165235838814,0.010012125749997706,0.015355480742270389,0.008153690849024398,0.007592654860060716,0.010023511245653245,0.010002892542250464,0.009207174821783508,0.015257336687432687
2023-03-30,0.007383457229700509,0.009298492764358209,0.00810351229032277,0.0048197699797472415,0.005504471429100505,0.009134132124993697,0.009130457579004736,0.006419605474512696,0.006493789302991315
2023-03-31,0.017990477242912167,0.01748545070855226,0.018573066526214856,0.017203244777296803,0.016421573730809158,0.017093194323278906,0.01707856446728407,0.009050717786849401,0.012940400770869144
2023-04-03,-0.0035415763238377767,0.0025023994402306733,-0.0017597092164011651,-0.0011078062953365868,0.00034954519206768786,-0.00010741950897516461,-9.812177033695325e-05,0.008794407924470567,0.003096961898397518
2023-04-04,-0.003659345405851431,-0.0050939252379544634,-0.0067189176355811646,4.943023575659459e-05,-0.00255876198412966,-0.0038469904091917063,-0.00381282821516533,0.0011213119722460541,-0.00723079315155367
2023-04-05,-0.007076930488792255,-0.0009688921683904995,-0.003061508010089972,-0.0027739842363957335,-0.002057756347022635,-0.0037715328792283457,-0.003694739103692911,0.011849580526296062,-0.002408240163343299
2023-04-06,0.000753766405644908,0.0021149226148514423,0.0010683265631198555,-0.0033934471070557162,-0.0028891924779982756,-0.000576877932154949,-0.0005387977438357456,0.003000297299433953,0.0003383345324029624
2023-04-10,0.004692344385570932,0.0015317912796630239,0.00311765389392787,0.0031136131951832644,0.004996677735294497,0.005174732332211179,0.005131460590084148,-0.001045168372410168,0.003841790371608193
2023-04-11,-0.000630107406254832,0.000349824338211987,-7.290160364956393e-05,-0.0006858578562440204,-0.0003212593562879372,-0.002032573026970567,-0.0020124963706129382,0.0015656095182699332,0.001719406677566944
2023-04-12,-0.006743662288377669,-0.006045003697294658,-0.009948305322337253,-0.006511045651220609,-0.006237060454025736,-0.005527456810544602,-0.0054730273974146195,-0.001004490310933714,-0.00517054757703245
2023-04-13,0.01675259935100896,0.0140911460924162,0.015237288270708664,0.017444560039872943,0.0153575837184102,0.013950061906427393,0.0139337292809086,0.0047009625193216295,0.009568342217154155
2023-04-14,-0.006919557176051746,-0.006633364115799189,-0.0057461231243898965,-0.007363490631144118,-0.008505033208208524,-0.007076233036500908,-0.007083369055905517,-0.0070546702846064815,-0.0019163000594601238
2023-04-17,0.0008560726073808177,-0.0010146651895397017,0.0030646647954677164,0.0004334312446559431,7.004562815696242e-05,0.003397078958257737,0.0033837968142317316,0.004862448742802156,0.004726044181231977
2023-04-18,0.0006761482653919037,-0.0013596144618768257,-0.0021174476703216265,0.0016600855604991553,-0.00029138502171929175,0.0038274749993075373,0.003786610745727347,-0.004345596095097317,0.0015674761638540334
2023-04-19,-0.006022101235689966,-0.005825140612751204,-0.0014951153745749479,-0.008812020900649555,-0.008330551143595656,-0.00944354549728287,-0.009442639159174253,0.0004313690585157472,9.4549913313602e-05
2023-04-20,-0.015535091055938005,-0.012211486135846848,-0.01090439107965618,-0.013096643618433703,-0.010419132282910592,-0.017454060840753526,-0.017422940143195818,-0.003619134402965357,-0.00491950084620568
2023-04-21,0.0036283378926458346,0.0019788710711307824,0.004087034409450817,0.0014988168631444088,0.0026582028408165944,0.0018375074840455748,0.001851068574192363,0.002789880677451528,0.000733805173986085
2023-04-24,-9.400039875177225e-05,0.00028627636535536957,6.227074601324018e-05,0.0001034210249362486,0.0006723518267890762,0.0001041258913479712,0.00011074929527958407,0.002333986002790995,0.0013039113787485293
2023-04-25,-0.02505096558117784,-0.010967807874344603,-0.016581974844948593,-0.017271813887216048,-0.016877308637645198,-0.018589946315439716,-0.01857293446984393,-7.550656419142801e-05,-0.015742366322538382
2023-04-26,-0.012527352055290196,-0.010338811136844046,-0.009409546758401888,-0.023706753104776095,-0.01927597520695007,-0.019998554803460415,-0.02008714770308839,-0.010593793686317843,-0.009806583989412889
2023-04-27,0.01521305618334225,0.01159398816790049,0.022273125301036534,0.019045204175680668,0.018797270707734372,0.017390577568437298,0.017452352868721183,0.015451112081913453,0.016118464443278503
2023-04-28,0.01379893733016979,0.011739790117022612,0.010950323663481873,0.009993026152774573,0.0103941405747029,0.012949497942971408,0.012936177522322585,0.0029177631070273513,0.011068036408808312
2023-05-01,0.004157184216568369,0.005548382106775069,-0.001529584341784156,-0.0032660729386272845,-0.0021165553710636295,0.004375813273378194,0.0043566564169735715,0.0015162550127947596,0.000766113702543903
2023-05-02,-0.007733769099746029,-0.008371177109568547,-0.008655956226675254,-0.00918523770812799,-0.010205933932844658,-0.01379723596117089,-0.013766264825537812,-0.006862947739008356,-0.011067438742246687
2023-05-03,-0.0029329566110848655,-0.003038789006729563,-0.0033348159445233845,-0.001788235715968021,-0.003921475099246853,-0.0034826097087019814,-0.003478740258825334,-0.004323555631995783,-0.007832682804049479
2023-05-04,-0.008790801134599987,-0.010069085231903302,-0.0037159728067129873,-0.008672896679311802,-0.007284888915341892,-0.0018455105514014391,-0.0018387816462890076,-0.00470467015172566,-0.007129859060326525
2023-05-05,0.012941898617657559,0.015722657777770953,0.016621989962463647,0.012560432750293435,0.014575690013739411,0.017005764602506596,0.016937608287693084,0.008546891007952669,0.01621788056147844
2023-05-08,0.002071963737551403,0.0034610153437605626,0.0017563133062346618,0.0010024098890639758,0.0013284547075825886,0.0029892041280573304,0.0029985878898603794,0.0006203017104943013,0.0006106142373010591
2023-05-09,-0.0046111687500978845,-0.0035962350477033765,-0.005742612619440367,-0.0017001977935413475,-0.002385299169942645,-0.006136146997511816,-0.006129040927126192,-0.0024663171684662344,-0.004114260212529474
2023-05-10,0.001828339801510328,0.0023744792850060067,0.006640135130621312,0.0016696799105508702,0.0018006028548375208,0.0039744924536809145,0.0039951130256571064,0.0007569308207846859,0.0011539524539927281
2023-05-11,-0.0005228760532651762,0.00038599661916363805,0.00155166306797615,0.002484684611508983,0.0008009227684552795,-0.0005313965655703189,-0.0005537783042074883,-0.0025168124835189885,-0.003253070479254389
2023-05-12,-0.00639686121018277,-0.0046776397377501265,-0.006459710298302059,-0.001352680022757471,-0.0016461536980592409,-0.0016593228195732116,-0.0015927475317408803,0.0014057458082573347,-0.001327258902553278
2023-05-15,-0.0009226222390760822,-0.001818133587854055,0.0016966046256004443,-0.004159270949547793,-0.002564192286715302,-0.0027104712375516054,-0.0027564972485772444,-0.007891980293787912,0.004847867165861915
2023-05-16,-0.005622321024133096,-0.004946690141817138,-0.005809297729407694,-0.009789876333025058,-0.008338000887923061,-0.006670138717052816,-0.006720391888454668,-0.009781748383375708,-0.00954889266811551
2023-05-17,0.012136896345330116,0.01123024072283919,0.011281278445930406,0.010687839200929694,0.012384897276355744,0.016530480794543424,0.016465881675424305,-0.001510838792717836,0.012548273102666084
2023-05-18,0.02120845477715462,0.016727025679736995,0.012181163956203103,0.011817214306029245,0.012355841269451747,0.01399445235170871,0.013924886656773725,-0.0009369329902714877,0.010131391203669213
2023-05-19,0.002202078060645543,0.002127814709752991,-0.0012868922639776015,0.0027310727447402753,0.0018509975163997407,0.0010896842993445295,0.0010915642728947011,0.0007194098355555098,-0.0015770091743992508
2023-05-22,-0.0004217464140680079,-0.0028228265960377956,0.0010358726580240566,-0.0005898190432931101,-3.809321279078138e-05,0.002771640066609453,0.002754639387381745,-0.007557246546535679,-0.0016124645810556327
2023-05-23,-0.011407997721000044,-0.011199452795560862,-0.01190945781837246,-0.01074193445676727,-0.0096226553392762,-0.008699927754668466,-0.008699395631987395,-0.003546764138040857,-0.011943949191238255
2023-05-24,-0.004314509805166137,-0.0014649057360260201,-0.00552467287769064,-0.002756066491488136,-0.0036336773475659674,-0.0017045322439955173,-0.0016827190764503236,-0.005605459499448504,-0.00946474489560107
2023-05-25,0.024599582976045548,0.03250645485797615,0.009972820175470444,-0.0036334675728212137,0.0019600821592707196,0.024931265885315346,0.02472040765832987,-0.011775762669120187,0.0064743598163624705
2023-05-26,0.017713490560263154,0.013185562289904479,0.01833759995871529,0.02009040878199121,0.023319652775756747,0.025385763733704776,0.02526561443520298,0.002356296500069236,0.014406242295699022
2023-05-30,0.010355868650785572,0.015144321502469625,0.007872831313770735,0.006739051654897307,0.0061425726762084866,0.008432604109755791,0.008368594653372358,-0.003941280539012921,-0.0009461506906425637
2023-05-31,-0.00439732258806846,-0.007274318574868744,-0.005040193022949496,0.0012528342535387703,0.0009030668018790279,-0.005530262041588798,-0.005498193788654623,0.005887234633756154,-0.006294765658477135
2023-06-01,0.010793861162696239,0.012034173272022585,0.011206769096398029,0.00669274582904957,0.0057242758347771875,0.011601685451336247,0.011549099278084885,0.0048958537875505225,0.00866198961628255
2023-06-02,0.0069418503651367675,0.0070355985746460795,0.011192503774561218,0.007738035047707788,0.00852687176837284,0.00920058622871314,0.009202211511995005,0.006180758345195089,0.01387803393433813
2023-06-05,0.0046660521450003125,0.005158789106600402,0.0034572810480913993,0.006577937687365019,0.0055028455807814534,0.002339323043547179,0.0023352932236305967,-5.9251365427952843e-05,-0.003403004744297752
2023-06-06,-0.0023744986432359845,-0.008598473336850595,-0.0019029999426920811,-0.0013712509285063984,-0.0015910937950956606,-0.004018499639818972,-0.004033243139273321,-0.005363278707897041,0.0035895878283951238
2023-06-07,-0.004371067885238475,-0.007859574360669218,-0.0034742163377220205,0.0018922292403236983,-0.00022141496509917862,0.001245224043319214,0.001285974100039421,0.004879328057338545,0.0016116011083818556
2023-06-08,0.018682658262319584,0.02132769948978396,0.013474900282800257,0.016766767257377035,0.01642155898234568,0.0179280687258605,0.017911396891015497,0.00709289499470038,0.00584438640627937
2023-06-09,0.00904872065828998,0.007676622871902068,0.0022007167063278635,0.006166978905371723,0.006976400615370681,0.008559389740981336,0.00853375291655578,0.0003963865988360802,0.0009110696016879758
2023-06-12,0.011634804607979438,0.009075960992814727,0.013052550758442995,0.007207961038526419,0.00959882876804935,0.011491069999558918,0.011437473380926764,0.002997976242300011,0.009223505023280532
2023-06-13,0.015145944045340379,0.016627815067514543,0.011055700306359535,0.010061035870385043,0.010018576327914933,0.012328370227301213,0.01231634164281852,0.0009750944970708702,0.0075391965524366274
2023-06-14,0.00045954432853034083,0.0037512298369932412,0.0003299641854410562,-0.0008294904014245539,-0.002317077703315574,0.00010897175214074297,-2.245757645868182e-05,0.002843898306950529,0.002214103846313733
2023-06-15,0.008483213765490967,0.007658492661530369,0.010265121707706704,0.010821838115367955,0.009637331095024706,0.007782849240930206,0.007838073671483948,0.011885173211699008,0.010525622235566811
2023-06-16,-0.002051030350774088,-0.002015509553057158,-0.0015452767504964158,-0.0003028876336456717,-0.003457519765910861,0.00037216786963661913,0.0004013668063584196,0.00029708361294276747,-0.0025744254779821742
2023-06-20,0.00309615064399623,0.010596094780963208,-0.0009969636258294963,0.003549004468409414,0.0029137513914439697,0.009451489322590515,0.00940693729434988,-0.007334905340801954,-0.006975585949298444
2023-06-21,-0.012259434645522434,-0.01031603262772402,-0.00878858400466555,-0.005869793803986116,-0.007103587910132215,-0.007507526993060305,-0.007432051456858019,0.004026991483374328,-0.004784303853779236
2023-06-22,0.0016823667952697494,0.0035856307216472977,0.005817705394404602,0.0019098847020327838,0.0010919384620480888,0.0004949218976628094,0.0004704398377831914,0.0021534805944804242,0.00020130305519147463
2023-06-23,-0.00842398608879059,-0.010425914629979589,-0.009400909399748497,-0.008376327373739254,-0.007362702073025286,-0.012516101210007007,-0.012509762850982438,-0.0058810442573673915,-0.008663539705465033
2023-06-26,-0.01323115231960297,-0.014348499333740366,-0.009799745283007276,-0.01220074187113412,-0.010781196394362839,-0.0171592547636908,-0.01709896480817176,0.0014108908003663235,4.0509889736007195e-05
2023-06-27,0.0025418029342680485,0.0026336887548537176,0.01452519982433849,-0.006476657345688865,-0.0013523341140671689,0.011163001915021366,0.01108281742748408,0.004549639488705813,0.011045966189286856
2023-06-28,0.001593468737962447,-0.0030123580935010985,0.0023571311133533004,0.003623532811477699,0.0023690277491469295,0.00080275115696242,0.000795407965302746,-0.00014099412739801886,-0.0008837781768186333
2023-06-29,0.0032570855512018024,0.0036268123126727216,0.0034224657875483217,0.0038783257163764566,0.004764901997516766,0.004892934061652469,0.004861140229910594,0.0045718706809832295,0.005580652558237653
2023-06-30,0.01890409897045158,0.020971183893876873,0.016086542537568436,0.01597861801156029,0.015470823889032839,0.017644276140018306,0.017645659139895912,0.01189437036694039,0.0112056910707121
2023-07-03,0.00882024467592554,0.006259111354815311,0.0060661958288278075,0.010597622863217932,0.009348588047075756,0.011148408522514884,0.011118521430300095,-0.001693317540509638,0.002246415879198524
2023-07-05,0.001298716878932158,0.00018258144420120652,-0.0006508003171563719,0.003957918321550633,0.0012312102728023954,0.001396416840612494,0.0014156623514259361,0.0006880412512920315,-0.004511077493492831
2023-07-06,-0.01191858640790007,-0.00935673963757073,-0.008365953562598285,-0.012480765310493544,-0.01194460448447461,-0.011370115073119089,-0.011399376827531994,-0.006090455753551794,-0.009289963288410615
2023-07-07,-0.007811034351258057,-0.0077876528363078215,-0.00504658711694459,-0.010896664394634801,-0.0109084801677758,-0.006276331161528736,-0.006298520706448697,-0.013912433574038229,-0.002730754680194298
2023-07-10,0.007283641084871424,0.005181458641974831,0.002782553351394936,0.004252503897258518,0.005688635626612966,0.00261161685065823,0.0026098210432297475,3.599944800189456e-05,0.00850169235836957
2023-07-11,0.002685975732235101,0.002642910468011854,0.004888445136245751,0.006390089822230775,0.005586546329691056,0.005378329316474676,0.005381510405811539,0.001431454968055844,0.00657748041855382
2023-07-12,0.006982644202125443,0.006571128672990677,0.0066375413257673925,0.0068841290903899855,0.0042145138893592725,0.005333509945868032,0.005322680511083495,0.00019426689066604546,0.006745474040901914
2023-07-13,0.012304397903423497,0.012727339055643567,0.012118039822944994,0.0060369148518066434,0.006167053548483844,0.010484899969545346,0.010429996635709727,-0.000735910431695909,0.008081542720632084
2023-07-14,0.0006455498821933384,0.0034715864642387907,0.00029299045361930935,0.0011886154020638588,0.003394899106362457,0.002307488309202113,0.002326594336312035,8.43202472243126e-05,-0.0025875337881835266
2023-07-17,0.01001559954035767,0.0104067096537644,0.006781772087901621,0.01038135024887906,0.010618046560568263,0.012686444162922153,0.012628820019774991,-0.013947799598530332,0.002940188812805051
2023-07-18,0.007765897791307255,0.011814056631280281,0.006040248887684873,0.00306063579404125,0.0057760802771198915,0.005783125464261248,0.00577634816113024,-0.00015107213508096473,0.004432824299078886
2023-07-19,-0.0009008172659514607,-0.0020620294848363073,0.0009465432472138679,-0.000138317165083528,0.00033414340405647086,7.284331662221767e-05,0.00010210729330399069,0.007928056899348793,0.0009378600789252649
2023-07-20,-0.02466406866570936,-0.01943991946648704,-0.01460934785055109,-0.021541771840983524,-0.019227922724079718,-0.023342773051332703,-0.023262604122598576,0.013926570586951108,-0.0036043853805512328
2023-07-21,0.005729900488303815,-0.0025050662759921152,0.0009606334268314493,0.005315672205203537,0.003759836672301898,0.0003819611508463625,0.00046239830551041995,0.00572634933471473,0.00241662683584445
2023-07-24,0.0045692913741892886,0.002383894747456447,0.0030570139242700484,0.007879378692018654,0.006218825283150734,0.008074004367302866,0.008047215760800952,0.006460609738794949,0.003354854117820822
2023-07-25,-0.0020416388498562823,0.0026605282538285503,0.00035227724300865575,-0.001844472188230201,0.001336803330264852,0.003445485266957222,0.0034310968722594524,-0.0013780843439448699,0.0020797100796967833
2023-07-26,-0.004207051601074663,-0.009243549169203648,-0.0046339558921658,-0.0025292220735630795,-0.0028891845316633947,-0.005284184105300717,-0.005275183564107019,-0.0012717442216752352,-0.0005221939316908274
2023-07-27,-0.01233864920087829,-0.00805015455435491,-0.008046101648508462,-0.017153807845686198,-0.016380994688494657,-0.018879672265046533,-0.018943175737686228,-0.0072361284688909995,-0.005457591728651878
2023-07-28,0.013573254523540029,0.01109564776741617,0.011068410288114026,0.01113459288224729,0.011724755685455744,0.014211329760291488,0.014177619630244956,-0.0003023641101616449,0.006844903157903789
2023-07-31,0.0008670081614316149,0.00045974571811274826,0.004647275983932332,-0.0004129738714754009,0.00048705312179541256,0.0002428682640897244,0.00024939186969222255,-0.005174699937978564,0.0023317475073253873
2023-08-01,-0.004926340216172061,-0.005533961031537958,-0.006791060796360772,-0.005596876634462195,-0.004021643593114685,-0.00355825479197161,-0.0035859163019717265,-0.00616336930033254,-0.0018301575195744174
2023-08-02,-0.01312286909818251,-0.015797635955714703,-0.008331999752670259,-0.009333112110904696,-0.010467306152235257,-0.014728440823899387,-0.01467148878426192,-0.001268467866624658,-0.01258145982654294
2023-08-03,0.005043681456312107,0.0070983087208244845,-0.00015284286432536194,0.008641805783442563,0.006827681502824804,0.0002550627632598797,0.00020980822130288159,-0.003078647334902242,-0.0030738147077979533
2023-08-04,-0.005563859263833057,-0.0027757203502090113,0.0018543142442063894,-0.007753441555175102,-0.007441848911177872,-0.007025313600142113,-0.007037501854382944,-0.009864483066774225,-0.0036319795253006624
2023-08-07,0.007773876106069615,0.01054667670198992,0.01053188991241555,0.006134425107196406,0.0068146845591064535,0.005333070400956202,0.005294136550594782,0.01110861968460524,0.00971394782955413
2023-08-08,-0.004193253561038399,-0.006888707897882365,-0.006937015332385165,-0.0008358386561177911,-0.003984257900174291,-0.006219595262006655,-0.006193775752428306,-0.00020607143239941315,-0.006551076344582275
2023-08-09,-0.011495525061489006,-0.012545203853815107,-0.008711758061009645,-0.005320345178358509,-0.006915576514206806,-0.015073829080715728,-0.015025503772806988,0.0028537340002771083,-0.005210871803513359
2023-08-10,0.002641180976591618,0.0014229014793308086,0.0012533157922569836,0.002704654240051617,0.001844419424731007,-0.000642941677950285,-0.000643237714099244,-0.0021112422410795766,1.7320408234525022e-05
2023-08-11,-0.0037827182184949327,-0.004107436845351214,-0.0036924047570071057,0.0010274196109914084,-0.0006111247007682989,-0.006649915282749083,-0.006596882393898458,0.007414733237741052,-0.001819734334140913
2023-08-14,0.0058240694899335255,0.011591257216422087,0.0067495997073157305,-0.002405805747397204,0.0013235621035802162,0.008838543296827386,0.008768995546083591,-0.001855987631151939,0.005167517568100688
2023-08-15,-0.009304960409335775,-0.006717780228430256,-0.00947242250320414,-0.010562041083172687,-0.010134039442904757,-0.010807448771243764,-0.010813831349175714,-0.007541079593145786,-0.011673240370257146
2023-08-16,-0.011355873240004685,-0.009852701607315497,-0.00967090081932663,-0.008225057695267638,-0.008213328504974955,-0.008125880255506243,-0.008110179665716376,-0.0021459116033476213,-0.007186106362365723
2023-08-17,-0.011530687880861479,-0.0120857511607903,-0.00824500099255613,-0.01090956201876163,-0.012460291263399812,-0.010524515082356356,-0.010512350623706224,-0.007494051129746641,-0.0070664552603585005
2023-08-18,0.0010002424821537166,0.0016273419910298903,-0.0009349109714410992,0.0018213890345091547,0.0018905258174281476,-0.0007714270147772375,-0.0007531636177337521,0.0030741057140700914,0.0013617615856746218
2023-08-21,0.022233113002650823,0.027808679295881076,0.012943411840946804,0.015344897730157604,0.01583276858349311,0.02560173025424941,0.025479733224806563,-0.004969125003439051,0.004946321954822194
2023-08-22,-0.0015115209376090272,-0.005895858596388888,-0.0027514259614312628,-0.0007517715253315171,-0.0008424264012153144,-0.003233369607062323,-0.0032053608171687758,-0.001292418304759784,-0.003155172982954922
2023-08-23,0.017632871721515276,0.014132577070180157,0.010853584063498819,0.013305105626688352,0.01103152531530414,0.01453376535834789,0.014513518523297566,0.004579306597705163,0.010330377705016115
2023-08-24,-0.01774573219609153,-0.013181433775904881,-0.01604466425526303,-0.01789464604254426,-0.01816577131260602,-0.01477871984958545,-0.014776920221067674,-0.0023051621020048615,-0.013652699340247133
2023-08-25,0.01013152810936947,0.00488651963877549,0.010699340848895457,0.008948874135014289,0.008891605843184668,0.005313233682003535,0.005342625463279132,0.006440525285027777,0.008588531445345188
2023-08-28,0.005905756137324425,0.0037132982173025612,0.006094478119042486,0.0030162138411049485,0.004335157089925288,0.006267461985446543,0.0062480581238094956,0.0008187509125769459,0.006849609337110582
2023-08-29,0.021303632352112592,0.022046698403000345,0.0213876304556603,0.01772314300371162,0.018040475566219103,0.024481939196917057,0.02442731986253512,0.007645818645378807,0.013403406077987748
2023-08-30,0.004681086700312017,0.004069673369656669,0.0006253936882027494,0.0037715026470594064,0.003939617720413679,0.004277794456448079,0.0042598315072564725,0.0014612495293064884,0.0030697251086767635
2023-08-31,-0.0016708976952639544,-0.0068074477102600065,-0.0017154808856921862,-0.0015763544239292568,-0.0018468244967164292,-0.0012445393630835797,-0.0013060231713409867,-0.00266478301067392,-0.0017232495532790413
2023-09-01,-0.0035005366349031815,-0.006275319869187861,-0.005689782339626741,-0.00519911652259652,-0.004265470025759301,-0.01149529717145383,-0.011423035838517712,-0.003385621405781094,0.002028449283229009
2023-09-05,0.0037450170119840993,0.005349930219775476,-0.0018981382142535088,0.0023376356464728213,0.00283769573065465,0.0048640614284927745,0.004831183643024379,-0.009530160387778767,-0.006591599684266873
2023-09-06,-0.010293761759289834,-0.011301612704496748,-0.007313493053622989,-0.012186612625605798,-0.00736535698081292,-0.013516739918517087,-0.01347704456098239,-0.007786078697756614,-0.003971229536083933
2023-09-07,-0.0034714701534169327,-0.0007233695749043104,0.0004477560077555994,0.0011844038265660605,0.0022906914645033022,-0.000436927854466288,-0.00039907713054007995,0.006459099736081062,-0.003040292554549862
2023-09-08,-0.006145054647558741,-0.002465901151280285,-0.001986441098302371,-0.0016797390841497982,-0.003896071558188334,-0.007378834483169937,-0.007350705893767624,0.00019995009142446154,6.881276627047266e-05
2023-09-11,0.017872407852266448,0.013461613568592825,0.018103656171216783,0.015292882501535767,0.01526262452352838,0.0156250588383223,0.015599238716909838,0.006263418901208557,0.004951854177137263
2023-09-12,-0.012224571430401801,-0.008471750400230859,-0.01088150208912061,-0.009889734383763615,-0.009083338310502133,-0.010316591700313588,-0.010308245058628134,-0.00020017505994145948,-0.004508964705278229
2023-09-13,0.004093559581837593,0.002662504746540138,0.004971116670531639,-0.002641808325749546,-0.0016565321672092667,0.0031430736416837254,0.0031299964044801034,0.0013463597742586464,0.001562306782283792
2023-09-14,0.0051322232110505555,0.004067911625773725,0.0055918232359888865,0.007143755963876778,0.006874914489591141,0.008160947010105474,0.008173077338629518,0.006168728053417435,0.008871212225418895
2023-09-15,-0.013027066097256327,-0.014052180975013906,-0.011673552109852787,-0.008333602196356933,-0.008133199423066947,-0.009070294173483104,-0.009034682689393858,-0.008894662671084462,-0.01182577419084494
2023-09-18,-0.0044962844608341,-0.0038731853884732942,-0.0015775431767300863,-0.004408461793109184,-0.0025277459024695506,-0.005281245296704723,-0.005305142179028248,-0.0020136242505667014,0.000376099574001005
2023-09-19,0.0016555170397902933,-6.59772054208758e-05,-0.002530862688032616,0.001451493595514607,0.0009513769868298133,-0.0030233276669841508,-0.0030350019991826835,-0.0007899250610146506,-0.00315219428475326
2023-09-20,-0.008455260262595667,-0.006802840430691092,-0.007654687342474953,-0.004790117426086781,-0.00360415144069392,-0.005353227229840795,-0.005301316818078416,0.00215712727241737,-0.006824188815990862
2023-09-21,-0.018028629036871715,-0.014928385079292426,-0.018947724724156106,-0.014840026155467423,-0.01304080091944279,-0.014801533660537174,-0.014742816860547103,-0.012595650657332513,-0.016545154935384995
2023-09-22,-0.005816884619678631,-0.0033814403824343254,-0.007202368247712194,-0.00505057562225821,-0.006680060928653787,-0.006171029185744053,-0.006151747730976869,-0.0016441632023861856,-0.002111836123033774
2023-09-25,0.006477145386796653,0.006834883318882307,0.0036829034733649514,0.004086718069889617,0.005105086138508808,0.005984945576529541,0.005962878324993747,-0.0014909602854342634,0.0028563587572262303
2023-09-26,-0.011408435192732113,-0.0097716892915894,-0.015816661957719462,-0.012780767406900215,-0.010575485938205,-0.012324128595611565,-0.012360563441393302,-0.007978816816984731,-0.014064365935576644
2023-09-27,-0.004316064157262552,-0.0018164569734686678,-0.0007845802413472549,-0.008467580865516572,-0.000553588460023579,-0.004667629790495362,-0.004831030701136666,-0.008359871469675205,0.00023945527979899172
2023-09-28,0.006269432831846931,0.006679585867581022,0.00850258783830029,0.0027077105831998546,0.006726073945698399,0.006010738429873969,0.005910983595070111,0.003338583596152009,0.007192998218986369
2023-09-29,0.00025079818486637806,-0.0015806875725275823,-0.00037382497455119867,-0.0010409840690851755,-0.0015219644485150914,0.0023182752315304986,0.0023182071372407874,-0.0072578051760657306,-0.0031234020789657237
2023-10-02,-0.003729514063516449,0.00311352891690914,0.003058488170974136,-0.009043585881654074,-0.0018401577464069617,-0.0018805133309906313,-0.0020521391918978085,-0.009357148947460325,-0.004215362590006677
2023-10-03,-0.012247457643961587,-0.012216051353889049,-0.014239538438627389,-0.00815784472742635,-0.011810232044570625,-0.012248032960731499,-0.01219720521997759,-0.002672758744707554,-0.011709122007679266
2023-10-04,0.01637980854358403,0.01535749974854269,0.012914536326736113,0.00932337811539719,0.008477492547661664,0.007292351616068027,0.00720202458055698,0.0035686994215099084,0.007187116072646097
2023-10-05,-0.0011462076841553832,0.004501375644736284,-0.00021172604342852637,-0.00350178155026003,-0.0012700691993071085,-0.001222039775268721,-0.0012544066142382833,-0.003155029325583397,-0.0027622963003151187
2023-10-06,0.012019072012716056,0.012686441640817734,0.009815142630941952,0.0030336379270795855,0.005924138200482491,0.010518856062834854,0.010531130019626004,-0.0032706151831334174,0.010901937533933622
2023-10-09,0.006894662485772977,0.003229387806264127,0.007282552057758134,0.011938486708691683,0.015526097578314918,0.018260699426552247,0.018212522270101294,0.010500801925422219,0.006593036244684293
2023-10-10,0.00444148223896294,0.0025354422067947377,0.004870139726504854,0.003408798142633474,0.0011226121937528012,0.002189143893096449,0.0022317847306445723,0.004933822559641979,0.006987559503894823
2023-10-11,0.002308353145171821,0.0031686873913185113,0.005924421702827708,0.0011473233619664193,0.0024168837862871446,0.00634929786765504,0.006368192865746823,-0.0026126213143601393,0.0014644809804862599
2023-10-12,-0.008711056326046364,-0.004464248552755972,-0.004162192789602143,-0.007361658348525266,-0.003358672682756654,-0.0026496326936905823,-0.0026708167329187885,-0.008473797775801794,-0.006468544896828553
2023-10-13,-0.005991796691517381,-0.004008049148769376,-0.005748079006132848,0.0003045112427725005,0.0009314954175433574,-0.002153689810927817,-0.0020673707999714517,0.004276410397906931,-0.004434516423164064
2023-10-16,0.009301405460625418,0.010047858398709702,0.012312001346485834,0.00842515960169314,0.007973325740834782,0.008611352127403908,0.00859422678151838,0.009737246779686192,0.010986801811711702
2023-10-17,-0.004778880816318262,-0.010381086136647042,-0.005588231480291751,-0.0023035860415540027,-0.0026435513717348344,-0.008298689220758344,-0.008267453465485302,0.0008139360417847992,0.0006317317611726474
2023-10-18,-0.02131796998568409,-0.02125547071548094,-0.021147169393129293,-0.017034343887026317,-0.015289597521188114,-0.0197703837904054,-0.019791217438868604,-0.004613197673266905,-0.013368436901526195
2023-10-19,-0.004709881065904473,-0.007956199131414406,-0.00805341719208833,-0.006090986925731629,-0.0052822513096928946,-0.009609230779909163,-0.009622868217941144,-0.0032680158037976916,-0.008368154878669012
2023-10-20,-0.012751730247264085,-0.010154295884449157,-0.01361314956708254,-0.011376621858303133,-0.011314158105400728,-0.012355914457670418,-0.012315466346936811,-0.004464489763736019,-0.010798709716355397
2023-10-23,0.0005495536199482207,0.001876567468209651,0.002298680037132312,-0.004575344870749689,-0.005408701471328517,0.00016452227379398597,7.995545835355094e-05,-0.003945308751324852,-0.004562553226428233
2023-10-24,0.003358296635895036,0.007102433063411715,0.005899205203480544,0.008453212984571107,0.007145329471323912,0.00921683261519902,0.009301051841385487,0.017100745561184794,0.007679097622900483
2023-10-25,-0.010660068481386821,-0.0032558859219986762,-0.011630773391304576,-0.005914372877302116,-0.007515841669664443,-0.008032989292208586,-0.00798673472308053,-0.0003382183038381015,-0.012855832109601055
2023-10-26,-0.006963792160751211,-0.010196905738597708,-0.014572146997553577,0.00028483667208943506,-0.005205015171629492,-0.007806630786573523,-0.0076737182757101174,-0.003139353649970795,-0.008561557766184367
2023-10-27,-0.007558326217347428,-0.006812634627485996,-0.008034915170239954,-0.009676326675060486,-0.008630442544057386,-0.00506043269631498,-0.005101270661278238,-0.01334254891135528,-0.01014049188952061
2023-10-30,0.0025229896652851705,0.005958666494830787,0.011491280331217454,0.005226947871489104,0.0029917428343309,0.0002467130809507836,0.000253871228810744,0.014656234342042941,0.010519995552096296
2023-10-31,0.013250184725831527,0.006033716950843025,0.010613366832758616,0.009500653953794284,0.007839890855598589,0.008125095911600537,0.008156413121774448,0.006055083656297486,0.010008615353743986
2023-11-01,0.014499826685813502,0.015890513631772477,0.011139125139308294,0.009161434261163396,0.01002796997758345,0.009888821004363597,0.009856772197711661,0.004139006388509639,0.007785493098751691
2023-11-02,0.020788094705358844,0.0222717988864912,0.018636348773905662,0.019822452794199127,0.01862309354084879,0.02194525698742022,0.021939207800460107,0.012772683500985586,0.019869147984649598
2023-11-03,0.011383124703960633,0.010968679452465924,0.009883740090336485,0.003922704579138362,0.0052252683449309015,0.007150589070223799,0.007096898001630523,0.0036517728910498933,0.01067390809281708
2023-11-06,0.0023671516869840322,0.006620735929549838,0.0026785296526277316,0.004655866761548709,0.00463727853337728,0.002596689153062924,0.002571995987976084,-0.0004029645656229618,0.0005569900988653889
2023-11-07,0.006444793626538447,0.00426943775126665,0.0035623809210313757,0.0036166382232064526,0.00364457418068257,0.00549119376890859,0.005479924604532108,0.00042416024116875443,-0.00016092748705950143
2023-11-08,-0.00035939394253613964,0.0008190912750551644,-0.00018788640409875385,-0.006292846226434494,-0.004265772932203936,-0.0015248575823037262,-0.0015673795043252116,-0.0031281244623177695,-0.0004142293475021721
2023-11-09,-0.01333868724569234,-0.009954965091936288,-0.01294758212198241,-0.019097223414618964,-0.013895879864046057,-0.011004705564689536,-0.01106938586761629,-0.012664226991685719,-0.008001144328267656
2023-11-10,0.015456019814244793,0.014512077980824921,0.015438804530266083,0.01346469119722703,0.0149265444534174,0.01748924810422823,0.01742940047098234,0.004869944369264087,0.015541492462209738
2023-11-13,0.004355859883367609,0.00380368678348939,0.0014499569689601442,0.003994344562537597,0.0037771670600438966,0.0053766882254599165,0.005363966048864082,0.0026351294865595413,-0.00023727344377196517
2023-11-14,0.022150317259375277,0.013605754995497366,0.020662764970978374,0.018190620018288674,0.01721672362650733,0.020705396893148535,0.020722022403008775,0.006252172292843928,0.020700061067720172
2023-11-15,0.0013518706143333195,-0.001412472451470857,0.0018578734564426434,0.009189692310559543,0.006473630610830934,0.003881134679605204,0.0038642892485925393,0.0034092732378083507,0.003397600121536537
2023-11-16,-0.002586079706281676,0.0010336014853026246,-0.005234059798577006,-0.008401812938267387,-0.008402624140448445,-0.00533338192038124,-0.005313479017672231,-0.008684837904082084,0.0005308136368665322
2023-11-17,0.0007706406192948727,-0.0004106434032804721,0.0010461338096061396,-0.00013815067270687623,0.0008197348057036224,8.697758639880867e-05,9.215879024902515e-05,-0.002465984574132751,0.0029437886704043945
2023-11-20,0.008381297114247139,0.00864220678798222,0.00822485496772868,0.0054410922946049895,0.006613717808074862,0.009337402026217561,0.009310395451148994,0.005252103214123904,0.006978741488395444
2023-11-21,0.006012294279281263,0.0021265737451104656,-0.0006799814489482377,0.009580695678027034,0.006977948211096263,0.007661034362042334,0.007698154804190917,0.005993226560235188,-0.0011270285333740027
2023-11-22,-0.0012855637057854186,-0.005104617680060557,0.00035818009201489987,0.0009586579259666151,0.0010087677999090798,-0.00477759558597214,-0.0047459688729801055,0.0010077671126272932,0.0028583203044668134
2023-11-24,0.0002316955817320941,-0.00185318867165237,0.0015237473713045086,0.0023720365108767824,0.002738476215806214,0.0003906672918715713,0.0004005961541985336,0.004476307254368593,0.0020540572375608262
2023-11-27,-0.0002167138701853866,0.0003455152520960825,-0.0024884813769004404,-0.0014313278572822892,-0.0016539073366410595,-0.0030248799537977156,-0.003016058105176385,-0.001129822638728349,-0.0025630167473947095
2023-11-28,0.00426405890738846,0.0016644685390468103,0.002392267736481462,0.006461498181629649,0.004364855301963171,0.004311103467305491,0.00432080920865949,0.0014125927830965696,-0.0007673445501155102
2023-11-29,0.002839606706162276,0.0012583103442714437,-0.001623069054424522,-0.0020892768071989875,-0.0018641022008950275,-0.002223182172495324,-0.0022115052038503666,-0.0022671138460726276,0.002207104334807037
2023-11-30,-0.0015070729508094283,0.0005194673194824624,0.0014144416865740984,0.004251395077475037,0.005395220484676258,-0.0007650303867793914,-0.000716236603302001,0.009338947310145519,0.005566171407158716
2023-12-01,-0.002775305800372362,-0.00040035835328773773,0.00443814690227809,-0.002136619034817345,-0.0012977826833738776,0.00025775008983418556,0.00025458494119619523,0.007766599823244938,0.008228842910801124
2023-12-04,-0.009473320646804794,-0.008095325922432213,-0.005478066680797655,-0.0031752713783823054,-0.004242821828888598,-0.008259839580073312,-0.008249927900036988,-0.0005242315379914747,-0.0036563917980933294
2023-12-05,-2.0586926073867862e-05,0.0034549987309755166,-0.0036950092730900913,1.84030993660351e-05,0.0001887115192430306,0.0012708635552725475,0.0012424575867730316,5.011099396109296e-05,-0.00514227024964729
2023-12-06,-0.0012804737751632145,-0.0031873039811502707,-0.006597281324576273,0.0061505735978445095,0.002337781622912657,-5.006177024106623e-05,2.205496303050238e-05,-0.0022929437677282386,-0.0018204335942848208
2023-12-07,0.005945346732217042,0.0046325679313557145,0.006542284205301217,0.00181469169436582,0.004830220356660843,0.0026015433297161775,0.0025330470731697715,-0.0007011316105943625,0.006814818269305107
2023-12-08,5.011743882876635e-05,0.002317154617933365,0.0024860654106227172,-0.0020272576073367,-0.0008757210662390213,0.0034653446561370084,0.0034222736259703246,-0.005261138639962623,0.002712276411436991
2023-12-11,0.009436765555334244,0.002429255335959015,0.00436968778753221,0.008582013044895006,0.011399778837196353,0.006731001036937191,0.006684018257663487,0.003571918113914949,0.011480580278851646
2023-12-12,0.007021900951027873,0.010522879122465752,0.000843591127533045,0.004447353117864881,0.006049645215234606,0.006838648509000527,0.006787641895701843,0.00212170353114616,0.004269523021544116
2023-12-13,0.019900436606568445,0.01528728339384125,0.021128306378060964,0.020973848593490017,0.02084678841036571,0.01825134958614967,0.018317548019099107,0.01157298194055356,0.01576981130507854
2023-12-14,-0.0026275405195467297,-0.003877347169776409,0.002058477083221462,-0.0035829626112433947,-0.007678605984278603,-0.004523042383837505,-0.004560368122087309,-0.0031977601525687055,0.0059541890831154515
2023-12-15,-0.001056217001678862,-0.002520659694852406,0.0006411730585222672,0.003157089979999426,0.004075777118186162,0.002318507786913695,0.0022294643326440707,-0.005298524644033127,-0.0009590123185999628
2023-12-18,0.005779901708295656,0.007779256787326063,0.0074120183490227086,0.009508253251145897,0.008092060469807108,0.009037825258413557,0.008959190639346453,0.009410741171410162,0.0021057097992550227
2023-12-19,0.0061078095599297845,0.0020304630286366444,0.005453072409619304,0.007229951406048634,0.005270409357952827,0.004785377247716337,0.004819889954760295,0.003677684633548485,0.006198432334921252
2023-12-20,-0.017480918573994655,-0.018144456823104206,-0.017326958444110207,-0.019395795785101675,-0.019019419909776635,-0.02178135215771297,-0.02177917195976978,-0.012589166755117164,-0.016922531777928053
2023-12-21,0.012309316407978362,0.010705904656928321,0.01186484288772745,0.009298717594732747,0.0097400057155079,0.012076370558857722,0.01204298074542901,0.007123212705539931,0.012769465398669463
2023-12-22,-0.0008425387972884816,-0.0011133205260021421,0.0007004050962759911,0.000273383941809869,0.0011989595814204585,-0.0014934763623783928,-0.0014926336870275023,0.00435738419099767,0.0020105298080012614
2023-12-26,0.005106214548756971,0.004781038592837218,0.005602941607087703,0.00492834003428044,0.005170424425183946,0.0057780745383928635,0.005758629900107857,0.0022697868216506687,0.005686520717663405
2023-12-27,0.006681597472663208,0.007045703228908374,0.003076463339843364,0.009098063017429861,0.008231987527608856,0.004392374573120211,0.004396219477511276,0.002746156514452329,0.0015446655777043026
2023-12-28,-0.002611441393996138,-0.0015309757880390812,-0.0013244887278992337,-0.0031789657269773483,-0.002408714119138694,-0.0037643681717426086,-0.0037462920033173607,0.002650840009221208,0.0006514469674264384
2023-12-29,-0.004289814699362169,-0.0019903930564896953,-0.004735677510950154,-0.004074058275285996,-0.003909662471839966,-0.0028571592201656745,-0.0028499627467415594,0.0018013566329590633,-0.002192007750341897
2024-01-02,-0.009355732665215832,-0.005026449529154875,-0.0026581400138350197,-0.0006129159001937445,-0.003664582829091989,-0.008461732196743732,-0.008516159998411599,0.014658771012292737,-0.003036440389808992
2024-01-03,-0.008530203493086913,-0.008871617279909667,-0.008674514732018043,-0.005019885399316203,-0.005791213528560609,-0.007347787844351021,-0.007269099654156527,-0.0024257603884682596,-0.00936773699364398
2024-01-04,0.0020858080124316913,0.001417453027913436,-0.0010241762539114116,-0.0010339270246513738,6.869021105228469e-05,0.00030612521621644153,0.0002652220880313212,-0.0008836336917064556,-0.0016833666250566362
2024-01-05,0.0013504341974024884,0.0003168372048670503,-6.398803059067421e-05,-0.0001875535191092102,0.0017163540845645117,-1.2705854852724325e-05,2.3413529849803146e-05,0.0014659763328741706,0.0008011933244198331
2024-01-08,0.017229502885727884,0.010820236506983614,0.015051151257287544,0.01469837419861535,0.015236291344114054,0.01645552803406078,0.016406894441695068,0.006424718438710406,0.010086235942921608
2024-01-09,0.00015187523363459997,0.0010541602197343088,-0.005842905428659177,0.0060233305536760255,-0.0016693005666717023,0.00018223944651550982,0.00017745862478992208,-0.004269772748890519,-0.003807946747081544
2024-01-10,0.00430324632190576,0.003853464451832112,0.000815143986693099,0.007553600441253851,0.00396799182282866,0.004168594382771861,0.004179500221781974,0.0018922519805858729,0.0017396963340812744
2024-01-11,0.0009252515143811594,0.0035186765540207924,-0.0016211715063745493,0.006913927051833048,-5.766216391514355e-05,0.0016388547684244934,0.0015986840027044696,-0.008153330359336875,-0.001881893669838409
2024-01-12,0.004979639412719587,0.005854334563720967,-0.00019102621438713317,0.0072312763274313225,0.0076086454200392445,0.004103508839216811,0.004252408978504543,0.007598462736208706,0.0008531398846327359
2024-01-16,0.001845094257107774,0.004237605479253723,0.0026230522040093783,0.009911780761486435,0.0024813455841903075,0.004254774930143672,0.004223523429751903,-0.0015886527189107875,-0.0033142078931963875
2024-01-17,-0.002304744287261388,-0.0016463531692125079,-0.007063732586938788,-0.0027809659342673755,-0.005303645028481937,-0.0030335537720686746,-0.0030200160605077537,-0.0030105411722092562,-0.005720558214822421
2024-01-18,0.004640203987920376,0.007654286280711052,0.005579374273474953,0.013515332625085894,0.0056579402032197156,0.008503109616528889,0.008503701395588372,0.003593673095390214,0.005699927521244616
2024-01-19,0.009635433245287164,0.010941938669845016,0.010120515845748298,0.01706827349344072,0.009011249765413605,0.01055868579446431,0.010519180772281941,0.004378982192150781,0.011089348988407773
2024-01-22,7.341204730993019e-05,-0.0024745345202756733,0.0023455215817129124,-6.984779383019353e-05,1.4213761327758097e-05,0.000725972322618615,0.0006802268173929272,0.0008317222025009113,0.0024611357479976553
2024-01-23,0.0007799103359543364,0.0019124111962819837,0.003120325420598037,0.0036081300605015068,0.003042305273226873,0.0014933155096896608,0.0015189256286689745,0.010990666667040948,0.0030442728790069725
2024-01-24,0.008576738319739638,0.00450433436853354,0.0008533665050556406,0.0011762472093481808,0.005914165190418272,0.008732892813054526,0.008701151433246896,-0.013534100736075727,-0.0033601428830774506
2024-01-25,-0.016783547125409668,-0.0044606646713364895,-0.0073746454536315845,0.003059209561720683,-0.017589382980252456,-0.021387077327417077,-0.021404428760079166,0.007979942930133658,0.005506819910404956
2024-01-26,0.003413493519046325,0.0005533525012648233,0.0016118618491945138,-0.0033232555110051624,0.0023576495502896783,0.002694820881391611,0.0026831893244960115,0.0005243453087270922,-0.0007150317430466474
2024-01-29,0.009354463096253707,0.009805776891804334,0.0104564845065896,0.009396016959081216,0.011934071465923119,0.010168046867224723,0.010099021100172656,0.00021818473488903757,0.006570077984526701
2024-01-30,0.0029808063648511926,0.003659558887081505,0.0030654342316740646,0.004114570180412609,0.005075630190297517,0.0038592722670791686,0.003881681380503387,0.0022854563789144666,0.0018235300635039671
2024-01-31,-0.006600007158286377,-0.012189102917727441,-0.013542572266459656,-0.015498008235515833,-0.010215999434479105,-0.008438361228790275,-0.008326195618688668,-0.0031942684369389318,-0.009330061042003832
2024-02-01,0.01006620680781288,0.013255783486884188,0.011117609901041074,0.018169989193409605,0.012846744847529908,0.011304347018124787,0.011287474043085487,0.014310496901718886,0.012106337778722956
2024-02-02,0.007677953869612932,0.003194808941894627,-0.006113861664207222,0.013167446182533068,0.0064074001354773044,0.00998006748418617,0.009956684460730612,-0.006859641071502772,-0.0005504560393211578
2024-02-05,0.0012572645035444647,0.0010825058067929678,-0.011542952189465895,0.00913589394033377,0.0007265610360780089,0.004123779321340973,0.004112005108206312,-0.012811243379693507,-0.0057350557215049836
2024-02-06,-0.0017713961695524606,-0.0029391837213637805,-0.0004721748861576105,-0.004112155502029514,0.0010482610068720097,0.0003017893721739134,0.0002963864576001564,0.005171541478185684,0.002204480880753437
2024-02-07,0.014125502486899229,0.0092744989279543,0.005012465063065613,0.009786394363955021,0.01094590092862029,0.014828380808573368,0.014849015612285896,-0.0005946431432532531,0.00497866593699712
2024-02-08,6.222610463853151e-06,-0.0019478840071054562,-0.0013727209091345355,-0.004944659597646144,-0.0006219446947554871,-0.003688905386883988,-0.003679294579306115,-0.0012411962830147798,0.0011362619266332573
2024-02-09,0.008652843289815308,0.005963655945764989,0.008655549946116609,0.009772285810696129,0.009225363992939002,0.009008159011129281,0.008988943840663283,-0.0015064717661942202,0.0037495210562120047
2024-02-12,-0.0035620655648464414,-0.0032682568718226035,-0.0004868123520168446,-0.002744873849411232,-0.0037484922422260196,-0.005523010888951324,-0.005514032362778937,0.003059963171349844,0.0023602291879501087
2024-02-13,-0.009494131538249198,-0.000695561080882728,-0.01034784215806783,0.007430470269378353,-0.00782104111855445,0.0029007249131704944,0.0030734882821428495,-0.0026113990877662456,-0.013788813310932947
2024-02-14,0.014753648509169867,0.013279725693275542,0.0132074381060332,0.009251516216128595,0.014334465925717675,0.012205348233412381,0.012143583039033375,-1.651225729136881e-05,0.007526307941792493
2024-02-15,0.004744975618729695,0.005812211440450306,0.012568895056581774,-0.002022450745759301,0.006091688255318311,0.005764477633684951,0.005748779626619269,0.008763176793228055,0.0077926025775420255
2024-02-16,-0.00437409466278191,-0.00269555015513497,-0.0036038643495136915,-0.0003261332885245086,-0.0020449620192488018,-0.0006202477957110143,-0.0005697074350528389,0.0008121113345057215,-0.003396760467940786
2024-02-20,-0.008101177139675762,-0.008483162286392286,-0.009989536484112639,-0.010570225995456223,-0.009470970538866332,-0.011592377724643095,-0.011528687912717946,0.007046224089981676,-0.0027121918249809786
2024-02-21,2.6097680287098674e-05,0.002289015339003792,0.00013150558343642262,-0.0007496394807448011,0.0005157529065450325,-4.962335932360628e-05,-1.2085999202651167e-05,0.0065934062654294506,0.005101587561879017
2024-02-22,0.03324691461058874,0.028117036542169994,0.030618849052075237,0.04696403900615234,0.033219867566403063,0.03835179612614849,0.038239609789923884,0.003098216960570513,0.01376371702807346
2024-02-23,0.002100780633475168,0.0022204174228403783,0.0014726973977472833,0.004269425933491441,0.0035926422020221365,0.0010702398553594239,0.001099220334573163,0.0034375485871353663,0.0013472419334698948
2024-02-26,0.004516002795248144,0.005600314782970135,0.001075267129817304,0.0036956008483617566,0.004240327098991751,0.004858251172077399,0.004844725674041457,-0.007005397564164655,-0.0032417785882686693
2024-02-27,-0.0005979999258172308,0.0025790303617038235,0.004769826686164157,0.00044165130384554095,0.0022466621317291107,0.00030034833897370634,0.0003050409392605967,0.0006693919143286153,0.0023553754046429978
2024-02-28,-0.001801922654122554,-0.0009092574677832032,-0.0013900102659278929,-0.003793077879257144,-0.0015031928016649512,-0.0030929081627843074,-0.0030822543905466076,0.0012937029520104885,-0.0008965326259978825
2024-02-29,0.003610617179816027,-0.00273985284655486,0.0007485437197483891,-0.0013790242600863981,0.0004829485184986169,0.002495060805602783,0.002477304496615806,-0.0051084907091114296,0.003235280142797994
2024-03-01,0.014024332843429433,0.014712876979965718,0.011863895401213994,0.019700203369138875,0.012591018418394271,0.014396878179389888,0.014303962540539308,0.000978162167451588,0.007580501964838259
2024-03-04,0.003528043224879547,-0.0005534591287977062,-0.0059889922460175495,0.005754149637475081,0.003047297996486377,0.003510222284607756,0.003555310093049026,-0.0006203064738124651,0.0006862955610559453
2024-03-05,-0.01021706780181093,-0.007993152547536894,-0.008563849630683695,-0.004145590234846455,-0.006566628133269238,-0.00874221446233028,-0.008700627593267214,0.0004998166221698943,-0.006929502895480816
2024-03-06,0.008466844838519018,0.006227868196240478,0.005560146323853133,0.010052134758610134,0.009869464681068167,0.008719492563062946,0.008725627838405066,0.00572744368430065,0.006122532676730527
2024-03-07,0.012888631232014563,0.0116467418625256,0.010245629260042497,0.015626647267898506,0.012550438140703902,0.01571070089877389,0.015615610547766301,-0.0010544800632500187,0.007715540776302127
2024-03-08,-0.028427291802457642,-0.024797247210182807,-0.011351036452140284,-0.020968946812149208,-0.02362203107407379,-0.027118584397933333,-0.02712136746496132,0.0006957508419730313,-0.004192417558194698
2024-03-11,-0.004218460681649175,-0.0036495005316237307,0.0030463073666307924,-0.004766299337175578,-0.0052848710405170125,-0.0035166800362617275,-0.003534992232554,0.008331764525030871,0.0016999260678659397
2024-03-12,0.0199866931456983,0.014644352721590273,0.01240133607345106,0.019484720337262305,0.018964294866320397,0.01874634593445616,0.018755527683333377,0.0035160420272510413,0.005918802081029855
2024-03-13,-0.006861705985131527,-0.0037429305679401626,-0.004893639881450288,-0.003483439268300269,-0.005290072479964185,-0.0068479596266390426,-0.006792180656950011,-0.0034261498193546313,-0.0009964066497288328
2024-03-14,-0.007455889758430088,-0.004993269501341777,-0.00987596342192633,-0.006913732126502111,-0.007316977307468787,-0.0059020665835461915,-0.00585345079994342,-0.006427495057648635,-0.006114367134741263
2024-03-15,-0.00810779520284118,-0.004863137385620733,-0.004880584855570878,-0.003697066635726752,-0.003017603081856494,-0.0033104328897243375,-0.003299566624187142,-0.005237871721848108,-0.005061190473660784
2024-03-18,0.007794438964382374,0.007915172543329272,0.007869624281068814,0.0024808561483523747,0.00791694988366778,0.008162782394522387,0.008189630735297134,0.0024745876897133683,0.004024438018213945
2024-03-19,0.005394725372434012,0.00375074626828551,0.00378138730136083,0.00617445343639393,0.00560419794969376,0.0061512735605717805,0.006137025148461501,0.003718946196426941,0.005237494954708072
2024-03-20,0.008956986371559013,0.008130619712035774,0.003908624011888502,0.00836592577465781,0.008520507932296651,0.010636581179674986,0.010625389404379813,0.0035199115768077783,0.007476962291378368
2024-03-21,0.0048993517757777,0.006254597850110137,-7.044932513967635e-05,0.010813605578083996,0.003054886145623535,0.006225127488737001,0.0061753752768561355,0.003270768787296943,0.006417089236811826
2024-03-22,0.002272266781458716,0.0006656511043308533,0.003753070361651161,0.006551429645310064,0.004016940406512474,0.005155454042812885,0.005124273928632941,-0.003601836904049292,-0.0047678382820336655
2024-03-25,-0.00023882426133819173,-0.0028149445678219095,-0.002626608128506449,-0.001897365978894218,-0.0016132031207095336,-0.0016454839009227423,-0.0016006126759002056,-0.0013157129531299128,-0.0029379632346533775
2024-03-26,-0.003156968301353935,-0.0028668807198983233,-0.0015537635176168121,-0.0081520667187786,-0.0037371182945239315,-0.0036860418169053534,-0.003664479151071816,0.0006219495629594498,-0.0018544435347276251
2024-03-27,-0.0006523875177624087,0.0004857538712490409,0.0026507560818505916,-0.001136917703873181,-0.00019529150531094337,-0.00240895409252394,-0.0023797980768602072,0.01566022268997318,0.012555693300499554
2024-03-28,-0.0004420513281139561,-0.002363480736914767,-0.002552399360913067,-0.0012969707286555473,-0.001613154836737731,-0.0018778864567011995,-0.001883740300384901,0.0019098284363191938,0.0026988508194715592
2024-04-01,-0.005700141766318201,-0.0015323815849215463,-0.002420367013935134,0.0019482234103979682,-0.003962681895053084,-0.0025073325784351285,-0.002541085588578916,-0.004344499250744882,-0.003831808684758968
2024-04-02,-0.012358318306130852,-0.009130861119007601,-0.01092423471393417,-0.007648016529892669,-0.010919802102021951,-0.013195850557567114,-0.013150932397583442,-0.005402106814469333,-0.008353124152492905
2024-04-03,-0.0035691666739329185,-0.0010276728848502912,-0.0019285714217089382,-0.0013151045363120617,-0.0039327459797674534,-0.0014733425569852191,-0.001553419726158246,-0.004972272008349425,-0.0006532209861571464
2024-04-04,-0.0111812372945846,-0.013788683209383515,-0.013661271365255339,-0.021556403153752637,-0.011420090765517484,-0.01537478042130252,-0.015336443612117045,-0.008090485762874177,-0.011630285734390221
2024-04-05,0.006821956225929413,0.009048613378517213,0.006659495994985082,0.011844591100008399,0.007596151824731921,0.0077209245266447474,0.007650631946428788,0.00040581871672594775,0.007948329290505485
2024-04-08,-0.00015691585344270557,-0.0011153688824802564,-0.0006155234874158385,-0.004804634900706709,-0.0004035960913453529,-0.0010116204130515643,-0.0010036769078484342,-0.002731721062647532,0.0006007779457975459
2024-04-09,-0.0021329648125456963,-0.0009605865209642043,0.0004987132567761404,-0.004985634406283978,-0.0014746612703880858,-0.00391372237407705,-0.003938710767428212,0.003962167841071078,0.002678491583893207
2024-04-10,-0.00011415526756230117,-0.0014383370916616748,-0.007042525052061715,0.00330385310918224,0.0002947148709612757,0.0023406873942993472,0.0024596727646004333,-0.006897853400461118,-0.01301318165462141
2024-04-11,0.012826402927060556,0.008723623828009942,0.00938768115766851,0.009367475503064531,0.00985747280325496,0.012141175275602952,0.012087459908120032,-0.005332826017981588,0.002761536332815747
2024-04-12,-0.012079717787306272,-0.011874523741398406,-0.015480255616600136,-0.014319540472264717,-0.012970046827483213,-0.011877826570817806,-0.01181147794715971,-0.008207167400105629,-0.015541095628638323
2024-04-15,-0.01618182609024129,-0.014908355744534401,-0.013779208073561564,-0.011265662349914458,-0.01689154232092394,-0.016046472027987067,-0.016019832666619896,-0.0008867603894631893,-0.008613681108355059
2024-04-16,0.0037496383263377984,0.001472043160751681,-0.0010286964009852818,0.005258791598699601,0.0017695836494785585,0.00785443725043779,0.007781375437698289,-0.006942520806579236,-0.0021584490504113723
2024-04-17,-0.008443913150791316,-0.0046755788397193805,-0.008014170755291834,-0.010780691483266703,-0.00743016176105905,-0.00864399928331869,-0.00857643959359371,0.003619234591282976,-0.004889245462055022
2024-04-18,-0.001681847092785515,-0.004597442353563242,-0.0018813798232875814,-0.0029663865997902675,-0.0036430038955186502,-0.0017319742612340512,-0.001745422597834751,0.0018800812937705411,-0.0015205400185866005
2024-04-19,-0.021861801313673573,-0.017394125531397478,-0.021422385848891324,-0.025550094645871907,-0.021959319631297543,-0.02586075793236122,-0.025724952681519392,0.009032554507106959,0.00024925176146701046
2024-04-22,0.011356935075836802,0.008010729385213487,0.008203447686015409,0.014247632692641747,0.012105902540137218,0.01006345168721325,0.010096238793744116,-0.0010119306803525613,0.008355419253103222
2024-04-23,0.014910920174279491,0.013340422879026828,0.019048610063630133,0.012582553329418367,0.01859301650571263,0.015678459513069357,0.015583329124845115,0.007272685385268797,0.010749544667075756
2024-04-24,-0.005847830169868293,0.0006587327042898405,-0.0017980033678022126,-0.005837564879846218,-0.00240529885307013,-0.0007791774502292615,-0.0007677467215422486,0.0021252838954606587,0.000449714156344168
2024-04-25,0.015557616909245758,0.002961750398297572,0.003849557674761108,0.006130865288492946,0.011289269447436079,0.016982860809047706,0.017026971495162697,-0.0017127701633499763,-0.0012488074795097652
2024-04-26,0.009717597122280312,0.005289852022941724,0.006026632830966769,0.014744650298471286,0.007184615662969462,0.009143630854086985,0.009043518494200292,-0.0023902852652889976,0.0036597193144656866
2024-04-29,0.006458029658286201,0.008071686989502136,0.015596328698015506,0.002283220850329468,0.011133966665372657,0.009986877513025036,0.009993857580815299,0.0060545472588805615,0.0038748695568673916
2024-04-30,-0.012587895613709817,-0.014970222242417331,-0.01385020652162317,-0.01668736332546215,-0.012127734671173156,-0.016910277290767245,-0.01687737663515657,-0.008181963226270116,-0.013851039140873416
2024-05-01,-0.007161188096375155,-0.006218340709405419,-0.0017563430695215962,-0.012341022497202448,-0.0063539110760339156,-0.013169511810033648,-0.013151674180873613,0.0037901408515491754,-0.007071531601670669
2024-05-02,0.006190384809912299,0.011318324693264261,0.012329401794632405,0.014446102759011972,0.009804174512244832,0.0066426961252504775,0.00659748739985493,0.0034151278798865235,0.007755978648191178
2024-05-03,0.011368206757854145,0.013944331624318611,0.014686992334602786,0.015065779162734974,0.013200160157668934,0.012293850466582965,0.012252502221756062,-0.0023495167843837848,0.007764572393640666
2024-05-06,0.014774632944353177,0.014321189890048016,0.011760644526189976,0.015456973693060296,0.014365153967764818,0.01726791778048875,0.01726536865749549,0.004531200494344517,0.008063566896204325
2024-05-07,0.003482255608430558,0.003897105225353672,-0.0008176261506364168,-0.000549363841045405,0.002270660913822889,0.0001978542530744936,0.00023786434532772346,0.004502414636912597,0.0031296991443292618
2024-05-08,-0.0011196385502096125,-0.0011360360792311308,0.00031392301129179115,-0.0011463436246863694,-0.0033960301375843068,-0.0014085313415691234,-0.001447432362713781,-0.0009493861433724518,0.0010064550927785184
2024-05-09,0.002449788742970505,0.004937719277153383,0.0010099270576923193,-0.0014762421161653538,0.003158619725333488,-0.0005658085477172964,-0.0005378724796154692,0.006979159449508794,0.006404817448071317
2024-05-10,0.0038348179951479063,0.0030816687859473602,0.0019316787784975653,0.005489499988182241,0.0044811510361993,0.005317912289106698,0.005273174959517114,0.006777186642108739,0.0027220247518225157
2024-05-13,0.0007213966372356803,0.0006646429034099761,0.005503217538192161,0.0015483474033763606,0.0013334963330824262,0.0008823067950530037,0.000860229703327508,-0.00015095324977858882,-0.0006470291207967683
2024-05-14,0.003760792722437479,0.005365311144572652,0.005962450133207761,0.004736835285427431,0.006019465206035168,0.0050959408797175134,0.00503545954806477,-0.0027167679235791864,0.003703347566565153
2024-05-15,0.010914947162987493,0.00762745470283592,0.008085408548418284,0.011897349401625866,0.007739953094145034,0.0094095960463,0.009340304613242627,0.005561484301863522,0.010118875686292755
2024-05-16,0.0011871767017389491,0.0018554319027419568,0.003069696912584442,0.003084789639420329,-0.0001440759245444561,0.0012905630145916734,0.001357553787842881,0.011087198712311569,0.00013794501271953305
2024-05-17,-0.000561837735724406,0.0013159869956335072,0.0023469797630267125,-0.0037226324370723,-0.00017138165188392728,-0.002768445575682524,-0.002783893448372565,-4.5731055620794117e-05,0.0008335360093397823
2024-05-20,0.00420624264370758,0.0018108018736309483,0.0059423456250587165,0.0034117056240836096,0.005390771470386687,0.003219514276291614,0.0031838385096705927,-0.005512267143080754,-0.000857479116918433
2024-05-21,0.006543838329394183,0.00575924330662326,0.006791538451975804,0.0013084866029042636,0.008715422808228828,0.008191930065722474,0.008195690033268047,-0.0006400027137488483,0.00036137379665802954
2024-05-22,-0.001663198136190837,-0.003458630413807348,-0.0027508067996892174,-0.0010221025936409547,-0.0038586697880146933,-0.0032161410076659122,-0.0031642142050951295,0.0034728739555318377,-0.0013858550060294181
2024-05-23,0.006856572498098509,0.0015781596151987515,0.002013942881665008,0.018093994614707364,0.007307490917610013,0.009683267241855373,0.009645776856177131,-0.014659418188082581,-0.01183038776409561
2024-05-24,0.010289130935373108,0.012258147209803158,0.012123015062271671,0.009067020817758871,0.01272649949797138,0.01131136006502414,0.01131052078754392,-2.6853532019180435e-05,0.004696764202889367
2024-05-28,0.005195737873955527,-0.0006480216247320614,0.0028594857301184884,0.008843704956719371,0.005708991555098065,0.006829462865297413,0.006798611382352482,-0.010948182063167184,-0.004627195345256601
2024-05-29,-0.006831007019011303,-0.005721727207740476,-0.0044595271251059165,-0.0031873149240678584,-0.005365868302068344,-0.006775687124630049,-0.006784079411686343,-0.008148652576245911,-0.010495320250048196
2024-05-30,-0.007745049131944267,-0.000991638977290215,-0.004862749191573729,-0.010623117033894352,-0.006555830185683612,-0.00751008860711407,-0.007424602017359816,0.010758772063075649,-0.00011284383667132185
2024-05-31,-0.0012062337526862227,0.0007019005815124715,0.007075472560520267,0.0014289048829092307,0.0008075587546720136,0.00022925283938041272,0.00026299818787649086,0.01774097245286581,0.012258288860596009
2024-06-03,0.008309928690341575,0.00033659648706387034,0.012580252925732366,0.006933213206632639,0.00808067255869976,0.0023117358299827675,0.0021680398468139285,0.0025806920935757226,-0.002252532370271112
2024-06-04,0.006643006265450808,0.008420340507217511,0.003830695306889743,0.009830180072421054,0.0057184256574375186,0.007744314300781758,0.007759905012450671,0.009814389610913677,0.0011627695912666777
2024-06-05,0.015886092523645996,0.015317069543050957,0.014846553582817099,0.02399502880819481,0.01657265042370326,0.019173421551559856,0.019081606306141717,-0.003012070924429784,0.007776608763205301
2024-06-06,0.0010905281629512897,0.00024572503764921553,-0.001931462155038265,-0.0037154212250007073,-0.0007662148028419539,-0.0014115058637530914,-0.001418408483107727,0.00128338057797336,-0.0016531958578538805
2024-06-07,-0.0028414281116245495,-0.0012328301332795567,-0.00017688622781049956,-0.0022207758621943037,-0.003219159000759289,-0.004314487347303895,-0.004321946408348633,-0.0071726805272195404,-0.0015533638261075525
2024-06-10,0.0018043793865200619,0.0035527500288355467,-0.0012160430238013823,0.007223721531603703,0.001007284193613882,0.0031751371183860954,0.0031602678777476545,-0.0003146272211890851,0.0028342179779770544
2024-06-11,-0.0019601212544838177,0.0020401830023209166,-0.00011305130112155481,0.002657857379695511,-0.0026762903772052124,-0.00038037372984770277,-0.00038306040819452523,-0.0013666234158038477,-0.0031087155979910622
2024-06-12,0.008278211374315309,0.007095654336067259,0.011528996277692737,0.011946360838730415,0.01161019212443993,0.01083381427424628,0.010772839241700636,-0.0067955486913542215,0.005161696662338783
2024-06-13,0.013924525885227834,0.014058415057462052,0.006597902602488708,0.021243170481908658,0.010814176527531279,0.020639983465718617,0.020539804051443802,0.002798258993148613,-0.0006732789799006943
2024-06-14,0.012020217390654333,0.011914117132776784,0.0023034674626755424,0.014429580310291536,0.00914784943847779,0.012288737466981805,0.012301027915321835,0.0015158676439866057,-0.0015446736573914305
2024-06-17,0.009726106837353107,0.012965189441106854,0.0054114108577875235,0.009839589678293965,0.010120316440794986,0.01481374821816621,0.014850954366192125,0.0016023188366304376,0.008451728747451934
2024-06-18,0.006169109032956718,0.00318331895518683,0.007107615942687022,0.009151197271789136,0.006995359670380179,0.007446058508576819,0.007449903508239435,0.005243371078134727,0.003944302824991729
2024-06-20,-0.009154035336582027,-0.003798668509585986,-0.008285647196948246,-0.007561451889597187,-0.009160003382071407,-0.010633096507169343,-0.01053789923487716,0.006278239475464507,0.0004983641074389783
2024-06-21,-0.012269195194594185,-0.008374559615393965,-0.0036983213332420274,-0.011490237008272421,-0.008676587941258676,-0.013573809208995546,-0.013579295783622786,0.0023689068955584803,0.0002878067939306204
2024-06-24,-0.01796372344410732,-0.008555943354284352,-0.01268442419477713,-0.017722505430820767,-0.01586285721020203,-0.01893464818836107,-0.018850463933128055,0.010808605174408101,0.0007671073620873862
2024-06-25,0.012350518540389013,0.0072224115220255935,0.011104569451183415,0.013444188004117896,0.015091852459615546,0.013727346416155304,0.013739427192051339,-0.00851491793051613,-0.0031823425010792405
2024-06-26,0.004711912155452277,0.004222558529417274,0.0037554563571363326,0.003480260630361339,0.004818838091816424,0.005635774214623152,0.005634383138442879,3.1302668269231794e-05,-0.001574293735733162
2024-06-27,-0.0029388624499165996,-0.003834108640708861,-0.0034810248962213,-0.007317375132021144,-0.005277292392371649,-0.0028787360226634902,-0.0028504286614447214,-0.003493964847205075,-0.0008047683151202509
2024-06-28,0.0001954654145720545,-0.0017007599328270596,-0.003459581744892084,-0.00244970060398909,-0.002065562089470421,0.0024414917252749023,0.0024031332247446964,-0.001187099391572627,0.0003231775092599987
2024-07-01,0.0027863648734054256,-0.0005525096939013247,0.0013734773557235428,-0.00010311005539889225,0.0021331942406622693,-0.001044325326910935,-0.0010543339508566074,-0.0020926343631008752,-0.003495433918466478
2024-07-02,0.009220003091071852,0.009725702108024344,0.00873088185329378,-0.0007324811225272961,0.006068581557058803,0.009748164455752191,0.009762450618335547,-0.001445733066831503,0.006013778958575775
2024-07-03,0.013948138466740229,0.009121921679993077,0.012320106021736364,0.012167692557882696,0.013627798128506815,0.01836671034061518,0.018322730121348368,0.0006579083514010515,0.00206571847764899
2024-07-05,0.0036613730382114747,0.00623049999338404,0.0024073577736281057,-0.002459741446383098,0.0028950578166321472,-0.0006657354921982273,-0.0006385218288594932,0.007765965389504244,0.0021061110764505056
2024-07-08,0.0019469245781229916,0.004772514243940679,0.004657134690693253,0.009871147047210415,0.00418333104002591,0.004670142732575515,0.004639324653192281,-0.002553978333628469,0.0014939998917079134
2024-07-09,0.005677701711906211,0.005543742158712488,0.008392560620724175,0.005754219588977,0.00602193893146088,0.005992558085355505,0.005966980526189788,-0.001261830371694945,-0.0002985216504329672
2024-07-10,0.007850497956416671,0.0071769452638422255,0.011318076227903796,0.01397608037176234,0.009739704015462583,0.009321631587716449,0.00928645682523336,0.008854587342377493,0.009505122832016611
2024-07-11,-0.025434345873164375,-0.02118767882656407,-0.018159515750143324,-0.01735317105900777,-0.023919482283733067,-0.027160183743690443,-0.027133649198064966,0.003856797508573267,0.00023836865995381185
2024-07-12,0.0031921811851906294,0.004966842264892271,0.009567223584261687,0.006761232104396977,0.007185306037573077,0.006739338696731986,0.006711294660905165,0.003368694873238179,0.005842592621801429
2024-07-15,0.003544703512604387,0.002862827320925275,0.0030357623401994793,-0.00024463271964350944,-0.0008651060329620036,0.004346763372497389,0.004374254113965992,-0.0029736884839575584,0.0016555638747087383
2024-07-16,0.0017487140903403558,0.0034676746505134842,0.005537290259286341,-0.00038764035046177296,0.002205052068143573,0.0042764711048029185,0.004263298880633593,0.011596047903054183,0.01198222579079604
2024-07-17,-0.017866101856157602,-0.016232932889271637,-0.015037519040210726,-0.025448863339641588,-0.019999351646210348,-0.021407424421073882,-0.021319823005382727,0.015502520403486498,-0.005890220950977542
2024-07-18,0.0003212625017393586,-0.0008731676972968712,-0.004587269879159839,0.004295688942888567,0.00040900155996534757,0.0045622731554805,0.004586392276207614,-0.004361896597128337,-0.0088871470090658
2024-07-19,-0.010268809205073268,-0.007264556697195958,-0.011837521987295105,-0.008753686335999366,-0.011207292615530709,-0.011622936112181027,-0.011577021417206821,-0.0032011612430008513,-0.00704788249519907
2024-07-22,0.017473208116774573,0.015983363633694632,0.015904329006905363,0.0174824504550246,0.02013824732619771,0.020277929441586674,0.02020558419079756,-0.008765845164764027,0.009199844723768065
2024-07-23,-0.0029169646989209213,-0.006133532841650262,-8.77011960096892e-05,-0.006267239678633159,-0.0024883971971347255,-0.0041066873871677245,-0.004169983215413436,-0.006349149716073015,-0.005229477743192253
2024-07-24,-0.03069729202567031,-0.024809894381409528,-0.023724646677159487,-0.02686529557427461,-0.027945125135408377,-0.03531942750533241,-0.03533917036649772,0.008183978608210775,-0.012753287156809278
2024-07-25,0.0031981280978318873,-0.010085141262640753,0.004127327794693902,-0.014600828026950783,0.0013885530802679811,-0.005171583045362631,-0.005392162507346736,-0.004861348954381869,-0.005681471836898291
2024-07-26,0.007730333133262908,0.00519905436283267,0.013143012869643205,0.005458378177602465,0.009689073966729363,0.006604419718376964,0.006524177582903515,0.006514446414181845,0.014330557774897262
2024-07-29,-0.002708857393327235,0.0030324758126009815,0.0034494051383516054,4.026200824511224e-05,-0.0010524706369702058,0.0009131654214719381,0.0009547789548568964,0.0037746173986385402,0.0011571862428503231
2024-07-30,-0.017848224618118184,-0.0124947605618765,-0.010582180255860947,-0.024018121945172187,-0.014800456016999426,-0.016998839739574723,-0.016970517493386697,-7.957556584586392e-05,-0.001407175104895749
2024-07-31,0.03299781038955544,0.023991215336556706,0.022675070162299055,0.04236822122161875,0.0315003560662582,0.04083610546841877,0.04074333807869456,-0.006551768129922075,0.008940521678297658
2024-08-01,-0.018517004407053207,-0.013020402412249785,-0.0088468185271498,-0.020379041696100362,-0.015348864535237781,-0.02322362995453893,-0.023095603332636393,0.012060411838272073,-0.011537319586603631
2024-08-02,-0.0051329621916799935,-0.0067792168130835035,-0.011003592336249047,-0.012001070361803385,-0.008180482497271059,-0.005557898674782286,-0.005501842386373055,0.009824610189669089,-0.0178643002738337
2024-08-05,-0.027139198813266464,-0.028337717841812382,-0.03076978797959736,-0.03257806619401314,-0.027780384318836646,-0.03096321669345899,-0.030917200733464614,-0.02302501696280002,-0.02427962509318563
2024-08-06,0.013023445203617893,0.01155674329391552,0.005776300266709369,0.012078278939968722,0.01060197088821775,0.01223291128538012,0.012215498240120274,0.003542610408806196,0.007657321613110597
2024-08-07,-0.015485125419272387,-0.01136363796877186,-0.014188349846425845,-0.017692249792182948,-0.014158360074260051,-0.017210545047241524,-0.017076855140677496,-0.0005819900221613812,-0.006156270374679382
2024-08-08,0.029562859411829675,0.028746311886989867,0.024238491885195047,0.032509227942444936,0.030684488611235117,0.029411295443658118,0.0293399108941507,0.007651724151940775,0.021273445952488024
2024-08-09,0.0061607215372404475,0.007128283650047057,0.002578975371650856,0.0034017823203367427,0.006749647184071765,0.004100590942030671,0.004139410708499086,0.0017991648875357916,0.0019403428364940007
2024-08-12,0.008916414496958833,0.0022194592630170097,0.0017471249519882678,0.006929659982536618,0.008962280728473016,0.01010700584054428,0.010074326705968029,-0.0020961273293160997,-0.002928237190461202
2024-08-13,0.021304073946380203,0.01965474598253973,0.023874587370439456,0.027909428037796936,0.024485639026666953,0.024610714517706453,0.024513984722322676,0.0027760319678386937,0.01269417310629071
2024-08-14,0.005474277364630909,0.004572630568779497,0.0028463513240850865,0.00903162140172626,0.004596789776642278,0.007813124742727986,0.007825450717391597,0.003966433273859282,0.003289277432959075
2024-08-15,0.017323477302346305,0.016405531222703752,0.014204625160117564,0.024044075106325457,0.017309300766513235,0.018822683977408085,0.01878356747635902,0.007000461584796477,0.015090050757950613
2024-08-16,0.004948709624801136,0.00275133900155379,0.007016853902126104,0.0038277643002205763,0.005205798265720439,0.0037432493186686424,0.0037142517346983243,0.005640341833237256,0.0027271839150209897
2024-08-19,0.013868234518551143,0.013699680955777975,0.016418979254107197,0.017992376610926394,0.015347010854086317,0.015163185448845064,0.015120760820911978,0.006438321254524928,0.007829056597707992
2024-08-20,-0.0020411483108757236,-0.001340956845432047,-0.00408103743596372,-0.004693282748740316,-0.0022473048713683164,-0.0021924316957068575,-0.002170819438842945,0.0036852928364549562,-0.0026099635167239794
2024-08-21,0.003998854700868168,0.004038998475263782,0.003664904318679233,0.005038957851866769,0.0030304831556734356,0.004154472975763514,0.004183634648372691,0.0061649740053348855,0.005802769906372964
2024-08-22,-0.013262200120400936,-0.010944485001141249,-0.015690863764348896,-0.013219992398005224,-0.013326661911877776,-0.01487374947664117,-0.014796345417391579,0.0016319902566845116,-0.006041815804242788
2024-08-23,0.013228537665135123,0.009517329812187893,0.014912071209446596,0.01568791831659833,0.013929225731296147,0.014839026295189692,0.01478045139816589,0.004458363053332502,0.008902503969668994
2024-08-26,-0.0042081658504413,-0.003672952390174665,-0.00433868338404502,-0.011008490476821921,-0.004901912599327969,-0.00849138941632879,-0.008443449777866853,0.0030669133117685416,-0.0010430331453382391
2024-08-27,0.007987092098284694,0.007082293314266417,0.0037053260809117605,0.006230780298467978,0.006793832827755858,0.007122534012114411,0.007119469859633533,0.0022845459747736145,0.0016799386562033095
2024-08-28,-0.010677409802194537,-0.007538094735379258,-0.00707670136082419,-0.006123739573488071,-0.01022153691849369,-0.010390118132358435,-0.010400862930506924,-0.00026503049720717666,-0.003697999512406544
2024-08-29,-0.009094163623549588,-0.007150925010411023,-0.009809588789065165,-0.01896386269864617,-0.012315478196904418,-0.011662921734177089,-0.01161037912438038,0.001869845086919581,0.0031274738266639547
2024-08-30,0.012007373339406968,0.010859643978001574,0.009671326146924909,0.012323783720293323,0.011186708437675236,0.012573299671568809,0.012571664199477731,0.008327035888567171,0.009036044983993333
2024-09-03,-0.02935142369418394,-0.025880058394963237,-0.02989200284552365,-0.03700796681587329,-0.029904357171492014,-0.03177664625333159,-0.0317169194728736,0.003470345249688057,-0.016062761660674215
2024-09-04,0.004187896789369061,0.006262715504647536,0.0011890799580682554,-0.002471517438587603,0.004382792594508583,0.0032765936936181113,0.0032529358289998677,-0.0030690803544365093,0.0019771780851199515
2024-09-05,0.0005181594999655679,-0.0010248391327062033,0.001672266816463278,-0.0014869734308789518,-0.0009147245434086933,0.0012625058035036728,0.0012549940416632839,-0.004590508537956254,-0.005829064297298496
2024-09-06,-0.022856718599670058,-0.025236152019295372,-0.020110533332947555,-0.029747099473805688,-0.023673277536949103,-0.03140915233422353,-0.03138401635808789,-0.0030752856466387864,-0.012797308696263604
2024-09-09,0.018244936226825013,0.016759985294979764,0.017734589786034045,0.017972750399859207,0.019727481963492402,0.0203726090467102,0.02040079877198997,0.015350123143485456,0.011480281701987208
2024-09-10,0.007089251796645735,0.007634165485858347,0.006223486076399609,0.011796252188096738,0.0051638093022879595,0.009536484671868028,0.009453202330107494,0.006880880832098202,0.0017023213461340625
2024-09-11,0.01823951484871277,0.014818936180896036,0.015110173290397225,0.02668357037225898,0.018028005583323004,0.020610165436095434,0.02056434683846949,-0.004922909028286773,0.0027848829141623953
2024-09-12,0.011540959967996443,0.01323902742414013,0.008178677205684964,0.01509991594686307,0.011513991831604451,0.012032925594533074,0.012041619317626004,0.002428274229507925,0.004498520366314884
2024-09-13,0.0028438774878755224,0.003805299777806161,0.00396821366066039,0.0032783666105543354,0.0021633097604348713,0.005108592022075782,0.00510485495935227,0.007987725447906718,0.006349610204022542
2024-09-16,-0.005041108513021976,-0.00483555345613214,-0.0012346785436625897,-0.005976335972150789,-0.005422233793099274,-0.007691901243073175,-0.007677727446999014,0.005956632328763068,0.005311835159140191
2024-09-17,-0.004468607722707029,-0.006599176050532049,-0.0034914231598366244,-0.010409875584072449,-0.004862554131630184,-0.007690654047740959,-0.0077273392833814005,-0.014522113739801116,-0.0015922714404093478
2024-09-18,-0.00862401266322104,-0.006882375938302779,-0.008624420028941709,-0.006703373295967804,-0.0076668248127614086,-0.007033939154482283,-0.007037588304426294,-0.0013537282423449711,-0.0038322791935945883
2024-09-19,0.01740237930279048,0.015254429791013602,0.01818718311836415,0.016037778707335464,0.017954756660587674,0.019918861308682857,0.019881160132327897,-0.0029840350249815697,0.011583436402225767
2024-09-20,-0.002973992840457633,-0.002505247726438663,-0.00939184471097606,-0.002796704591357985,-0.004008979946204586,-0.002574902275210218,-0.0025405852247207482,0.0057754212697839315,-0.002052059521450564
2024-09-23,0.0090069326192819,0.004844961544351728,0.004056067572715998,0.00038213814840296203,0.004173575192453707,0.011489560621925419,0.011544648314611392,0.005586472154553213,0.0028179267897279594
2024-09-24,0.006997752915051744,0.0016725937488209798,0.008263930496422585,0.007824520793678201,0.0031682680691183713,0.010386901207397976,0.01031491670766476,0.0012022888931935572,0.0004945874373659558
2024-09-25,0.004198679037247483,0.003149516350563129,-8.185378370159187e-05,0.005088198616270998,0.003057655197516398,0.007026130723252808,0.007048584190140112,-0.0014372539195708057,-0.004279938711374341
2024-09-26,-0.0022520143357846988,-4.116483414500596e-05,0.004567841411933399,0.002178638156494685,1.285578804567284e-05,-0.0016718026179404141,-0.001784914468323113,-0.002391422057512608,0.007655217548877493
2024-09-27,-0.006694824199001172,-0.006833292940008378,-0.0006952085225983231,-0.010668213954857321,-0.0057795591840032485,-0.007838659311627735,-0.007824150076509197,0.002429380866483566,0.0014950544686657143
2024-09-30,0.002407044460670632,0.0035818500243195183,0.0034921117811013225,0.003978586915699235,0.0030224391755036277,0.00297290382392329,0.002979974751405283,0.004297358166201053,0.0017714854922627995
2024-10-01,-0.006307000383722449,-0.007074284171373801,-0.009092253416365196,-0.01123330796031001,-0.006862228265644758,-0.007936006980610132,-0.007858581680156972,0.002112219895276009,-0.006033071865861077
2024-10-02,0.0008894412387183459,-0.00031756745138949245,-0.0025853488503993502,0.0025232299755235743,-0.0006652725348286436,0.0018581373664919082,0.0018173255091165701,-0.005889762960418694,-5.19068710646569e-05
2024-10-03,0.001622956433116503,-0.0022250075642997027,-0.004475242441886291,0.005503232147560718,-0.00039429889423080937,0.004613630583276103,0.004652393420227053,-0.005302357546239503,-0.004717858964997937
2024-10-04,0.009692780777615918,0.009524329828199042,0.008974303475299565,0.008977515732318095,0.00852792695319088,0.010757993845428792,0.010723879444051817,-0.0013453817000793676,0.0067157168707769515
2024-10-07,-0.006572650775637927,-0.010256876445151768,-0.00025981110457282185,-0.0033252077491047957,-0.0062583031520221915,-0.005279907603672579,-0.00530859418068678,-0.008633892411614575,-0.00838797842472612
2024-10-08,0.01792923633408608,0.018869399191833103,0.014918086651235635,0.0217238283210191,0.017479029402098653,0.019983797776195338,0.019997844797363367,0.004824333510996169,0.0068770341779710925
2024-10-09,0.008146098220787908,0.010616661529345355,0.005242392569707133,0.009660354761602834,0.005583265020291312,0.008191204276190576,0.008212696322427368,0.007477237008479721,0.008467334032154468
2024-10-10,-0.0014815054106837072,-0.0037553251085260613,-0.0009799226483570944,0.0009048959032020307,-0.0033449602432600012,-0.0006095762156246648,-0.0006488391007785529,-0.008978479220217129,-0.0034322510965983945
2024-10-11,-0.0061121205604531105,-0.003846235706939035,-0.0035944203744455467,0.002436747341847175,-0.003870164466809464,-0.0075959123983812245,-0.007573449800965251,0.00390982033716096,0.008370329456564124
2024-10-14,0.008076259413219062,0.005926082949052865,0.008928689270352369,0.010137386579388372,0.00826373520598754,0.009688392431858414,0.00966956516199817,0.00579211343624247,0.008199160615345452
2024-10-15,-0.016928835454050505,-0.00794189243984871,-0.008971728891698267,-0.016042350415259567,-0.014031196218772671,-0.02192849236934132,-0.02179841780008452,0.00931643181905431,-0.008247557848613847
2024-10-16,0.007090385313862886,0.00407545490022922,0.006841024734876356,0.00827690969253682,0.005933006025682103,0.00952387088879527,0.009494683737002902,0.0007817808330699603,0.0054276493209624395
2024-10-17,-0.00047379982752465883,0.001860059759083777,0.0012711271783364191,0.005537475768529813,-0.0007142488700778291,0.0016479534141983071,0.0016060984980113095,-0.0023360818721742853,-0.0007365431409439956
2024-10-18,0.011884001791053398,0.007211148520465789,0.010653385644008105,0.0002680062771006547,0.010983628181226642,0.011183091650125836,0.011149910833272585,0.002676483177991119,0.0037655002250209604
2024-10-21,0.0051560445144408825,0.0015313238955747197,0.0033052797718228686,0.00790523122141925,0.005398908264849743,0.009400876464678224,0.009372296582506618,-0.00969952924308408,-0.007569644691915451
2024-10-22,-0.0044587663975794055,-0.0014294310373513211,-0.007138869073927135,-0.001331579344158003,-0.005331416801792001,-0.004975242103662153,-0.004936948899662561,-0.008601395223234559,-0.0018707558983218874
2024-10-23,-0.010427060102122205,-0.010180944442974266,-0.01337314042206472,-0.015099451647680165,-0.013310478790375032,-0.013688196506938526,-0.013596430168436402,0.0033520475591662055,-0.003488212482931151
2024-10-24,0.011644195489772644,0.007939395712622928,0.013685611414233061,-0.0023553512624247324,0.011221604128844877,0.01272695220941575,0.012729224719967024,-0.007381655795139989,-0.0008316897546279906
2024-10-25,0.0008073842824849912,0.0013974606182468685,0.0021657402572456378,0.0013480545437840924,0.001505950240978961,0.0025406080685572976,0.002489237894567383,-0.009665483629836352,-0.003958397236739985
2024-10-28,-0.005571095985817219,-0.0019705005540299127,-0.004105030622717717,-0.001606748141652346,-0.005929873558124465,-0.005656329282468316,-0.00563653399843196,0.004431806889505556,0.002621306155946766
2024-10-29,0.0025481962085258125,0.004644800284436599,-0.0035095414207383987,0.011063096977807538,-0.0003485150234412272,0.0072925114149130785,0.007388341818481574,-0.005702894682803291,-0.001251056585569786
2024-10-30,-0.005148658302962405,-0.008251873019141374,-0.004407494340617817,-0.009520977532329547,-0.006848928690995793,-0.009620948078963675,-0.009658857687575169,-0.0017228116633090243,-0.002994058491803802
2024-10-31,-0.015477151911013785,-0.019624241331568572,-0.019597943451447514,-0.029109498835304896,-0.02250798509344657,-0.01621685358820589,-0.016132616924415675,0.005352922874987198,-0.010647133499680736
2024-11-01,0.004351510076560466,0.0008517269184944212,0.00684947690196535,0.006963436828015643,0.003914552223874125,0.0026894795955434707,0.0026238761593820915,-0.003692896638986963,0.002117742598067544
2024-11-04,0.000973221203475903,0.00042343946716307955,-0.0026048414196307487,0.0004528596549849491,-0.000510469402857011,0.00023791800437985563,0.00028035766029805556,-0.000980990598026046,-0.0004383521205542647
2024-11-05,0.015798762806024966,0.014782854642908898,0.016549624535585828,0.017414826924512607,0.014500568355790305,0.01723333133074743,0.017191126599793074,0.009473927095942247,0.010926631019464108
2024-11-06,0.024972145238901598,0.02513613590504715,0.026013974502674772,0.02353406248749945,0.02502053739215595,0.037653506358032725,0.03756712778747046,-0.006395501301542743,0.023599290023054217
2024-11-07,0.013498121699001915,0.015397982564493509,0.009824324507131122,0.014147617789085085,0.012074897666393282,0.013206536776008599,0.013202842090591853,-0.0024686115741861226,0.0019970474520487626
2024-11-08,0.01362996904043308,0.014907297067444465,0.009425151242384376,0.0019351596267089476,0.012508122862087096,0.013046777379689968,0.013114568782649116,0.00978345750194791,0.006333863430543731
2024-11-11,0.0015978124384605507,0.0005534233153646587,0.004954815408185154,-0.009542593731298626,0.002330939774270256,0.003405963395065848,0.0033839497239001467,-0.0030819535251168746,0.004103694932466476
2024-11-12,-0.0022957857732745566,-0.0037532420272451787,-0.0062083296124984064,0.004541173088578388,-0.0013747646471400344,-0.001326851226931471,-0.00127543251186265,-0.003688774177956878,-0.005839541419815448
2024-11-13,-0.003220228573118424,-0.0014467173360204577,0.000935065783737562,-0.005268058246459769,-0.005676321981344725,-0.005838198217365495,-0.005831394054365361,0.005844744405233943,0.0009449185665633472
2024-11-14,-0.014002022151909276,-0.013792785922227666,-0.012604559190152468,-0.01021945528026135,-0.014953064288892738,-0.015850888869042287,-0.015872485627209613,-0.009084646063596968,-0.007127398097757954
2024-11-15,-0.01512285942737128,-0.016343651716205963,-0.013150494885662457,-0.025314893082570185,-0.017231617524145294,-0.016319862737942482,-0.0163033271930447,-0.0004601377603807102,-0.008254082086937745
2024-11-18,0.00683788776485971,0.010034702388202959,0.00957369385014067,-0.0024504932726593202,0.00549641900982451,0.004857866465697909,0.004880787080871756,0.0037555139377752358,0.005614484723990791
2024-11-19,0.014016722878955752,0.00811217131152947,0.010827382538277865,0.013852312661874727,0.0160274151241823,0.015592229547893686,0.01557812032449839,0.0027782760994693543,-0.002114375423696162
2024-11-20,0.0006382825818583989,-0.002984516106282832,-0.001157148261902846,-0.004260570812229546,-0.002360910247355816,-0.0012296398116387142,-0.001265711673968629,0.0027210060823178762,-0.0008463697793696526
2024-11-21,0.010212008462731662,0.010201812673972643,0.004884941750950656,0.006490901096997696,0.009251199455121088,0.00916201308413634,0.009215474818953403,0.009658630232293724,0.010756631213189264
2024-11-22,-0.000959164249638467,0.0032721084608826824,0.0016665720421252773,-0.004709145848943443,-0.0017279142209288458,-0.0004900442259233954,-0.0004333465355840301,0.009921636519351204,0.006423439120936025
2024-11-25,-0.014436776058012742,-0.006908191786003516,-0.012616953015598778,-0.007572698011008919,-0.01705779515639952,-0.01657849587074923,-0.016568235026590265,0.006340768115123746,0.005344266389421221
2024-11-26,0.006376477361317431,0.007481752329286121,0.004204642255580283,0.008516794088185554,0.006184237572011226,0.005590059594446169,0.0056257057275429356,0.007244788164650486,0.0006402587343910921
2024-11-27,-0.005742697328190688,-0.004329620147732466,-0.0026761430737134795,-0.004554328822123956,-0.00428149275301683,-0.006349059800499322,-0.006352437835617618,0.0017347680296936109,-0.0016463030862636605
2024-11-29,0.01073735391114729,0.00923757662820842,0.011943449914084105,0.008156619788427322,0.011067616936948002,0.01169715851295553,0.011645356585291533,0.001201859054810172,0.0037925990955773856
2024-12-02,0.0045653130376813005,0.005302866400360496,0.005635326629191732,0.003736215842195856,0.005488280711198261,0.005172348208087478,0.005109073228680287,-0.005776665261693511,-0.0015032362676417124
2024-12-03,0.004198895868940323,0.0013284001973473691,-0.0022372521757551903,0.004368935928011793,0.0020739131015734325,0.003160197505338264,0.003156064958551619,-0.002567494903510275,-0.003924219539261905
2024-12-04,0.01347094411059462,0.010079738362069065,0.008923134453658091,0.014001610009073946,0.012440829759102044,0.013254225595148938,0.013244415280061133,-0.005401260402859405,0.0018765676867250065
2024-12-05,-0.004210099824158824,0.0028026646149060634,0.0015856048500622808,0.002181758424632317,5.5741602223119124e-05,-0.0035742806463775175,-0.0035575957656471665,0.00463663558534345,-0.005332102379582481
2024-12-06,0.0029902481858994872,0.009221044163691898,0.004671570802476033,0.0033633451251141866,0.0048516437067243675,0.005241257499623758,0.005199681992290166,-0.0019414918517084586,0.0004884846190893922
2024-12-09,-0.00577859321197805,-0.007940979303657584,-0.006532873003943513,-0.012068425798163031,-0.006263198196060659,-0.00846354312797439,-0.00851951641992358,-0.005633444162252432,-0.007099523599712609
2024-12-10,-0.0046173410939947205,-0.0022576696011875116,-0.002070501393572792,-0.01297942459908915,-0.004420623872410482,-0.005446216141517777,-0.0054345313319308,-0.002814142705785771,-0.0034078018742977646
2024-12-11,0.011744112706905292,0.0134926025745184,0.012613025317261469,0.015441056878175471,0.014232686912995396,0.016414718880531996,0.016362714441371436,-0.00800007476148407,0.001728077462147984
2024-12-12,-0.009009045391547597,-0.008861151219912164,-0.008239895276023645,-0.010005099594183808,-0.008765291114006165,-0.008159783603353822,-0.008071513367766113,0.0003122545025764593,-0.005268176089604343
2024-12-13,0.01277003702844294,0.018509561398908993,-4.985712113973103e-05,0.01987233505928664,0.005737525721884521,0.02162534481344168,0.02145800409588607,0.0008086031663006836,-0.00043873844109843137
2024-12-16,0.009319335652066722,0.01411571375898017,0.0035816191391277096,0.010869410468310522,0.007860582526847789,0.014458929205352382,0.014388132731604907,-0.006795271112802184,-0.0007948963755748577
2024-12-17,-0.005652413373798006,-0.005362121650678657,0.004060380611922483,-0.010986056438451344,-0.0019218818471741803,-0.009080727649693792,-0.009078694774929898,0.00041392229819810244,-0.004201785629866276
2024-12-18,-0.027431143964818414,-0.031545544061965844,-0.03196770997553219,-0.026939878201289215,-0.030012419169306533,-0.030649022709056166,-0.030618561750863995,-0.01643348623313139,-0.0260130538078435
2024-12-19,-0.004268784689574248,-0.007296041735306716,-0.006347556207527301,-0.0027609142517563755,-0.0009751894282972596,-0.00264239961381486,-0.002626807480640297,-0.004317347167493698,-0.00400400231854015
2024-12-20,0.006645627150812083,0.0037092007880740454,0.0056524477731841145,0.009879735707266414,0.005727880511444255,0.006556317397093457,0.006511404172752411,0.003553492671320496,0.010309183697975902
2024-12-23,0.012640821435704655,0.011253878920897156,0.01189634296921701,0.0164162775196631,0.012300317574011118,0.014454197252925608,0.0143517301623552,-0.004330492560240609,0.004815946364226767
2024-12-24,0.015725125740551203,0.01698291224149959,0.017010416645242186,0.011545589494006681,0.015696703978246577,0.018449650673228086,0.01841629930121279,0.007363744013980023,0.009582569891349133
2024-12-26,-0.0007858891007286948,-0.0015794675329005765,-0.004096442322482355,0.001649286191063098,-0.002523364493297705,-0.0010354900874896158,-0.001044724573471204,0.0015013224665625057,0.0009849378003764816
2024-12-27,-0.015297140161965591,-0.015138739302063976,-0.015840667380074537,-0.012102543424804522,-0.015984742491527332,-0.01676767654199293,-0.016749879730796034,-0.005285060346709583,-0.0069698313790823585
2024-12-30,-0.012003890304824688,-0.014671330975707953,-0.012043976859020276,-0.010054319655457566,-0.011537343889002813,-0.012295772756166551,-0.012287164854354656,-0.010102460354977676,-0.010993598736991121
2024-12-31,-0.009048883545906605,-0.007644081299330314,-0.008278260066260005,-0.007809336036823828,-0.008921631754172907,-0.011375216604471286,-0.011348794777675938,0.003448903687390331,-0.00023039010003112766
