Window,Test Year,Algorithm,Ticker,Weight
1,2018,AOBL-SOS (Proposed),AAPL,0.0
1,2018,AOBL-SOS (Proposed),ABT,0.0
1,2018,AOBL-SOS (Proposed),ACN,0.0
1,2018,AOBL-SOS (Proposed),ADBE,0.05059212960889265
1,2018,AOBL-SOS (Proposed),ADI,0.0
1,2018,AOBL-SOS (Proposed),ADSK,0.0
1,2018,AOBL-SOS (Proposed),AEP,0.06552308299039114
1,2018,AOBL-SOS (Proposed),AIG,0.0
1,2018,AOBL-SOS (Proposed),AMAT,0.0
1,2018,AOBL-SOS (Proposed),AMD,0.0
1,2018,AOBL-SOS (Proposed),AMZN,0.02830597340580992
1,2018,AOBL-SOS (Proposed),AON,0.002993740823483254
1,2018,AOBL-SOS (Proposed),APD,0.0
1,2018,AOBL-SOS (Proposed),AVGO,0.060415763742608236
1,2018,AOBL-SOS (Proposed),AXP,0.0
1,2018,AOBL-SOS (Proposed),BA,0.0
1,2018,AOBL-SOS (Proposed),BAC,0.0
1,2018,AOBL-SOS (Proposed),BDX,0.0
1,2018,AOBL-SOS (Proposed),BIIB,0.0
1,2018,AOBL-SOS (Proposed),BKNG,0.0
1,2018,AOBL-SOS (Proposed),BLK,0.0
1,2018,AOBL-SOS (Proposed),BMY,0.0
1,2018,AOBL-SOS (Proposed),BSX,0.0002630847145375711
1,2018,AOBL-SOS (Proposed),C,0.0
1,2018,AOBL-SOS (Proposed),CB,0.0
1,2018,AOBL-SOS (Proposed),CDNS,0.0
1,2018,AOBL-SOS (Proposed),CHTR,0.0
1,2018,AOBL-SOS (Proposed),CL,8.092150354330375e-06
1,2018,AOBL-SOS (Proposed),CMCSA,0.0009613708153276027
1,2018,AOBL-SOS (Proposed),CME,0.06339208195879113
1,2018,AOBL-SOS (Proposed),COP,0.0
1,2018,AOBL-SOS (Proposed),COST,0.0
1,2018,AOBL-SOS (Proposed),CRM,0.0
1,2018,AOBL-SOS (Proposed),CSCO,0.0
1,2018,AOBL-SOS (Proposed),CSX,0.0
1,2018,AOBL-SOS (Proposed),CTSH,0.0
1,2018,AOBL-SOS (Proposed),CVS,0.0
1,2018,AOBL-SOS (Proposed),CVX,0.0
1,2018,AOBL-SOS (Proposed),D,0.0
1,2018,AOBL-SOS (Proposed),DE,0.000277149161646318
1,2018,AOBL-SOS (Proposed),DHR,0.019199539132496623
1,2018,AOBL-SOS (Proposed),DIS,0.0
1,2018,AOBL-SOS (Proposed),DUK,0.003995109060023498
1,2018,AOBL-SOS (Proposed),EL,0.0
1,2018,AOBL-SOS (Proposed),EMR,0.0
1,2018,AOBL-SOS (Proposed),EOG,0.0
1,2018,AOBL-SOS (Proposed),ETN,0.0
1,2018,AOBL-SOS (Proposed),EW,0.025373928383398494
1,2018,AOBL-SOS (Proposed),EXC,0.0
1,2018,AOBL-SOS (Proposed),F,0.0
1,2018,AOBL-SOS (Proposed),FISV,0.0
1,2018,AOBL-SOS (Proposed),GD,0.00012830124228153892
1,2018,AOBL-SOS (Proposed),GE,0.0
1,2018,AOBL-SOS (Proposed),GILD,0.0
1,2018,AOBL-SOS (Proposed),GM,0.0
1,2018,AOBL-SOS (Proposed),GOOGL,0.0
1,2018,AOBL-SOS (Proposed),GPN,0.0
1,2018,AOBL-SOS (Proposed),GS,0.0
1,2018,AOBL-SOS (Proposed),HD,0.0
1,2018,AOBL-SOS (Proposed),HON,0.0
1,2018,AOBL-SOS (Proposed),HUM,0.011925754300842062
1,2018,AOBL-SOS (Proposed),ICE,0.011685418795383918
1,2018,AOBL-SOS (Proposed),IDXX,0.0
1,2018,AOBL-SOS (Proposed),INTC,0.0
1,2018,AOBL-SOS (Proposed),INTU,0.0
1,2018,AOBL-SOS (Proposed),ISRG,0.0003543144713101568
1,2018,AOBL-SOS (Proposed),ITW,0.0
1,2018,AOBL-SOS (Proposed),JNJ,0.0
1,2018,AOBL-SOS (Proposed),JPM,0.0
1,2018,AOBL-SOS (Proposed),KLAC,0.0
1,2018,AOBL-SOS (Proposed),KMB,0.0021165117747264013
1,2018,AOBL-SOS (Proposed),KMI,0.0
1,2018,AOBL-SOS (Proposed),KO,0.0
1,2018,AOBL-SOS (Proposed),LIN,0.0
1,2018,AOBL-SOS (Proposed),LMT,0.12210595395150199
1,2018,AOBL-SOS (Proposed),LOW,0.015594577627119782
1,2018,AOBL-SOS (Proposed),LRCX,0.0
1,2018,AOBL-SOS (Proposed),MA,0.0
1,2018,AOBL-SOS (Proposed),MAR,0.0
1,2018,AOBL-SOS (Proposed),MCD,0.0
1,2018,AOBL-SOS (Proposed),MCHP,0.0
1,2018,AOBL-SOS (Proposed),MCO,0.0
1,2018,AOBL-SOS (Proposed),MDLZ,0.0
1,2018,AOBL-SOS (Proposed),MDT,0.0
1,2018,AOBL-SOS (Proposed),MO,0.0
1,2018,AOBL-SOS (Proposed),MRK,0.0
1,2018,AOBL-SOS (Proposed),MSFT,0.0
1,2018,AOBL-SOS (Proposed),MU,0.0
1,2018,AOBL-SOS (Proposed),NEE,0.07919528816869721
1,2018,AOBL-SOS (Proposed),NFLX,0.04277088024178678
1,2018,AOBL-SOS (Proposed),NKE,0.0
1,2018,AOBL-SOS (Proposed),NOC,0.18601662975784805
1,2018,AOBL-SOS (Proposed),NSC,0.0
1,2018,AOBL-SOS (Proposed),NVDA,0.07296899800938395
1,2018,AOBL-SOS (Proposed),NXPI,0.0
1,2018,AOBL-SOS (Proposed),ORCL,0.0
1,2018,AOBL-SOS (Proposed),ORLY,0.0
1,2018,AOBL-SOS (Proposed),PEP,0.0
1,2018,AOBL-SOS (Proposed),PFE,0.0
1,2018,AOBL-SOS (Proposed),PG,0.0
1,2018,AOBL-SOS (Proposed),PH,0.0
1,2018,AOBL-SOS (Proposed),PLD,0.0
1,2018,AOBL-SOS (Proposed),PM,0.0
1,2018,AOBL-SOS (Proposed),PNC,0.0
1,2018,AOBL-SOS (Proposed),PSA,0.0
1,2018,AOBL-SOS (Proposed),QCOM,0.0
1,2018,AOBL-SOS (Proposed),REGN,0.0
1,2018,AOBL-SOS (Proposed),ROST,0.0
1,2018,AOBL-SOS (Proposed),RTX,0.0
1,2018,AOBL-SOS (Proposed),SHW,0.0
1,2018,AOBL-SOS (Proposed),SLB,0.0
1,2018,AOBL-SOS (Proposed),SNPS,0.0
1,2018,AOBL-SOS (Proposed),SO,0.0
1,2018,AOBL-SOS (Proposed),SPGI,0.0
1,2018,AOBL-SOS (Proposed),SRE,0.0
1,2018,AOBL-SOS (Proposed),SYK,1.4555849843657443e-05
1,2018,AOBL-SOS (Proposed),SYY,0.0
1,2018,AOBL-SOS (Proposed),T,0.0
1,2018,AOBL-SOS (Proposed),TEL,0.0
1,2018,AOBL-SOS (Proposed),TGT,0.0
1,2018,AOBL-SOS (Proposed),TJX,0.0
1,2018,AOBL-SOS (Proposed),TMO,0.0007288364206700432
1,2018,AOBL-SOS (Proposed),TSLA,0.012190890935047093
1,2018,AOBL-SOS (Proposed),TXN,0.0
1,2018,AOBL-SOS (Proposed),UNH,0.08139755251923196
1,2018,AOBL-SOS (Proposed),UNP,0.0
1,2018,AOBL-SOS (Proposed),UPS,0.0
1,2018,AOBL-SOS (Proposed),V,0.0
1,2018,AOBL-SOS (Proposed),VRTX,0.0
1,2018,AOBL-SOS (Proposed),VZ,0.0
1,2018,AOBL-SOS (Proposed),WFC,0.0
1,2018,AOBL-SOS (Proposed),WM,0.03950113881702239
1,2018,AOBL-SOS (Proposed),WMT,3.3511695422955874e-06
1,2018,AOBL-SOS (Proposed),XOM,0.0
1,2018,SOS (Baseline),AAPL,0.0
1,2018,SOS (Baseline),ABT,4.7721264319127325e-06
1,2018,SOS (Baseline),ACN,0.0
1,2018,SOS (Baseline),ADBE,0.0
1,2018,SOS (Baseline),ADI,0.0
1,2018,SOS (Baseline),ADSK,0.0
1,2018,SOS (Baseline),AEP,0.0
1,2018,SOS (Baseline),AIG,0.0
1,2018,SOS (Baseline),AMAT,0.0
1,2018,SOS (Baseline),AMD,0.0
1,2018,SOS (Baseline),AMZN,0.04721872225229412
1,2018,SOS (Baseline),AON,0.0
1,2018,SOS (Baseline),APD,0.0
1,2018,SOS (Baseline),AVGO,0.0
1,2018,SOS (Baseline),AXP,0.0
1,2018,SOS (Baseline),BA,4.107520079092316e-05
1,2018,SOS (Baseline),BAC,0.04279144541874769
1,2018,SOS (Baseline),BDX,0.0
1,2018,SOS (Baseline),BIIB,0.0
1,2018,SOS (Baseline),BKNG,0.0
1,2018,SOS (Baseline),BLK,0.0
1,2018,SOS (Baseline),BMY,0.0
1,2018,SOS (Baseline),BSX,4.436541834893565e-06
1,2018,SOS (Baseline),C,0.0
1,2018,SOS (Baseline),CB,0.0
1,2018,SOS (Baseline),CDNS,0.05684151568536753
1,2018,SOS (Baseline),CHTR,0.08987585472474041
1,2018,SOS (Baseline),CL,0.0
1,2018,SOS (Baseline),CMCSA,0.0
1,2018,SOS (Baseline),CME,0.02774199195165446
1,2018,SOS (Baseline),COP,0.0
1,2018,SOS (Baseline),COST,0.0
1,2018,SOS (Baseline),CRM,0.0
1,2018,SOS (Baseline),CSCO,0.0
1,2018,SOS (Baseline),CSX,0.0
1,2018,SOS (Baseline),CTSH,0.0
1,2018,SOS (Baseline),CVS,0.0
1,2018,SOS (Baseline),CVX,0.0
1,2018,SOS (Baseline),D,0.0
1,2018,SOS (Baseline),DE,0.0025545446594819514
1,2018,SOS (Baseline),DHR,0.0
1,2018,SOS (Baseline),DIS,0.0
1,2018,SOS (Baseline),DUK,0.0
1,2018,SOS (Baseline),EL,0.0
1,2018,SOS (Baseline),EMR,0.0
1,2018,SOS (Baseline),EOG,0.0
1,2018,SOS (Baseline),ETN,0.0
1,2018,SOS (Baseline),EW,0.0
1,2018,SOS (Baseline),EXC,0.0
1,2018,SOS (Baseline),F,0.0
1,2018,SOS (Baseline),FISV,0.0
1,2018,SOS (Baseline),GD,0.0
1,2018,SOS (Baseline),GE,0.0
1,2018,SOS (Baseline),GILD,0.0
1,2018,SOS (Baseline),GM,0.0
1,2018,SOS (Baseline),GOOGL,0.0
1,2018,SOS (Baseline),GPN,1.0735539102705063e-05
1,2018,SOS (Baseline),GS,0.0
1,2018,SOS (Baseline),HD,0.0
1,2018,SOS (Baseline),HON,0.0
1,2018,SOS (Baseline),HUM,0.0
1,2018,SOS (Baseline),ICE,0.0
1,2018,SOS (Baseline),IDXX,0.0
1,2018,SOS (Baseline),INTC,0.0
1,2018,SOS (Baseline),INTU,0.0
1,2018,SOS (Baseline),ISRG,0.0
1,2018,SOS (Baseline),ITW,0.0
1,2018,SOS (Baseline),JNJ,0.0
1,2018,SOS (Baseline),JPM,1.4741309160022446e-05
1,2018,SOS (Baseline),KLAC,0.0
1,2018,SOS (Baseline),KMB,0.0
1,2018,SOS (Baseline),KMI,0.0
1,2018,SOS (Baseline),KO,5.75820371590853e-07
1,2018,SOS (Baseline),LIN,0.0
1,2018,SOS (Baseline),LMT,0.19998282507909837
1,2018,SOS (Baseline),LOW,0.0
1,2018,SOS (Baseline),LRCX,0.0
1,2018,SOS (Baseline),MA,2.08486473524023e-07
1,2018,SOS (Baseline),MAR,3.852055372926338e-05
1,2018,SOS (Baseline),MCD,0.00022446532595238477
1,2018,SOS (Baseline),MCHP,0.0
1,2018,SOS (Baseline),MCO,0.0
1,2018,SOS (Baseline),MDLZ,0.0
1,2018,SOS (Baseline),MDT,0.0
1,2018,SOS (Baseline),MO,0.09908567999415746
1,2018,SOS (Baseline),MRK,0.0
1,2018,SOS (Baseline),MSFT,0.0
1,2018,SOS (Baseline),MU,0.0
1,2018,SOS (Baseline),NEE,0.19998988188435976
1,2018,SOS (Baseline),NFLX,0.06589328983955241
1,2018,SOS (Baseline),NKE,0.0
1,2018,SOS (Baseline),NOC,0.020496870755910165
1,2018,SOS (Baseline),NSC,0.0
1,2018,SOS (Baseline),NVDA,0.07153418034675214
1,2018,SOS (Baseline),NXPI,0.0
1,2018,SOS (Baseline),ORCL,0.0
1,2018,SOS (Baseline),ORLY,0.0
1,2018,SOS (Baseline),PEP,0.0
1,2018,SOS (Baseline),PFE,0.0
1,2018,SOS (Baseline),PG,0.0
1,2018,SOS (Baseline),PH,0.0
1,2018,SOS (Baseline),PLD,0.0
1,2018,SOS (Baseline),PM,0.0
1,2018,SOS (Baseline),PNC,0.0
1,2018,SOS (Baseline),PSA,0.0
1,2018,SOS (Baseline),QCOM,0.0
1,2018,SOS (Baseline),REGN,0.0
1,2018,SOS (Baseline),ROST,0.03474559960273429
1,2018,SOS (Baseline),RTX,0.0
1,2018,SOS (Baseline),SHW,0.0
1,2018,SOS (Baseline),SLB,0.0
1,2018,SOS (Baseline),SNPS,0.00010296669733989862
1,2018,SOS (Baseline),SO,0.0
1,2018,SOS (Baseline),SPGI,1.3712184528608373e-05
1,2018,SOS (Baseline),SRE,0.0
1,2018,SOS (Baseline),SYK,0.0
1,2018,SOS (Baseline),SYY,0.0
1,2018,SOS (Baseline),T,0.0
1,2018,SOS (Baseline),TEL,0.0
1,2018,SOS (Baseline),TGT,0.0
1,2018,SOS (Baseline),TJX,0.0
1,2018,SOS (Baseline),TMO,1.0307407353183416e-05
1,2018,SOS (Baseline),TSLA,0.04078108061208045
1,2018,SOS (Baseline),TXN,0.0
1,2018,SOS (Baseline),UNH,0.0
1,2018,SOS (Baseline),UNP,0.0
1,2018,SOS (Baseline),UPS,0.0
1,2018,SOS (Baseline),V,0.0
1,2018,SOS (Baseline),VRTX,0.0
1,2018,SOS (Baseline),VZ,0.0
1,2018,SOS (Baseline),WFC,0.0
1,2018,SOS (Baseline),WM,0.0
1,2018,SOS (Baseline),WMT,0.0
1,2018,SOS (Baseline),XOM,0.0
1,2018,GA,AAPL,0.0
1,2018,GA,ABT,0.0
1,2018,GA,ACN,0.0
1,2018,GA,ADBE,0.0
1,2018,GA,ADI,0.0
1,2018,GA,ADSK,0.0
1,2018,GA,AEP,0.02935062854104431
1,2018,GA,AIG,0.0
1,2018,GA,AMAT,0.0
1,2018,GA,AMD,0.0
1,2018,GA,AMZN,0.0
1,2018,GA,AON,0.0
1,2018,GA,APD,0.0
1,2018,GA,AVGO,0.0
1,2018,GA,AXP,0.0
1,2018,GA,BA,0.0
1,2018,GA,BAC,0.0
1,2018,GA,BDX,0.06712708646432027
1,2018,GA,BIIB,0.0
1,2018,GA,BKNG,0.0
1,2018,GA,BLK,0.0
1,2018,GA,BMY,0.0
1,2018,GA,BSX,0.0
1,2018,GA,C,0.0
1,2018,GA,CB,0.0
1,2018,GA,CDNS,0.038180506599238995
1,2018,GA,CHTR,0.0
1,2018,GA,CL,0.0
1,2018,GA,CMCSA,0.01693967261911869
1,2018,GA,CME,0.049569986082264296
1,2018,GA,COP,0.0
1,2018,GA,COST,0.03473753033397246
1,2018,GA,CRM,0.0
1,2018,GA,CSCO,0.0
1,2018,GA,CSX,0.0
1,2018,GA,CTSH,0.0
1,2018,GA,CVS,0.0
1,2018,GA,CVX,0.01927900438459327
1,2018,GA,D,0.0
1,2018,GA,DE,0.0
1,2018,GA,DHR,0.0
1,2018,GA,DIS,0.0
1,2018,GA,DUK,0.0
1,2018,GA,EL,0.0
1,2018,GA,EMR,0.0
1,2018,GA,EOG,0.0
1,2018,GA,ETN,0.0
1,2018,GA,EW,0.006791500746007665
1,2018,GA,EXC,0.0
1,2018,GA,F,0.0
1,2018,GA,FISV,0.006069320855268463
1,2018,GA,GD,0.0
1,2018,GA,GE,0.0
1,2018,GA,GILD,0.0
1,2018,GA,GM,0.0
1,2018,GA,GOOGL,0.06443148045135041
1,2018,GA,GPN,0.036805659409021835
1,2018,GA,GS,0.0
1,2018,GA,HD,0.019126765941017258
1,2018,GA,HON,0.019790645122875955
1,2018,GA,HUM,0.0
1,2018,GA,ICE,0.0
1,2018,GA,IDXX,0.008524040062784214
1,2018,GA,INTC,0.0
1,2018,GA,INTU,0.02730472899642318
1,2018,GA,ISRG,0.0
1,2018,GA,ITW,0.0
1,2018,GA,JNJ,0.0
1,2018,GA,JPM,0.0
1,2018,GA,KLAC,0.0
1,2018,GA,KMB,0.0
1,2018,GA,KMI,0.0
1,2018,GA,KO,0.0
1,2018,GA,LIN,0.0
1,2018,GA,LMT,0.05555936519027284
1,2018,GA,LOW,0.0068616176518188285
1,2018,GA,LRCX,0.0
1,2018,GA,MA,0.026510219162698953
1,2018,GA,MAR,0.0
1,2018,GA,MCD,0.004973040465822231
1,2018,GA,MCHP,0.0
1,2018,GA,MCO,0.0
1,2018,GA,MDLZ,0.0
1,2018,GA,MDT,0.018246016252772276
1,2018,GA,MO,0.0
1,2018,GA,MRK,0.0
1,2018,GA,MSFT,0.0
1,2018,GA,MU,0.0
1,2018,GA,NEE,0.0
1,2018,GA,NFLX,0.051139165318476655
1,2018,GA,NKE,0.0
1,2018,GA,NOC,0.03763954834630084
1,2018,GA,NSC,0.0
1,2018,GA,NVDA,0.12476923354123105
1,2018,GA,NXPI,0.027254224721619466
1,2018,GA,ORCL,0.0
1,2018,GA,ORLY,0.0
1,2018,GA,PEP,0.0
1,2018,GA,PFE,0.0
1,2018,GA,PG,0.0
1,2018,GA,PH,0.0
1,2018,GA,PLD,0.0
1,2018,GA,PM,0.0
1,2018,GA,PNC,0.0
1,2018,GA,PSA,0.0
1,2018,GA,QCOM,0.0
1,2018,GA,REGN,0.008583954722705718
1,2018,GA,ROST,0.07226560719058248
1,2018,GA,RTX,0.0
1,2018,GA,SHW,0.005531133730914359
1,2018,GA,SLB,0.0
1,2018,GA,SNPS,0.0
1,2018,GA,SO,0.0
1,2018,GA,SPGI,0.0
1,2018,GA,SRE,0.0
1,2018,GA,SYK,0.03257394393842343
1,2018,GA,SYY,0.0
1,2018,GA,T,0.0
1,2018,GA,TEL,0.0
1,2018,GA,TGT,0.0
1,2018,GA,TJX,0.0
1,2018,GA,TMO,0.0
1,2018,GA,TSLA,0.0
1,2018,GA,TXN,0.0
1,2018,GA,UNH,0.06950307884086837
1,2018,GA,UNP,0.0
1,2018,GA,UPS,0.0
1,2018,GA,V,0.0
1,2018,GA,VRTX,0.0
1,2018,GA,VZ,0.0
1,2018,GA,WFC,0.0
1,2018,GA,WM,0.0
1,2018,GA,WMT,0.014561294316191194
1,2018,GA,XOM,0.0
1,2018,PSO,AAPL,0.0
1,2018,PSO,ABT,0.0
1,2018,PSO,ACN,0.0
1,2018,PSO,ADBE,0.0
1,2018,PSO,ADI,0.0
1,2018,PSO,ADSK,0.0
1,2018,PSO,AEP,0.0
1,2018,PSO,AIG,0.0
1,2018,PSO,AMAT,0.0
1,2018,PSO,AMD,0.0
1,2018,PSO,AMZN,0.0
1,2018,PSO,AON,0.0
1,2018,PSO,APD,0.0
1,2018,PSO,AVGO,0.0
1,2018,PSO,AXP,0.0
1,2018,PSO,BA,0.0
1,2018,PSO,BAC,0.0
1,2018,PSO,BDX,0.0
1,2018,PSO,BIIB,0.0
1,2018,PSO,BKNG,0.0
1,2018,PSO,BLK,0.0
1,2018,PSO,BMY,0.0
1,2018,PSO,BSX,0.0
1,2018,PSO,C,0.0
1,2018,PSO,CB,0.0
1,2018,PSO,CDNS,0.0
1,2018,PSO,CHTR,0.0
1,2018,PSO,CL,0.0
1,2018,PSO,CMCSA,0.0
1,2018,PSO,CME,0.08297464916332506
1,2018,PSO,COP,0.0
1,2018,PSO,COST,0.0
1,2018,PSO,CRM,0.0
1,2018,PSO,CSCO,0.0
1,2018,PSO,CSX,0.0
1,2018,PSO,CTSH,0.0
1,2018,PSO,CVS,0.0
1,2018,PSO,CVX,0.0
1,2018,PSO,D,0.0
1,2018,PSO,DE,0.0
1,2018,PSO,DHR,0.0
1,2018,PSO,DIS,0.0
1,2018,PSO,DUK,0.0
1,2018,PSO,EL,0.0
1,2018,PSO,EMR,0.0
1,2018,PSO,EOG,0.0
1,2018,PSO,ETN,0.0
1,2018,PSO,EW,0.0
1,2018,PSO,EXC,0.0
1,2018,PSO,F,0.0
1,2018,PSO,FISV,0.0
1,2018,PSO,GD,0.0
1,2018,PSO,GE,0.0
1,2018,PSO,GILD,0.0
1,2018,PSO,GM,0.0
1,2018,PSO,GOOGL,0.0
1,2018,PSO,GPN,0.0
1,2018,PSO,GS,0.0
1,2018,PSO,HD,0.15560150337818182
1,2018,PSO,HON,0.0
1,2018,PSO,HUM,0.0
1,2018,PSO,ICE,0.0
1,2018,PSO,IDXX,0.02370449765922214
1,2018,PSO,INTC,0.0
1,2018,PSO,INTU,0.0
1,2018,PSO,ISRG,0.0
1,2018,PSO,ITW,0.0
1,2018,PSO,JNJ,0.0
1,2018,PSO,JPM,0.0
1,2018,PSO,KLAC,0.0
1,2018,PSO,KMB,0.0
1,2018,PSO,KMI,0.0
1,2018,PSO,KO,0.0
1,2018,PSO,LIN,0.0
1,2018,PSO,LMT,0.18106788062171494
1,2018,PSO,LOW,0.0
1,2018,PSO,LRCX,0.0
1,2018,PSO,MA,0.0
1,2018,PSO,MAR,0.0
1,2018,PSO,MCD,0.0
1,2018,PSO,MCHP,0.0
1,2018,PSO,MCO,0.0
1,2018,PSO,MDLZ,0.0
1,2018,PSO,MDT,0.0
1,2018,PSO,MO,0.08489075689003642
1,2018,PSO,MRK,0.0
1,2018,PSO,MSFT,0.0
1,2018,PSO,MU,0.0
1,2018,PSO,NEE,0.16858493883294526
1,2018,PSO,NFLX,0.06745118211141543
1,2018,PSO,NKE,0.0
1,2018,PSO,NOC,0.174855464534514
1,2018,PSO,NSC,0.0
1,2018,PSO,NVDA,0.0
1,2018,PSO,NXPI,0.0
1,2018,PSO,ORCL,0.0
1,2018,PSO,ORLY,0.0
1,2018,PSO,PEP,0.0
1,2018,PSO,PFE,0.0
1,2018,PSO,PG,0.0
1,2018,PSO,PH,0.0
1,2018,PSO,PLD,0.0
1,2018,PSO,PM,0.0
1,2018,PSO,PNC,0.0
1,2018,PSO,PSA,0.0
1,2018,PSO,QCOM,0.0
1,2018,PSO,REGN,0.018612389187075633
1,2018,PSO,ROST,0.0
1,2018,PSO,RTX,0.0
1,2018,PSO,SHW,0.0
1,2018,PSO,SLB,0.0
1,2018,PSO,SNPS,0.0
1,2018,PSO,SO,0.0
1,2018,PSO,SPGI,0.0
1,2018,PSO,SRE,0.0
1,2018,PSO,SYK,0.0
1,2018,PSO,SYY,0.0
1,2018,PSO,T,0.0
1,2018,PSO,TEL,0.0
1,2018,PSO,TGT,0.0
1,2018,PSO,TJX,0.0
1,2018,PSO,TMO,0.0
1,2018,PSO,TSLA,0.042256737621569285
1,2018,PSO,TXN,0.0
1,2018,PSO,UNH,0.0
1,2018,PSO,UNP,0.0
1,2018,PSO,UPS,0.0
1,2018,PSO,V,0.0
1,2018,PSO,VRTX,0.0
1,2018,PSO,VZ,0.0
1,2018,PSO,WFC,0.0
1,2018,PSO,WM,0.0
1,2018,PSO,WMT,0.0
1,2018,PSO,XOM,0.0
1,2018,DE,AAPL,0.0016013140897221515
1,2018,DE,ABT,0.0
1,2018,DE,ACN,0.0
1,2018,DE,ADBE,0.0
1,2018,DE,ADI,0.0
1,2018,DE,ADSK,0.0
1,2018,DE,AEP,0.0
1,2018,DE,AIG,0.0
1,2018,DE,AMAT,0.0
1,2018,DE,AMD,0.0
1,2018,DE,AMZN,0.022286571270405273
1,2018,DE,AON,0.0
1,2018,DE,APD,0.0
1,2018,DE,AVGO,0.01068197298826826
1,2018,DE,AXP,0.0
1,2018,DE,BA,0.0
1,2018,DE,BAC,0.0
1,2018,DE,BDX,0.0
1,2018,DE,BIIB,0.0
1,2018,DE,BKNG,0.0
1,2018,DE,BLK,0.0
1,2018,DE,BMY,0.001820382193776696
1,2018,DE,BSX,0.0
1,2018,DE,C,0.0
1,2018,DE,CB,0.007511539316074117
1,2018,DE,CDNS,0.0
1,2018,DE,CHTR,0.06824869475673985
1,2018,DE,CL,0.0
1,2018,DE,CMCSA,0.0
1,2018,DE,CME,0.07049404215879258
1,2018,DE,COP,0.0
1,2018,DE,COST,0.0
1,2018,DE,CRM,0.0
1,2018,DE,CSCO,0.0
1,2018,DE,CSX,0.0
1,2018,DE,CTSH,0.0
1,2018,DE,CVS,0.0
1,2018,DE,CVX,0.0
1,2018,DE,D,0.0
1,2018,DE,DE,0.0
1,2018,DE,DHR,0.0
1,2018,DE,DIS,0.0
1,2018,DE,DUK,0.04413182945081244
1,2018,DE,EL,0.001261776739367544
1,2018,DE,EMR,0.0
1,2018,DE,EOG,0.0
1,2018,DE,ETN,0.0
1,2018,DE,EW,0.018079132188813796
1,2018,DE,EXC,0.0
1,2018,DE,F,0.0
1,2018,DE,FISV,0.0024758609496683083
1,2018,DE,GD,0.0005126460565490274
1,2018,DE,GE,0.0
1,2018,DE,GILD,0.0
1,2018,DE,GM,0.0
1,2018,DE,GOOGL,0.0
1,2018,DE,GPN,0.0
1,2018,DE,GS,0.0015968301549756944
1,2018,DE,HD,0.05444593380774401
1,2018,DE,HON,0.0
1,2018,DE,HUM,0.0
1,2018,DE,ICE,0.004782472493003119
1,2018,DE,IDXX,0.0
1,2018,DE,INTC,0.0
1,2018,DE,INTU,0.0
1,2018,DE,ISRG,0.0
1,2018,DE,ITW,0.0
1,2018,DE,JNJ,0.0
1,2018,DE,JPM,0.0
1,2018,DE,KLAC,0.0
1,2018,DE,KMB,0.0
1,2018,DE,KMI,0.0
1,2018,DE,KO,0.0
1,2018,DE,LIN,0.0
1,2018,DE,LMT,0.16769069087391061
1,2018,DE,LOW,0.0
1,2018,DE,LRCX,0.0
1,2018,DE,MA,0.0
1,2018,DE,MAR,0.0
1,2018,DE,MCD,0.0
1,2018,DE,MCHP,0.0
1,2018,DE,MCO,0.0
1,2018,DE,MDLZ,0.0
1,2018,DE,MDT,0.0
1,2018,DE,MO,0.13304092199504045
1,2018,DE,MRK,0.0
1,2018,DE,MSFT,0.0
1,2018,DE,MU,0.0
1,2018,DE,NEE,0.0
1,2018,DE,NFLX,0.04919699501866459
1,2018,DE,NKE,0.0
1,2018,DE,NOC,0.13382646641095333
1,2018,DE,NSC,0.0
1,2018,DE,NVDA,0.07749649423308358
1,2018,DE,NXPI,0.010793988806712434
1,2018,DE,ORCL,0.0
1,2018,DE,ORLY,0.0
1,2018,DE,PEP,0.0
1,2018,DE,PFE,0.0
1,2018,DE,PG,0.0
1,2018,DE,PH,0.0
1,2018,DE,PLD,0.002395744849044468
1,2018,DE,PM,0.0
1,2018,DE,PNC,0.0
1,2018,DE,PSA,0.0
1,2018,DE,QCOM,0.0
1,2018,DE,REGN,0.0002796200500555825
1,2018,DE,ROST,0.0
1,2018,DE,RTX,0.0
1,2018,DE,SHW,0.04184764516699231
1,2018,DE,SLB,0.0
1,2018,DE,SNPS,0.0
1,2018,DE,SO,0.0
1,2018,DE,SPGI,0.010250136284426762
1,2018,DE,SRE,0.0
1,2018,DE,SYK,0.0
1,2018,DE,SYY,0.026099893034982318
1,2018,DE,T,0.0
1,2018,DE,TEL,0.0
1,2018,DE,TGT,0.0
1,2018,DE,TJX,0.0
1,2018,DE,TMO,0.0
1,2018,DE,TSLA,0.03187443056190891
1,2018,DE,TXN,0.004110752549917466
1,2018,DE,UNH,0.0
1,2018,DE,UNP,0.0
1,2018,DE,UPS,0.0
1,2018,DE,V,0.0011652215495944211
1,2018,DE,VRTX,0.0
1,2018,DE,VZ,0.0
1,2018,DE,WFC,0.0
1,2018,DE,WM,0.0
1,2018,DE,WMT,0.0
1,2018,DE,XOM,0.0
1,2018,Ledoit-Wolf,AAPL,0.0
1,2018,Ledoit-Wolf,ABT,0.0
1,2018,Ledoit-Wolf,ACN,0.0
1,2018,Ledoit-Wolf,ADBE,1.8157985525131743e-13
1,2018,Ledoit-Wolf,ADI,0.0
1,2018,Ledoit-Wolf,ADSK,0.0
1,2018,Ledoit-Wolf,AEP,0.0
1,2018,Ledoit-Wolf,AIG,0.0
1,2018,Ledoit-Wolf,AMAT,0.0
1,2018,Ledoit-Wolf,AMD,0.0
1,2018,Ledoit-Wolf,AMZN,0.02093161470135215
1,2018,Ledoit-Wolf,AON,0.0
1,2018,Ledoit-Wolf,APD,0.0
1,2018,Ledoit-Wolf,AVGO,0.020048503697538002
1,2018,Ledoit-Wolf,AXP,0.0
1,2018,Ledoit-Wolf,BA,0.0
1,2018,Ledoit-Wolf,BAC,0.0
1,2018,Ledoit-Wolf,BDX,6.207446607143898e-14
1,2018,Ledoit-Wolf,BIIB,0.0
1,2018,Ledoit-Wolf,BKNG,0.0
1,2018,Ledoit-Wolf,BLK,0.0
1,2018,Ledoit-Wolf,BMY,0.0
1,2018,Ledoit-Wolf,BSX,0.0
1,2018,Ledoit-Wolf,C,0.0
1,2018,Ledoit-Wolf,CB,0.0
1,2018,Ledoit-Wolf,CDNS,0.0
1,2018,Ledoit-Wolf,CHTR,0.06946968478836396
1,2018,Ledoit-Wolf,CL,0.0
1,2018,Ledoit-Wolf,CMCSA,0.0
1,2018,Ledoit-Wolf,CME,0.05647143812643018
1,2018,Ledoit-Wolf,COP,0.0
1,2018,Ledoit-Wolf,COST,0.0
1,2018,Ledoit-Wolf,CRM,0.0
1,2018,Ledoit-Wolf,CSCO,0.0
1,2018,Ledoit-Wolf,CSX,0.0
1,2018,Ledoit-Wolf,CTSH,0.0
1,2018,Ledoit-Wolf,CVS,0.0
1,2018,Ledoit-Wolf,CVX,0.0
1,2018,Ledoit-Wolf,D,0.0
1,2018,Ledoit-Wolf,DE,0.0
1,2018,Ledoit-Wolf,DHR,0.0
1,2018,Ledoit-Wolf,DIS,0.0
1,2018,Ledoit-Wolf,DUK,0.0
1,2018,Ledoit-Wolf,EL,0.0
1,2018,Ledoit-Wolf,EMR,0.0
1,2018,Ledoit-Wolf,EOG,0.0
1,2018,Ledoit-Wolf,ETN,0.0
1,2018,Ledoit-Wolf,EW,0.0
1,2018,Ledoit-Wolf,EXC,0.0
1,2018,Ledoit-Wolf,F,0.0
1,2018,Ledoit-Wolf,FISV,0.0
1,2018,Ledoit-Wolf,GD,0.0
1,2018,Ledoit-Wolf,GE,0.0
1,2018,Ledoit-Wolf,GILD,0.0
1,2018,Ledoit-Wolf,GM,0.0
1,2018,Ledoit-Wolf,GOOGL,0.0
1,2018,Ledoit-Wolf,GPN,0.0
1,2018,Ledoit-Wolf,GS,0.0
1,2018,Ledoit-Wolf,HD,0.10725728628817288
1,2018,Ledoit-Wolf,HON,0.0
1,2018,Ledoit-Wolf,HUM,0.0
1,2018,Ledoit-Wolf,ICE,0.0
1,2018,Ledoit-Wolf,IDXX,0.0
1,2018,Ledoit-Wolf,INTC,0.0
1,2018,Ledoit-Wolf,INTU,0.0
1,2018,Ledoit-Wolf,ISRG,0.0
1,2018,Ledoit-Wolf,ITW,0.0
1,2018,Ledoit-Wolf,JNJ,0.0
1,2018,Ledoit-Wolf,JPM,0.0
1,2018,Ledoit-Wolf,KLAC,0.0
1,2018,Ledoit-Wolf,KMB,0.0
1,2018,Ledoit-Wolf,KMI,0.0
1,2018,Ledoit-Wolf,KO,0.0
1,2018,Ledoit-Wolf,LIN,0.0
1,2018,Ledoit-Wolf,LMT,0.14264633862068446
1,2018,Ledoit-Wolf,LOW,0.0
1,2018,Ledoit-Wolf,LRCX,0.0
1,2018,Ledoit-Wolf,MA,0.0
1,2018,Ledoit-Wolf,MAR,0.0
1,2018,Ledoit-Wolf,MCD,0.0
1,2018,Ledoit-Wolf,MCHP,0.0
1,2018,Ledoit-Wolf,MCO,0.0
1,2018,Ledoit-Wolf,MDLZ,0.0
1,2018,Ledoit-Wolf,MDT,0.0
1,2018,Ledoit-Wolf,MO,0.06403457206967623
1,2018,Ledoit-Wolf,MRK,0.0
1,2018,Ledoit-Wolf,MSFT,0.0
1,2018,Ledoit-Wolf,MU,0.0
1,2018,Ledoit-Wolf,NEE,0.14019652566659105
1,2018,Ledoit-Wolf,NFLX,0.05874499831797827
1,2018,Ledoit-Wolf,NKE,0.0
1,2018,Ledoit-Wolf,NOC,0.13392573178732725
1,2018,Ledoit-Wolf,NSC,0.0
1,2018,Ledoit-Wolf,NVDA,0.09457880052524083
1,2018,Ledoit-Wolf,NXPI,0.0
1,2018,Ledoit-Wolf,ORCL,0.0
1,2018,Ledoit-Wolf,ORLY,0.0
1,2018,Ledoit-Wolf,PEP,0.0
1,2018,Ledoit-Wolf,PFE,0.0
1,2018,Ledoit-Wolf,PG,0.0
1,2018,Ledoit-Wolf,PH,0.0
1,2018,Ledoit-Wolf,PLD,0.0
1,2018,Ledoit-Wolf,PM,0.0
1,2018,Ledoit-Wolf,PNC,0.0
1,2018,Ledoit-Wolf,PSA,0.0
1,2018,Ledoit-Wolf,QCOM,0.0
1,2018,Ledoit-Wolf,REGN,0.0
1,2018,Ledoit-Wolf,ROST,0.0
1,2018,Ledoit-Wolf,RTX,0.0
1,2018,Ledoit-Wolf,SHW,0.029347671274242974
1,2018,Ledoit-Wolf,SLB,0.0
1,2018,Ledoit-Wolf,SNPS,0.0
1,2018,Ledoit-Wolf,SO,0.0
1,2018,Ledoit-Wolf,SPGI,0.0
1,2018,Ledoit-Wolf,SRE,0.0
1,2018,Ledoit-Wolf,SYK,0.0
1,2018,Ledoit-Wolf,SYY,0.0
1,2018,Ledoit-Wolf,T,0.0
1,2018,Ledoit-Wolf,TEL,0.0
1,2018,Ledoit-Wolf,TGT,0.0
1,2018,Ledoit-Wolf,TJX,0.0
1,2018,Ledoit-Wolf,TMO,0.0
1,2018,Ledoit-Wolf,TSLA,0.0
1,2018,Ledoit-Wolf,TXN,0.0
1,2018,Ledoit-Wolf,UNH,0.05477674786320905
1,2018,Ledoit-Wolf,UNP,0.0
1,2018,Ledoit-Wolf,UPS,0.0
1,2018,Ledoit-Wolf,V,0.0
1,2018,Ledoit-Wolf,VRTX,0.0
1,2018,Ledoit-Wolf,VZ,0.0
1,2018,Ledoit-Wolf,WFC,0.0
1,2018,Ledoit-Wolf,WM,0.0075700862729490845
1,2018,Ledoit-Wolf,WMT,0.0
1,2018,Ledoit-Wolf,XOM,0.0
1,2018,Max Sharpe,AAPL,0.0
1,2018,Max Sharpe,ABT,0.0
1,2018,Max Sharpe,ACN,0.0
1,2018,Max Sharpe,ADBE,2.4838598043604758e-18
1,2018,Max Sharpe,ADI,0.0
1,2018,Max Sharpe,ADSK,0.0
1,2018,Max Sharpe,AEP,0.0
1,2018,Max Sharpe,AIG,0.0
1,2018,Max Sharpe,AMAT,1.7875079700650114e-16
1,2018,Max Sharpe,AMD,0.0
1,2018,Max Sharpe,AMZN,0.02031597518019379
1,2018,Max Sharpe,AON,0.0
1,2018,Max Sharpe,APD,0.0
1,2018,Max Sharpe,AVGO,0.019282579038371585
1,2018,Max Sharpe,AXP,0.0
1,2018,Max Sharpe,BA,1.2889634798005683e-17
1,2018,Max Sharpe,BAC,0.0
1,2018,Max Sharpe,BDX,7.660856132704746e-18
1,2018,Max Sharpe,BIIB,0.0
1,2018,Max Sharpe,BKNG,0.0
1,2018,Max Sharpe,BLK,0.0
1,2018,Max Sharpe,BMY,0.0
1,2018,Max Sharpe,BSX,0.0
1,2018,Max Sharpe,C,0.0
1,2018,Max Sharpe,CB,0.0
1,2018,Max Sharpe,CDNS,0.0
1,2018,Max Sharpe,CHTR,0.06916263231032496
1,2018,Max Sharpe,CL,0.0
1,2018,Max Sharpe,CMCSA,1.2993004642474328e-16
1,2018,Max Sharpe,CME,0.056376938842484445
1,2018,Max Sharpe,COP,0.0
1,2018,Max Sharpe,COST,0.0
1,2018,Max Sharpe,CRM,0.0
1,2018,Max Sharpe,CSCO,0.0
1,2018,Max Sharpe,CSX,0.0
1,2018,Max Sharpe,CTSH,0.0
1,2018,Max Sharpe,CVS,0.0
1,2018,Max Sharpe,CVX,0.0
1,2018,Max Sharpe,D,0.0
1,2018,Max Sharpe,DE,0.0
1,2018,Max Sharpe,DHR,0.0
1,2018,Max Sharpe,DIS,0.0
1,2018,Max Sharpe,DUK,0.0
1,2018,Max Sharpe,EL,0.0
1,2018,Max Sharpe,EMR,0.0
1,2018,Max Sharpe,EOG,0.0
1,2018,Max Sharpe,ETN,0.0
1,2018,Max Sharpe,EW,0.0
1,2018,Max Sharpe,EXC,0.0
1,2018,Max Sharpe,F,0.0
1,2018,Max Sharpe,FISV,7.941668021755789e-17
1,2018,Max Sharpe,GD,1.72335217100838e-16
1,2018,Max Sharpe,GE,0.0
1,2018,Max Sharpe,GILD,0.0
1,2018,Max Sharpe,GM,0.0
1,2018,Max Sharpe,GOOGL,0.0
1,2018,Max Sharpe,GPN,0.0
1,2018,Max Sharpe,GS,0.0
1,2018,Max Sharpe,HD,0.10892884659857915
1,2018,Max Sharpe,HON,0.0
1,2018,Max Sharpe,HUM,0.0
1,2018,Max Sharpe,ICE,0.0
1,2018,Max Sharpe,IDXX,0.0
1,2018,Max Sharpe,INTC,0.0
1,2018,Max Sharpe,INTU,0.0
1,2018,Max Sharpe,ISRG,0.0
1,2018,Max Sharpe,ITW,1.7796040771810151e-16
1,2018,Max Sharpe,JNJ,0.0
1,2018,Max Sharpe,JPM,0.0
1,2018,Max Sharpe,KLAC,0.0
1,2018,Max Sharpe,KMB,0.0
1,2018,Max Sharpe,KMI,0.0
1,2018,Max Sharpe,KO,0.0
1,2018,Max Sharpe,LIN,0.0
1,2018,Max Sharpe,LMT,0.1452317780919583
1,2018,Max Sharpe,LOW,0.0
1,2018,Max Sharpe,LRCX,0.0
1,2018,Max Sharpe,MA,1.4027310033404046e-16
1,2018,Max Sharpe,MAR,4.8281701374757083e-17
1,2018,Max Sharpe,MCD,0.0
1,2018,Max Sharpe,MCHP,0.0
1,2018,Max Sharpe,MCO,3.8948904906599556e-17
1,2018,Max Sharpe,MDLZ,0.0
1,2018,Max Sharpe,MDT,0.0
1,2018,Max Sharpe,MO,0.06365770371802484
1,2018,Max Sharpe,MRK,0.0
1,2018,Max Sharpe,MSFT,0.0
1,2018,Max Sharpe,MU,0.0
1,2018,Max Sharpe,NEE,0.14370685673876019
1,2018,Max Sharpe,NFLX,0.05850150157828183
1,2018,Max Sharpe,NKE,0.0
1,2018,Max Sharpe,NOC,0.1347882519589931
1,2018,Max Sharpe,NSC,0.0
1,2018,Max Sharpe,NVDA,0.09444833465901793
1,2018,Max Sharpe,NXPI,0.0
1,2018,Max Sharpe,ORCL,0.0
1,2018,Max Sharpe,ORLY,0.0
1,2018,Max Sharpe,PEP,0.0
1,2018,Max Sharpe,PFE,0.0
1,2018,Max Sharpe,PG,0.0
1,2018,Max Sharpe,PH,0.0
1,2018,Max Sharpe,PLD,0.0
1,2018,Max Sharpe,PM,0.0
1,2018,Max Sharpe,PNC,0.0
1,2018,Max Sharpe,PSA,0.0
1,2018,Max Sharpe,QCOM,0.0
1,2018,Max Sharpe,REGN,0.0
1,2018,Max Sharpe,ROST,0.0
1,2018,Max Sharpe,RTX,0.0
1,2018,Max Sharpe,SHW,0.028016954460093797
1,2018,Max Sharpe,SLB,0.0
1,2018,Max Sharpe,SNPS,0.0
1,2018,Max Sharpe,SO,0.0
1,2018,Max Sharpe,SPGI,8.007168563010571e-17
1,2018,Max Sharpe,SRE,0.0
1,2018,Max Sharpe,SYK,7.602779483956755e-17
1,2018,Max Sharpe,SYY,0.0
1,2018,Max Sharpe,T,0.0
1,2018,Max Sharpe,TEL,0.0
1,2018,Max Sharpe,TGT,0.0
1,2018,Max Sharpe,TJX,0.0
1,2018,Max Sharpe,TMO,1.0668359524021228e-16
1,2018,Max Sharpe,TSLA,0.0
1,2018,Max Sharpe,TXN,3.4767603292073663e-16
1,2018,Max Sharpe,UNH,0.053928333228594784
1,2018,Max Sharpe,UNP,0.0
1,2018,Max Sharpe,UPS,0.0
1,2018,Max Sharpe,V,1.3288454203224115e-17
1,2018,Max Sharpe,VRTX,0.0
1,2018,Max Sharpe,VZ,0.0
1,2018,Max Sharpe,WFC,0.0
1,2018,Max Sharpe,WM,0.0036533135963197545
1,2018,Max Sharpe,WMT,0.0
1,2018,Max Sharpe,XOM,0.0
1,2018,Min Variance,AAPL,0.0
1,2018,Min Variance,ABT,0.0
1,2018,Min Variance,ACN,0.0
1,2018,Min Variance,ADBE,0.0
1,2018,Min Variance,ADI,0.0
1,2018,Min Variance,ADSK,0.0
1,2018,Min Variance,AEP,0.0
1,2018,Min Variance,AIG,0.0
1,2018,Min Variance,AMAT,0.0
1,2018,Min Variance,AMD,0.0
1,2018,Min Variance,AMZN,0.0
1,2018,Min Variance,AON,0.0
1,2018,Min Variance,APD,0.0
1,2018,Min Variance,AVGO,0.0
1,2018,Min Variance,AXP,0.0
1,2018,Min Variance,BA,0.0
1,2018,Min Variance,BAC,0.0
1,2018,Min Variance,BDX,0.03518755081750842
1,2018,Min Variance,BIIB,0.0
1,2018,Min Variance,BKNG,0.0
1,2018,Min Variance,BLK,0.0
1,2018,Min Variance,BMY,0.0
1,2018,Min Variance,BSX,0.0
1,2018,Min Variance,C,0.0
1,2018,Min Variance,CB,0.0
1,2018,Min Variance,CDNS,0.0
1,2018,Min Variance,CHTR,0.0
1,2018,Min Variance,CL,0.0
1,2018,Min Variance,CMCSA,0.0
1,2018,Min Variance,CME,0.0
1,2018,Min Variance,COP,0.0
1,2018,Min Variance,COST,0.025608706924366512
1,2018,Min Variance,CRM,0.0
1,2018,Min Variance,CSCO,0.0
1,2018,Min Variance,CSX,0.0
1,2018,Min Variance,CTSH,0.0
1,2018,Min Variance,CVS,0.0
1,2018,Min Variance,CVX,0.0
1,2018,Min Variance,D,1.7347234759768075e-18
1,2018,Min Variance,DE,0.0
1,2018,Min Variance,DHR,0.0
1,2018,Min Variance,DIS,0.0
1,2018,Min Variance,DUK,0.05076458193812543
1,2018,Min Variance,EL,0.0
1,2018,Min Variance,EMR,0.0
1,2018,Min Variance,EOG,0.0
1,2018,Min Variance,ETN,0.0
1,2018,Min Variance,EW,0.0
1,2018,Min Variance,EXC,0.0
1,2018,Min Variance,F,0.0
1,2018,Min Variance,FISV,2.602085213965211e-18
1,2018,Min Variance,GD,0.0
1,2018,Min Variance,GE,0.0
1,2018,Min Variance,GILD,0.0
1,2018,Min Variance,GM,0.0
1,2018,Min Variance,GOOGL,0.0
1,2018,Min Variance,GPN,0.0
1,2018,Min Variance,GS,0.0
1,2018,Min Variance,HD,0.0
1,2018,Min Variance,HON,0.0
1,2018,Min Variance,HUM,0.0
1,2018,Min Variance,ICE,0.0
1,2018,Min Variance,IDXX,0.0
1,2018,Min Variance,INTC,0.0
1,2018,Min Variance,INTU,0.0
1,2018,Min Variance,ISRG,0.0
1,2018,Min Variance,ITW,1.4636729328554312e-18
1,2018,Min Variance,JNJ,0.06346052357506475
1,2018,Min Variance,JPM,0.0
1,2018,Min Variance,KLAC,0.0
1,2018,Min Variance,KMB,0.0
1,2018,Min Variance,KMI,0.0
1,2018,Min Variance,KO,0.033755449913014025
1,2018,Min Variance,LIN,0.039768336765317026
1,2018,Min Variance,LMT,0.050046295780428136
1,2018,Min Variance,LOW,0.0
1,2018,Min Variance,LRCX,0.0
1,2018,Min Variance,MA,0.0
1,2018,Min Variance,MAR,0.0
1,2018,Min Variance,MCD,0.12374251708002
1,2018,Min Variance,MCHP,0.0
1,2018,Min Variance,MCO,0.0
1,2018,Min Variance,MDLZ,0.0
1,2018,Min Variance,MDT,0.0
1,2018,Min Variance,MO,0.0
1,2018,Min Variance,MRK,0.0
1,2018,Min Variance,MSFT,0.0
1,2018,Min Variance,MU,0.0
1,2018,Min Variance,NEE,0.0
1,2018,Min Variance,NFLX,0.0
1,2018,Min Variance,NKE,0.0
1,2018,Min Variance,NOC,0.0
1,2018,Min Variance,NSC,0.0
1,2018,Min Variance,NVDA,0.0
1,2018,Min Variance,NXPI,0.0
1,2018,Min Variance,ORCL,0.0
1,2018,Min Variance,ORLY,0.0
1,2018,Min Variance,PEP,0.057657228194636166
1,2018,Min Variance,PFE,0.052174321814758874
1,2018,Min Variance,PG,0.06205869826857153
1,2018,Min Variance,PH,0.0
1,2018,Min Variance,PLD,0.0
1,2018,Min Variance,PM,0.0
1,2018,Min Variance,PNC,0.0
1,2018,Min Variance,PSA,0.0
1,2018,Min Variance,QCOM,0.0
1,2018,Min Variance,REGN,0.0
1,2018,Min Variance,ROST,0.0
1,2018,Min Variance,RTX,0.0
1,2018,Min Variance,SHW,0.0
1,2018,Min Variance,SLB,0.0
1,2018,Min Variance,SNPS,0.0
1,2018,Min Variance,SO,0.14003235839558792
1,2018,Min Variance,SPGI,0.0
1,2018,Min Variance,SRE,8.29414661951411e-18
1,2018,Min Variance,SYK,0.0
1,2018,Min Variance,SYY,0.03930290116922791
1,2018,Min Variance,T,0.055847031823049655
1,2018,Min Variance,TEL,0.0
1,2018,Min Variance,TGT,0.0
1,2018,Min Variance,TJX,0.0
1,2018,Min Variance,TMO,0.0
1,2018,Min Variance,TSLA,0.0
1,2018,Min Variance,TXN,0.0
1,2018,Min Variance,UNH,0.0
1,2018,Min Variance,UNP,0.0
1,2018,Min Variance,UPS,0.03825920775175712
1,2018,Min Variance,V,0.0
1,2018,Min Variance,VRTX,0.0
1,2018,Min Variance,VZ,0.018740708726320412
1,2018,Min Variance,WFC,0.0
1,2018,Min Variance,WM,0.11359358106224618
1,2018,Min Variance,WMT,0.0
1,2018,Min Variance,XOM,0.0
1,2018,Equal Weight (1/N),AAPL,0.007462686567164179
1,2018,Equal Weight (1/N),ABT,0.007462686567164179
1,2018,Equal Weight (1/N),ACN,0.007462686567164179
1,2018,Equal Weight (1/N),ADBE,0.007462686567164179
1,2018,Equal Weight (1/N),ADI,0.007462686567164179
1,2018,Equal Weight (1/N),ADSK,0.007462686567164179
1,2018,Equal Weight (1/N),AEP,0.007462686567164179
1,2018,Equal Weight (1/N),AIG,0.007462686567164179
1,2018,Equal Weight (1/N),AMAT,0.007462686567164179
1,2018,Equal Weight (1/N),AMD,0.007462686567164179
1,2018,Equal Weight (1/N),AMZN,0.007462686567164179
1,2018,Equal Weight (1/N),AON,0.007462686567164179
1,2018,Equal Weight (1/N),APD,0.007462686567164179
1,2018,Equal Weight (1/N),AVGO,0.007462686567164179
1,2018,Equal Weight (1/N),AXP,0.007462686567164179
1,2018,Equal Weight (1/N),BA,0.007462686567164179
1,2018,Equal Weight (1/N),BAC,0.007462686567164179
1,2018,Equal Weight (1/N),BDX,0.007462686567164179
1,2018,Equal Weight (1/N),BIIB,0.007462686567164179
1,2018,Equal Weight (1/N),BKNG,0.007462686567164179
1,2018,Equal Weight (1/N),BLK,0.007462686567164179
1,2018,Equal Weight (1/N),BMY,0.007462686567164179
1,2018,Equal Weight (1/N),BSX,0.007462686567164179
1,2018,Equal Weight (1/N),C,0.007462686567164179
1,2018,Equal Weight (1/N),CB,0.007462686567164179
1,2018,Equal Weight (1/N),CDNS,0.007462686567164179
1,2018,Equal Weight (1/N),CHTR,0.007462686567164179
1,2018,Equal Weight (1/N),CL,0.007462686567164179
1,2018,Equal Weight (1/N),CMCSA,0.007462686567164179
1,2018,Equal Weight (1/N),CME,0.007462686567164179
1,2018,Equal Weight (1/N),COP,0.007462686567164179
1,2018,Equal Weight (1/N),COST,0.007462686567164179
1,2018,Equal Weight (1/N),CRM,0.007462686567164179
1,2018,Equal Weight (1/N),CSCO,0.007462686567164179
1,2018,Equal Weight (1/N),CSX,0.007462686567164179
1,2018,Equal Weight (1/N),CTSH,0.007462686567164179
1,2018,Equal Weight (1/N),CVS,0.007462686567164179
1,2018,Equal Weight (1/N),CVX,0.007462686567164179
1,2018,Equal Weight (1/N),D,0.007462686567164179
1,2018,Equal Weight (1/N),DE,0.007462686567164179
1,2018,Equal Weight (1/N),DHR,0.007462686567164179
1,2018,Equal Weight (1/N),DIS,0.007462686567164179
1,2018,Equal Weight (1/N),DUK,0.007462686567164179
1,2018,Equal Weight (1/N),EL,0.007462686567164179
1,2018,Equal Weight (1/N),EMR,0.007462686567164179
1,2018,Equal Weight (1/N),EOG,0.007462686567164179
1,2018,Equal Weight (1/N),ETN,0.007462686567164179
1,2018,Equal Weight (1/N),EW,0.007462686567164179
1,2018,Equal Weight (1/N),EXC,0.007462686567164179
1,2018,Equal Weight (1/N),F,0.007462686567164179
1,2018,Equal Weight (1/N),FISV,0.007462686567164179
1,2018,Equal Weight (1/N),GD,0.007462686567164179
1,2018,Equal Weight (1/N),GE,0.007462686567164179
1,2018,Equal Weight (1/N),GILD,0.007462686567164179
1,2018,Equal Weight (1/N),GM,0.007462686567164179
1,2018,Equal Weight (1/N),GOOGL,0.007462686567164179
1,2018,Equal Weight (1/N),GPN,0.007462686567164179
1,2018,Equal Weight (1/N),GS,0.007462686567164179
1,2018,Equal Weight (1/N),HD,0.007462686567164179
1,2018,Equal Weight (1/N),HON,0.007462686567164179
1,2018,Equal Weight (1/N),HUM,0.007462686567164179
1,2018,Equal Weight (1/N),ICE,0.007462686567164179
1,2018,Equal Weight (1/N),IDXX,0.007462686567164179
1,2018,Equal Weight (1/N),INTC,0.007462686567164179
1,2018,Equal Weight (1/N),INTU,0.007462686567164179
1,2018,Equal Weight (1/N),ISRG,0.007462686567164179
1,2018,Equal Weight (1/N),ITW,0.007462686567164179
1,2018,Equal Weight (1/N),JNJ,0.007462686567164179
1,2018,Equal Weight (1/N),JPM,0.007462686567164179
1,2018,Equal Weight (1/N),KLAC,0.007462686567164179
1,2018,Equal Weight (1/N),KMB,0.007462686567164179
1,2018,Equal Weight (1/N),KMI,0.007462686567164179
1,2018,Equal Weight (1/N),KO,0.007462686567164179
1,2018,Equal Weight (1/N),LIN,0.007462686567164179
1,2018,Equal Weight (1/N),LMT,0.007462686567164179
1,2018,Equal Weight (1/N),LOW,0.007462686567164179
1,2018,Equal Weight (1/N),LRCX,0.007462686567164179
1,2018,Equal Weight (1/N),MA,0.007462686567164179
1,2018,Equal Weight (1/N),MAR,0.007462686567164179
1,2018,Equal Weight (1/N),MCD,0.007462686567164179
1,2018,Equal Weight (1/N),MCHP,0.007462686567164179
1,2018,Equal Weight (1/N),MCO,0.007462686567164179
1,2018,Equal Weight (1/N),MDLZ,0.007462686567164179
1,2018,Equal Weight (1/N),MDT,0.007462686567164179
1,2018,Equal Weight (1/N),MO,0.007462686567164179
1,2018,Equal Weight (1/N),MRK,0.007462686567164179
1,2018,Equal Weight (1/N),MSFT,0.007462686567164179
1,2018,Equal Weight (1/N),MU,0.007462686567164179
1,2018,Equal Weight (1/N),NEE,0.007462686567164179
1,2018,Equal Weight (1/N),NFLX,0.007462686567164179
1,2018,Equal Weight (1/N),NKE,0.007462686567164179
1,2018,Equal Weight (1/N),NOC,0.007462686567164179
1,2018,Equal Weight (1/N),NSC,0.007462686567164179
1,2018,Equal Weight (1/N),NVDA,0.007462686567164179
1,2018,Equal Weight (1/N),NXPI,0.007462686567164179
1,2018,Equal Weight (1/N),ORCL,0.007462686567164179
1,2018,Equal Weight (1/N),ORLY,0.007462686567164179
1,2018,Equal Weight (1/N),PEP,0.007462686567164179
1,2018,Equal Weight (1/N),PFE,0.007462686567164179
1,2018,Equal Weight (1/N),PG,0.007462686567164179
1,2018,Equal Weight (1/N),PH,0.007462686567164179
1,2018,Equal Weight (1/N),PLD,0.007462686567164179
1,2018,Equal Weight (1/N),PM,0.007462686567164179
1,2018,Equal Weight (1/N),PNC,0.007462686567164179
1,2018,Equal Weight (1/N),PSA,0.007462686567164179
1,2018,Equal Weight (1/N),QCOM,0.007462686567164179
1,2018,Equal Weight (1/N),REGN,0.007462686567164179
1,2018,Equal Weight (1/N),ROST,0.007462686567164179
1,2018,Equal Weight (1/N),RTX,0.007462686567164179
1,2018,Equal Weight (1/N),SHW,0.007462686567164179
1,2018,Equal Weight (1/N),SLB,0.007462686567164179
1,2018,Equal Weight (1/N),SNPS,0.007462686567164179
1,2018,Equal Weight (1/N),SO,0.007462686567164179
1,2018,Equal Weight (1/N),SPGI,0.007462686567164179
1,2018,Equal Weight (1/N),SRE,0.007462686567164179
1,2018,Equal Weight (1/N),SYK,0.007462686567164179
1,2018,Equal Weight (1/N),SYY,0.007462686567164179
1,2018,Equal Weight (1/N),T,0.007462686567164179
1,2018,Equal Weight (1/N),TEL,0.007462686567164179
1,2018,Equal Weight (1/N),TGT,0.007462686567164179
1,2018,Equal Weight (1/N),TJX,0.007462686567164179
1,2018,Equal Weight (1/N),TMO,0.007462686567164179
1,2018,Equal Weight (1/N),TSLA,0.007462686567164179
1,2018,Equal Weight (1/N),TXN,0.007462686567164179
1,2018,Equal Weight (1/N),UNH,0.007462686567164179
1,2018,Equal Weight (1/N),UNP,0.007462686567164179
1,2018,Equal Weight (1/N),UPS,0.007462686567164179
1,2018,Equal Weight (1/N),V,0.007462686567164179
1,2018,Equal Weight (1/N),VRTX,0.007462686567164179
1,2018,Equal Weight (1/N),VZ,0.007462686567164179
1,2018,Equal Weight (1/N),WFC,0.007462686567164179
1,2018,Equal Weight (1/N),WM,0.007462686567164179
1,2018,Equal Weight (1/N),WMT,0.007462686567164179
1,2018,Equal Weight (1/N),XOM,0.007462686567164179
2,2019,AOBL-SOS (Proposed),AAPL,0.0
2,2019,AOBL-SOS (Proposed),ABT,0.0
2,2019,AOBL-SOS (Proposed),ACN,0.006022510984297688
2,2019,AOBL-SOS (Proposed),ADBE,3.376975674060428e-05
2,2019,AOBL-SOS (Proposed),ADI,0.0
2,2019,AOBL-SOS (Proposed),ADSK,0.0
2,2019,AOBL-SOS (Proposed),AEP,0.0
2,2019,AOBL-SOS (Proposed),AIG,0.0
2,2019,AOBL-SOS (Proposed),AMAT,0.0
2,2019,AOBL-SOS (Proposed),AMD,0.0
2,2019,AOBL-SOS (Proposed),AMZN,0.0278689010804048
2,2019,AOBL-SOS (Proposed),AON,0.0
2,2019,AOBL-SOS (Proposed),APD,0.0
2,2019,AOBL-SOS (Proposed),AVGO,0.0
2,2019,AOBL-SOS (Proposed),AXP,0.0
2,2019,AOBL-SOS (Proposed),BA,0.0
2,2019,AOBL-SOS (Proposed),BAC,0.0
2,2019,AOBL-SOS (Proposed),BDX,0.0
2,2019,AOBL-SOS (Proposed),BIIB,0.0
2,2019,AOBL-SOS (Proposed),BKNG,0.0
2,2019,AOBL-SOS (Proposed),BLK,0.0
2,2019,AOBL-SOS (Proposed),BMY,0.0
2,2019,AOBL-SOS (Proposed),BSX,0.020858677696905442
2,2019,AOBL-SOS (Proposed),C,0.0
2,2019,AOBL-SOS (Proposed),CB,0.0
2,2019,AOBL-SOS (Proposed),CDNS,0.0
2,2019,AOBL-SOS (Proposed),CHTR,0.0
2,2019,AOBL-SOS (Proposed),CL,0.0
2,2019,AOBL-SOS (Proposed),CMCSA,0.0
2,2019,AOBL-SOS (Proposed),CME,0.0
2,2019,AOBL-SOS (Proposed),COP,0.0
2,2019,AOBL-SOS (Proposed),COST,0.0
2,2019,AOBL-SOS (Proposed),CRM,0.0
2,2019,AOBL-SOS (Proposed),CSCO,0.0
2,2019,AOBL-SOS (Proposed),CSX,0.0
2,2019,AOBL-SOS (Proposed),CTSH,0.0
2,2019,AOBL-SOS (Proposed),CVS,0.0
2,2019,AOBL-SOS (Proposed),CVX,0.0
2,2019,AOBL-SOS (Proposed),D,0.0
2,2019,AOBL-SOS (Proposed),DE,0.0
2,2019,AOBL-SOS (Proposed),DHR,0.08439858849281616
2,2019,AOBL-SOS (Proposed),DIS,0.0
2,2019,AOBL-SOS (Proposed),DUK,0.0
2,2019,AOBL-SOS (Proposed),EL,0.023433182568645367
2,2019,AOBL-SOS (Proposed),EMR,0.0
2,2019,AOBL-SOS (Proposed),EOG,0.0
2,2019,AOBL-SOS (Proposed),ETN,0.0
2,2019,AOBL-SOS (Proposed),EW,0.0038490150821210824
2,2019,AOBL-SOS (Proposed),EXC,0.0
2,2019,AOBL-SOS (Proposed),F,0.0
2,2019,AOBL-SOS (Proposed),FISV,0.03360708944898451
2,2019,AOBL-SOS (Proposed),GD,0.0
2,2019,AOBL-SOS (Proposed),GE,0.0
2,2019,AOBL-SOS (Proposed),GILD,1.480434354814432e-06
2,2019,AOBL-SOS (Proposed),GM,0.0
2,2019,AOBL-SOS (Proposed),GOOGL,0.000630794320244149
2,2019,AOBL-SOS (Proposed),GPN,0.0
2,2019,AOBL-SOS (Proposed),GS,0.0
2,2019,AOBL-SOS (Proposed),HD,0.10874809935119648
2,2019,AOBL-SOS (Proposed),HON,0.0
2,2019,AOBL-SOS (Proposed),HUM,0.04444578865032367
2,2019,AOBL-SOS (Proposed),ICE,0.0
2,2019,AOBL-SOS (Proposed),IDXX,0.010893768669116077
2,2019,AOBL-SOS (Proposed),INTC,0.0
2,2019,AOBL-SOS (Proposed),INTU,0.0
2,2019,AOBL-SOS (Proposed),ISRG,0.0
2,2019,AOBL-SOS (Proposed),ITW,0.0
2,2019,AOBL-SOS (Proposed),JNJ,0.0
2,2019,AOBL-SOS (Proposed),JPM,0.0
2,2019,AOBL-SOS (Proposed),KLAC,0.0
2,2019,AOBL-SOS (Proposed),KMB,0.0
2,2019,AOBL-SOS (Proposed),KMI,0.0
2,2019,AOBL-SOS (Proposed),KO,0.0
2,2019,AOBL-SOS (Proposed),LIN,0.0
2,2019,AOBL-SOS (Proposed),LMT,0.0018600977172022928
2,2019,AOBL-SOS (Proposed),LOW,0.0
2,2019,AOBL-SOS (Proposed),LRCX,0.0
2,2019,AOBL-SOS (Proposed),MA,0.016008879911377213
2,2019,AOBL-SOS (Proposed),MAR,1.0786956929242123e-05
2,2019,AOBL-SOS (Proposed),MCD,0.0
2,2019,AOBL-SOS (Proposed),MCHP,0.0
2,2019,AOBL-SOS (Proposed),MCO,0.0
2,2019,AOBL-SOS (Proposed),MDLZ,0.0
2,2019,AOBL-SOS (Proposed),MDT,0.0
2,2019,AOBL-SOS (Proposed),MO,0.04119539583002712
2,2019,AOBL-SOS (Proposed),MRK,0.0
2,2019,AOBL-SOS (Proposed),MSFT,0.04069820497224455
2,2019,AOBL-SOS (Proposed),MU,0.0
2,2019,AOBL-SOS (Proposed),NEE,0.19476469248152967
2,2019,AOBL-SOS (Proposed),NFLX,0.07324120645238122
2,2019,AOBL-SOS (Proposed),NKE,0.003924176887369691
2,2019,AOBL-SOS (Proposed),NOC,0.005119092267654268
2,2019,AOBL-SOS (Proposed),NSC,0.0
2,2019,AOBL-SOS (Proposed),NVDA,0.0
2,2019,AOBL-SOS (Proposed),NXPI,0.0
2,2019,AOBL-SOS (Proposed),ORCL,0.0
2,2019,AOBL-SOS (Proposed),ORLY,0.048948057162716836
2,2019,AOBL-SOS (Proposed),PEP,0.0
2,2019,AOBL-SOS (Proposed),PFE,0.0
2,2019,AOBL-SOS (Proposed),PG,0.0027845266672781137
2,2019,AOBL-SOS (Proposed),PH,0.0
2,2019,AOBL-SOS (Proposed),PLD,0.0
2,2019,AOBL-SOS (Proposed),PM,0.0
2,2019,AOBL-SOS (Proposed),PNC,0.0
2,2019,AOBL-SOS (Proposed),PSA,0.0
2,2019,AOBL-SOS (Proposed),QCOM,0.0
2,2019,AOBL-SOS (Proposed),REGN,0.04960654681296588
2,2019,AOBL-SOS (Proposed),ROST,0.0
2,2019,AOBL-SOS (Proposed),RTX,0.0
2,2019,AOBL-SOS (Proposed),SHW,0.09455527830296141
2,2019,AOBL-SOS (Proposed),SLB,0.0
2,2019,AOBL-SOS (Proposed),SNPS,0.0
2,2019,AOBL-SOS (Proposed),SO,0.0
2,2019,AOBL-SOS (Proposed),SPGI,0.0
2,2019,AOBL-SOS (Proposed),SRE,3.337264909863486e-08
2,2019,AOBL-SOS (Proposed),SYK,0.0
2,2019,AOBL-SOS (Proposed),SYY,0.0
2,2019,AOBL-SOS (Proposed),T,0.0
2,2019,AOBL-SOS (Proposed),TEL,0.0
2,2019,AOBL-SOS (Proposed),TGT,0.0
2,2019,AOBL-SOS (Proposed),TJX,0.0
2,2019,AOBL-SOS (Proposed),TMO,0.0
2,2019,AOBL-SOS (Proposed),TSLA,0.040379726654586084
2,2019,AOBL-SOS (Proposed),TXN,0.0
2,2019,AOBL-SOS (Proposed),UNH,0.0
2,2019,AOBL-SOS (Proposed),UNP,0.0
2,2019,AOBL-SOS (Proposed),UPS,0.0
2,2019,AOBL-SOS (Proposed),V,0.0
2,2019,AOBL-SOS (Proposed),VRTX,0.0
2,2019,AOBL-SOS (Proposed),VZ,0.02211163101397666
2,2019,AOBL-SOS (Proposed),WFC,0.0
2,2019,AOBL-SOS (Proposed),WM,0.0
2,2019,AOBL-SOS (Proposed),WMT,0.0
2,2019,AOBL-SOS (Proposed),XOM,0.0
2,2019,SOS (Baseline),AAPL,0.0
2,2019,SOS (Baseline),ABT,0.0
2,2019,SOS (Baseline),ACN,0.0
2,2019,SOS (Baseline),ADBE,0.0
2,2019,SOS (Baseline),ADI,0.0
2,2019,SOS (Baseline),ADSK,0.0
2,2019,SOS (Baseline),AEP,0.0
2,2019,SOS (Baseline),AIG,0.0
2,2019,SOS (Baseline),AMAT,0.0
2,2019,SOS (Baseline),AMD,0.0
2,2019,SOS (Baseline),AMZN,0.016406817772856977
2,2019,SOS (Baseline),AON,0.0
2,2019,SOS (Baseline),APD,0.0
2,2019,SOS (Baseline),AVGO,0.08301994413533666
2,2019,SOS (Baseline),AXP,0.0
2,2019,SOS (Baseline),BA,0.0
2,2019,SOS (Baseline),BAC,0.0
2,2019,SOS (Baseline),BDX,0.0
2,2019,SOS (Baseline),BIIB,0.0
2,2019,SOS (Baseline),BKNG,0.0
2,2019,SOS (Baseline),BLK,0.0
2,2019,SOS (Baseline),BMY,1.972584764823249e-06
2,2019,SOS (Baseline),BSX,0.0
2,2019,SOS (Baseline),C,0.0
2,2019,SOS (Baseline),CB,0.0
2,2019,SOS (Baseline),CDNS,0.0
2,2019,SOS (Baseline),CHTR,0.0
2,2019,SOS (Baseline),CL,0.0
2,2019,SOS (Baseline),CMCSA,3.0414101016213126e-06
2,2019,SOS (Baseline),CME,0.19669160613283293
2,2019,SOS (Baseline),COP,0.0
2,2019,SOS (Baseline),COST,0.0
2,2019,SOS (Baseline),CRM,0.0
2,2019,SOS (Baseline),CSCO,0.0
2,2019,SOS (Baseline),CSX,0.0
2,2019,SOS (Baseline),CTSH,0.0
2,2019,SOS (Baseline),CVS,0.0
2,2019,SOS (Baseline),CVX,0.0
2,2019,SOS (Baseline),D,0.0002572018965499806
2,2019,SOS (Baseline),DE,0.0
2,2019,SOS (Baseline),DHR,0.0
2,2019,SOS (Baseline),DIS,0.0
2,2019,SOS (Baseline),DUK,1.381527825561964e-05
2,2019,SOS (Baseline),EL,0.0
2,2019,SOS (Baseline),EMR,0.0
2,2019,SOS (Baseline),EOG,0.0
2,2019,SOS (Baseline),ETN,0.0
2,2019,SOS (Baseline),EW,0.016439304864448268
2,2019,SOS (Baseline),EXC,0.0
2,2019,SOS (Baseline),F,0.0
2,2019,SOS (Baseline),FISV,0.0
2,2019,SOS (Baseline),GD,0.0
2,2019,SOS (Baseline),GE,0.0
2,2019,SOS (Baseline),GILD,0.0
2,2019,SOS (Baseline),GM,0.0
2,2019,SOS (Baseline),GOOGL,0.0
2,2019,SOS (Baseline),GPN,0.0
2,2019,SOS (Baseline),GS,0.0
2,2019,SOS (Baseline),HD,0.11174239360051952
2,2019,SOS (Baseline),HON,0.0
2,2019,SOS (Baseline),HUM,0.0021458211710479757
2,2019,SOS (Baseline),ICE,2.0410963454767928e-09
2,2019,SOS (Baseline),IDXX,0.0
2,2019,SOS (Baseline),INTC,0.0
2,2019,SOS (Baseline),INTU,0.0016414416089179187
2,2019,SOS (Baseline),ISRG,1.1506583255909676e-05
2,2019,SOS (Baseline),ITW,0.0009718381077445684
2,2019,SOS (Baseline),JNJ,0.0
2,2019,SOS (Baseline),JPM,0.0
2,2019,SOS (Baseline),KLAC,0.0
2,2019,SOS (Baseline),KMB,0.0
2,2019,SOS (Baseline),KMI,0.0
2,2019,SOS (Baseline),KO,0.0
2,2019,SOS (Baseline),LIN,0.0
2,2019,SOS (Baseline),LMT,0.0363600782454565
2,2019,SOS (Baseline),LOW,0.010062693003584488
2,2019,SOS (Baseline),LRCX,0.0
2,2019,SOS (Baseline),MA,1.0102728814963057e-06
2,2019,SOS (Baseline),MAR,0.0
2,2019,SOS (Baseline),MCD,0.0
2,2019,SOS (Baseline),MCHP,0.0
2,2019,SOS (Baseline),MCO,4.908972398735116e-05
2,2019,SOS (Baseline),MDLZ,0.0
2,2019,SOS (Baseline),MDT,1.0068133330764e-07
2,2019,SOS (Baseline),MO,0.0
2,2019,SOS (Baseline),MRK,0.0
2,2019,SOS (Baseline),MSFT,0.0
2,2019,SOS (Baseline),MU,0.0
2,2019,SOS (Baseline),NEE,0.19995690338666397
2,2019,SOS (Baseline),NFLX,0.07601407568298801
2,2019,SOS (Baseline),NKE,0.0
2,2019,SOS (Baseline),NOC,0.0
2,2019,SOS (Baseline),NSC,0.0
2,2019,SOS (Baseline),NVDA,0.0
2,2019,SOS (Baseline),NXPI,0.0
2,2019,SOS (Baseline),ORCL,5.463692073382374e-05
2,2019,SOS (Baseline),ORLY,0.0
2,2019,SOS (Baseline),PEP,0.0
2,2019,SOS (Baseline),PFE,0.0
2,2019,SOS (Baseline),PG,0.0
2,2019,SOS (Baseline),PH,0.0
2,2019,SOS (Baseline),PLD,0.0
2,2019,SOS (Baseline),PM,0.0
2,2019,SOS (Baseline),PNC,0.0
2,2019,SOS (Baseline),PSA,0.0
2,2019,SOS (Baseline),QCOM,0.0
2,2019,SOS (Baseline),REGN,0.013635637905750852
2,2019,SOS (Baseline),ROST,0.0
2,2019,SOS (Baseline),RTX,0.0
2,2019,SOS (Baseline),SHW,0.0
2,2019,SOS (Baseline),SLB,0.0
2,2019,SOS (Baseline),SNPS,0.0
2,2019,SOS (Baseline),SO,0.0
2,2019,SOS (Baseline),SPGI,0.0
2,2019,SOS (Baseline),SRE,0.0
2,2019,SOS (Baseline),SYK,0.0
2,2019,SOS (Baseline),SYY,0.0
2,2019,SOS (Baseline),T,0.0
2,2019,SOS (Baseline),TEL,0.0
2,2019,SOS (Baseline),TGT,0.0
2,2019,SOS (Baseline),TJX,0.0
2,2019,SOS (Baseline),TMO,0.0
2,2019,SOS (Baseline),TSLA,0.021250520688988278
2,2019,SOS (Baseline),TXN,0.0
2,2019,SOS (Baseline),UNH,0.10246472679224736
2,2019,SOS (Baseline),UNP,0.0
2,2019,SOS (Baseline),UPS,0.0
2,2019,SOS (Baseline),V,0.0
2,2019,SOS (Baseline),VRTX,0.0
2,2019,SOS (Baseline),VZ,0.0026334378231213504
2,2019,SOS (Baseline),WFC,0.0001792678285765832
2,2019,SOS (Baseline),WM,0.10799111385595764
2,2019,SOS (Baseline),WMT,0.0
2,2019,SOS (Baseline),XOM,0.0
2,2019,GA,AAPL,0.0
2,2019,GA,ABT,0.0
2,2019,GA,ACN,0.0
2,2019,GA,ADBE,0.0
2,2019,GA,ADI,0.0
2,2019,GA,ADSK,0.0
2,2019,GA,AEP,0.0
2,2019,GA,AIG,0.0
2,2019,GA,AMAT,0.0
2,2019,GA,AMD,0.0
2,2019,GA,AMZN,0.0
2,2019,GA,AON,0.0
2,2019,GA,APD,0.0
2,2019,GA,AVGO,0.0
2,2019,GA,AXP,0.0
2,2019,GA,BA,0.0
2,2019,GA,BAC,0.0
2,2019,GA,BDX,0.0
2,2019,GA,BIIB,0.0
2,2019,GA,BKNG,0.0
2,2019,GA,BLK,0.0
2,2019,GA,BMY,0.0
2,2019,GA,BSX,0.013159393667978352
2,2019,GA,C,0.0
2,2019,GA,CB,0.0
2,2019,GA,CDNS,0.0
2,2019,GA,CHTR,0.0
2,2019,GA,CL,0.027179328064449306
2,2019,GA,CMCSA,0.0
2,2019,GA,CME,0.06503125541182238
2,2019,GA,COP,0.0
2,2019,GA,COST,0.0
2,2019,GA,CRM,0.019359268250922868
2,2019,GA,CSCO,0.0
2,2019,GA,CSX,0.0
2,2019,GA,CTSH,0.0
2,2019,GA,CVS,0.0
2,2019,GA,CVX,0.0
2,2019,GA,D,0.0
2,2019,GA,DE,0.0
2,2019,GA,DHR,0.014280088873475535
2,2019,GA,DIS,0.0
2,2019,GA,DUK,0.015591841439424879
2,2019,GA,EL,0.0
2,2019,GA,EMR,0.0
2,2019,GA,EOG,0.0
2,2019,GA,ETN,0.0
2,2019,GA,EW,0.0
2,2019,GA,EXC,0.0
2,2019,GA,F,0.0
2,2019,GA,FISV,0.015534840148298867
2,2019,GA,GD,0.0
2,2019,GA,GE,0.0
2,2019,GA,GILD,0.0
2,2019,GA,GM,0.0
2,2019,GA,GOOGL,0.03161605343009283
2,2019,GA,GPN,0.0
2,2019,GA,GS,0.0
2,2019,GA,HD,0.027309767397240232
2,2019,GA,HON,0.0
2,2019,GA,HUM,0.0
2,2019,GA,ICE,0.0
2,2019,GA,IDXX,0.0
2,2019,GA,INTC,0.012981547668408202
2,2019,GA,INTU,0.013686563142099734
2,2019,GA,ISRG,0.0
2,2019,GA,ITW,0.0
2,2019,GA,JNJ,0.0
2,2019,GA,JPM,0.0
2,2019,GA,KLAC,0.0
2,2019,GA,KMB,0.0
2,2019,GA,KMI,0.0
2,2019,GA,KO,0.017026220979944908
2,2019,GA,LIN,0.0
2,2019,GA,LMT,0.0
2,2019,GA,LOW,0.0
2,2019,GA,LRCX,0.0
2,2019,GA,MA,0.0
2,2019,GA,MAR,0.0
2,2019,GA,MCD,0.05410837530941166
2,2019,GA,MCHP,0.0
2,2019,GA,MCO,0.03959371964146647
2,2019,GA,MDLZ,0.0
2,2019,GA,MDT,0.0
2,2019,GA,MO,0.0
2,2019,GA,MRK,0.014518508579279688
2,2019,GA,MSFT,0.0
2,2019,GA,MU,0.0
2,2019,GA,NEE,0.019736372948859982
2,2019,GA,NFLX,0.059326397324129865
2,2019,GA,NKE,0.0
2,2019,GA,NOC,0.0
2,2019,GA,NSC,0.0
2,2019,GA,NVDA,0.02780862183816935
2,2019,GA,NXPI,0.0
2,2019,GA,ORCL,0.0
2,2019,GA,ORLY,0.03924701989008004
2,2019,GA,PEP,0.0
2,2019,GA,PFE,0.0
2,2019,GA,PG,0.0
2,2019,GA,PH,0.0
2,2019,GA,PLD,0.0
2,2019,GA,PM,0.0
2,2019,GA,PNC,0.0
2,2019,GA,PSA,0.0
2,2019,GA,QCOM,0.0
2,2019,GA,REGN,0.023305866451143315
2,2019,GA,ROST,0.06829751053494326
2,2019,GA,RTX,0.0
2,2019,GA,SHW,0.054287414215250296
2,2019,GA,SLB,0.0
2,2019,GA,SNPS,0.0
2,2019,GA,SO,0.0
2,2019,GA,SPGI,0.0
2,2019,GA,SRE,0.07738933216215375
2,2019,GA,SYK,0.03438733038065114
2,2019,GA,SYY,0.0
2,2019,GA,T,0.0
2,2019,GA,TEL,0.0
2,2019,GA,TGT,0.0
2,2019,GA,TJX,0.0
2,2019,GA,TMO,0.0421076348308046
2,2019,GA,TSLA,0.06579917070850547
2,2019,GA,TXN,0.0
2,2019,GA,UNH,0.0382358996482469
2,2019,GA,UNP,0.0
2,2019,GA,UPS,0.015536426491581755
2,2019,GA,V,0.0
2,2019,GA,VRTX,0.0
2,2019,GA,VZ,0.0
2,2019,GA,WFC,0.0
2,2019,GA,WM,0.0360812671140771
2,2019,GA,WMT,0.017476963457087182
2,2019,GA,XOM,0.0
2,2019,PSO,AAPL,0.0
2,2019,PSO,ABT,0.0
2,2019,PSO,ACN,0.0
2,2019,PSO,ADBE,0.03130815328031079
2,2019,PSO,ADI,0.0
2,2019,PSO,ADSK,0.0
2,2019,PSO,AEP,0.04414719606346024
2,2019,PSO,AIG,0.0
2,2019,PSO,AMAT,0.0
2,2019,PSO,AMD,0.0
2,2019,PSO,AMZN,0.0
2,2019,PSO,AON,0.0
2,2019,PSO,APD,0.0
2,2019,PSO,AVGO,0.0
2,2019,PSO,AXP,0.0
2,2019,PSO,BA,0.0
2,2019,PSO,BAC,0.0
2,2019,PSO,BDX,0.0
2,2019,PSO,BIIB,0.0
2,2019,PSO,BKNG,0.0
2,2019,PSO,BLK,0.0
2,2019,PSO,BMY,0.0
2,2019,PSO,BSX,0.05058231063064264
2,2019,PSO,C,0.0
2,2019,PSO,CB,0.0
2,2019,PSO,CDNS,0.0
2,2019,PSO,CHTR,0.0
2,2019,PSO,CL,0.0
2,2019,PSO,CMCSA,0.0
2,2019,PSO,CME,0.2
2,2019,PSO,COP,0.0
2,2019,PSO,COST,0.0
2,2019,PSO,CRM,0.0
2,2019,PSO,CSCO,0.0
2,2019,PSO,CSX,0.0
2,2019,PSO,CTSH,0.0
2,2019,PSO,CVS,0.0
2,2019,PSO,CVX,0.0
2,2019,PSO,D,0.0
2,2019,PSO,DE,0.0
2,2019,PSO,DHR,0.0
2,2019,PSO,DIS,0.0
2,2019,PSO,DUK,0.0
2,2019,PSO,EL,0.0
2,2019,PSO,EMR,0.0
2,2019,PSO,EOG,0.0
2,2019,PSO,ETN,0.0
2,2019,PSO,EW,0.0
2,2019,PSO,EXC,0.0
2,2019,PSO,F,0.0
2,2019,PSO,FISV,0.0
2,2019,PSO,GD,0.0
2,2019,PSO,GE,0.0
2,2019,PSO,GILD,0.0
2,2019,PSO,GM,0.0
2,2019,PSO,GOOGL,0.0
2,2019,PSO,GPN,0.0
2,2019,PSO,GS,0.0
2,2019,PSO,HD,0.0
2,2019,PSO,HON,0.0
2,2019,PSO,HUM,0.0
2,2019,PSO,ICE,0.0
2,2019,PSO,IDXX,0.0
2,2019,PSO,INTC,0.0
2,2019,PSO,INTU,0.0
2,2019,PSO,ISRG,0.0
2,2019,PSO,ITW,0.0
2,2019,PSO,JNJ,0.0
2,2019,PSO,JPM,0.0
2,2019,PSO,KLAC,0.0
2,2019,PSO,KMB,0.0
2,2019,PSO,KMI,0.0
2,2019,PSO,KO,0.0
2,2019,PSO,LIN,0.0
2,2019,PSO,LMT,0.0
2,2019,PSO,LOW,0.0
2,2019,PSO,LRCX,0.0
2,2019,PSO,MA,0.0
2,2019,PSO,MAR,0.0
2,2019,PSO,MCD,0.0
2,2019,PSO,MCHP,0.0
2,2019,PSO,MCO,0.0
2,2019,PSO,MDLZ,0.0
2,2019,PSO,MDT,0.0
2,2019,PSO,MO,0.0
2,2019,PSO,MRK,0.0
2,2019,PSO,MSFT,0.0
2,2019,PSO,MU,0.0
2,2019,PSO,NEE,0.2
2,2019,PSO,NFLX,0.0759110875150965
2,2019,PSO,NKE,0.0
2,2019,PSO,NOC,0.0977196889875502
2,2019,PSO,NSC,0.0
2,2019,PSO,NVDA,0.04030681397498819
2,2019,PSO,NXPI,0.0
2,2019,PSO,ORCL,0.0
2,2019,PSO,ORLY,0.0
2,2019,PSO,PEP,0.0
2,2019,PSO,PFE,0.0
2,2019,PSO,PG,0.0
2,2019,PSO,PH,0.0
2,2019,PSO,PLD,0.0
2,2019,PSO,PM,0.0
2,2019,PSO,PNC,0.0
2,2019,PSO,PSA,0.0
2,2019,PSO,QCOM,0.0
2,2019,PSO,REGN,0.0
2,2019,PSO,ROST,0.0
2,2019,PSO,RTX,0.0
2,2019,PSO,SHW,0.0
2,2019,PSO,SLB,0.0
2,2019,PSO,SNPS,0.0
2,2019,PSO,SO,0.0
2,2019,PSO,SPGI,0.0
2,2019,PSO,SRE,0.0
2,2019,PSO,SYK,0.0
2,2019,PSO,SYY,0.0
2,2019,PSO,T,0.0
2,2019,PSO,TEL,0.0
2,2019,PSO,TGT,0.0
2,2019,PSO,TJX,0.0
2,2019,PSO,TMO,0.0
2,2019,PSO,TSLA,0.045144661074626925
2,2019,PSO,TXN,0.0
2,2019,PSO,UNH,0.10408942235234216
2,2019,PSO,UNP,0.0
2,2019,PSO,UPS,0.0
2,2019,PSO,V,0.0
2,2019,PSO,VRTX,0.0
2,2019,PSO,VZ,0.0
2,2019,PSO,WFC,0.0
2,2019,PSO,WM,0.11079066612098233
2,2019,PSO,WMT,0.0
2,2019,PSO,XOM,0.0
2,2019,DE,AAPL,0.0
2,2019,DE,ABT,0.014791581835096016
2,2019,DE,ACN,0.0
2,2019,DE,ADBE,0.0
2,2019,DE,ADI,0.0
2,2019,DE,ADSK,0.0
2,2019,DE,AEP,0.0222643185725975
2,2019,DE,AIG,0.0
2,2019,DE,AMAT,0.0
2,2019,DE,AMD,0.0
2,2019,DE,AMZN,0.022784638086325547
2,2019,DE,AON,0.0
2,2019,DE,APD,0.0
2,2019,DE,AVGO,0.05198750680862533
2,2019,DE,AXP,0.0
2,2019,DE,BA,0.0015557312620724287
2,2019,DE,BAC,0.0
2,2019,DE,BDX,0.0
2,2019,DE,BIIB,0.0
2,2019,DE,BKNG,0.0
2,2019,DE,BLK,0.0
2,2019,DE,BMY,0.0
2,2019,DE,BSX,0.0
2,2019,DE,C,0.0
2,2019,DE,CB,0.0
2,2019,DE,CDNS,0.011617489717698786
2,2019,DE,CHTR,0.01865073500068081
2,2019,DE,CL,0.0
2,2019,DE,CMCSA,0.0
2,2019,DE,CME,0.14047274702750062
2,2019,DE,COP,0.0
2,2019,DE,COST,0.0
2,2019,DE,CRM,0.0
2,2019,DE,CSCO,0.0
2,2019,DE,CSX,0.0
2,2019,DE,CTSH,0.0
2,2019,DE,CVS,0.0
2,2019,DE,CVX,0.0
2,2019,DE,D,0.0
2,2019,DE,DE,0.0
2,2019,DE,DHR,0.005511770173922968
2,2019,DE,DIS,0.0
2,2019,DE,DUK,0.008308890611414935
2,2019,DE,EL,0.0
2,2019,DE,EMR,0.0
2,2019,DE,EOG,0.0
2,2019,DE,ETN,0.0
2,2019,DE,EW,0.019154362312781163
2,2019,DE,EXC,0.010789954720051403
2,2019,DE,F,0.0
2,2019,DE,FISV,0.026908665701610913
2,2019,DE,GD,0.0
2,2019,DE,GE,0.0
2,2019,DE,GILD,0.0
2,2019,DE,GM,0.0
2,2019,DE,GOOGL,0.0
2,2019,DE,GPN,0.0
2,2019,DE,GS,0.0
2,2019,DE,HD,0.0091360377709266
2,2019,DE,HON,0.0
2,2019,DE,HUM,0.005907318793700808
2,2019,DE,ICE,0.0007410176174043934
2,2019,DE,IDXX,0.00394308619724091
2,2019,DE,INTC,0.0
2,2019,DE,INTU,0.0
2,2019,DE,ISRG,0.0
2,2019,DE,ITW,0.0
2,2019,DE,JNJ,0.0
2,2019,DE,JPM,0.0
2,2019,DE,KLAC,0.0
2,2019,DE,KMB,0.0
2,2019,DE,KMI,0.0
2,2019,DE,KO,0.0
2,2019,DE,LIN,0.0
2,2019,DE,LMT,0.0
2,2019,DE,LOW,0.0
2,2019,DE,LRCX,0.0
2,2019,DE,MA,0.0
2,2019,DE,MAR,0.0
2,2019,DE,MCD,0.00770735982845619
2,2019,DE,MCHP,0.0008807181618037209
2,2019,DE,MCO,0.0
2,2019,DE,MDLZ,0.0
2,2019,DE,MDT,0.0
2,2019,DE,MO,0.0
2,2019,DE,MRK,0.0
2,2019,DE,MSFT,0.0
2,2019,DE,MU,0.0
2,2019,DE,NEE,0.20000000000000007
2,2019,DE,NFLX,0.06102109602790448
2,2019,DE,NKE,0.0
2,2019,DE,NOC,0.1300450194228636
2,2019,DE,NSC,0.0
2,2019,DE,NVDA,0.0
2,2019,DE,NXPI,0.0
2,2019,DE,ORCL,0.0
2,2019,DE,ORLY,0.06611410944188062
2,2019,DE,PEP,0.012050544312259832
2,2019,DE,PFE,0.0
2,2019,DE,PG,0.0
2,2019,DE,PH,0.0
2,2019,DE,PLD,0.0
2,2019,DE,PM,0.0
2,2019,DE,PNC,0.0
2,2019,DE,PSA,0.0
2,2019,DE,QCOM,0.0
2,2019,DE,REGN,0.025612081708863362
2,2019,DE,ROST,0.0
2,2019,DE,RTX,0.0
2,2019,DE,SHW,0.0
2,2019,DE,SLB,0.0
2,2019,DE,SNPS,0.008463150986279248
2,2019,DE,SO,0.0
2,2019,DE,SPGI,0.0
2,2019,DE,SRE,0.0
2,2019,DE,SYK,0.0
2,2019,DE,SYY,0.0010046998215112366
2,2019,DE,T,0.0
2,2019,DE,TEL,0.0
2,2019,DE,TGT,0.0
2,2019,DE,TJX,0.0
2,2019,DE,TMO,0.0
2,2019,DE,TSLA,0.03714518516584687
2,2019,DE,TXN,0.0
2,2019,DE,UNH,0.0742148642812155
2,2019,DE,UNP,0.0
2,2019,DE,UPS,0.0
2,2019,DE,V,0.0
2,2019,DE,VRTX,0.0012153186314642862
2,2019,DE,VZ,0.0
2,2019,DE,WFC,0.0
2,2019,DE,WM,0.0
2,2019,DE,WMT,0.0
2,2019,DE,XOM,0.0
2,2019,Ledoit-Wolf,AAPL,0.0
2,2019,Ledoit-Wolf,ABT,0.0
2,2019,Ledoit-Wolf,ACN,0.0
2,2019,Ledoit-Wolf,ADBE,0.010014072464779375
2,2019,Ledoit-Wolf,ADI,0.0
2,2019,Ledoit-Wolf,ADSK,0.0
2,2019,Ledoit-Wolf,AEP,0.0
2,2019,Ledoit-Wolf,AIG,0.0
2,2019,Ledoit-Wolf,AMAT,0.0
2,2019,Ledoit-Wolf,AMD,0.0
2,2019,Ledoit-Wolf,AMZN,0.025678567933497425
2,2019,Ledoit-Wolf,AON,1.0909301379775421e-14
2,2019,Ledoit-Wolf,APD,0.0
2,2019,Ledoit-Wolf,AVGO,0.04644944578960235
2,2019,Ledoit-Wolf,AXP,0.0
2,2019,Ledoit-Wolf,BA,0.0
2,2019,Ledoit-Wolf,BAC,0.0
2,2019,Ledoit-Wolf,BDX,4.413688827332134e-15
2,2019,Ledoit-Wolf,BIIB,0.0
2,2019,Ledoit-Wolf,BKNG,0.0
2,2019,Ledoit-Wolf,BLK,0.0
2,2019,Ledoit-Wolf,BMY,0.0
2,2019,Ledoit-Wolf,BSX,0.03701689479244923
2,2019,Ledoit-Wolf,C,0.0
2,2019,Ledoit-Wolf,CB,0.0
2,2019,Ledoit-Wolf,CDNS,0.0
2,2019,Ledoit-Wolf,CHTR,0.04294787032955142
2,2019,Ledoit-Wolf,CL,0.0
2,2019,Ledoit-Wolf,CMCSA,0.0
2,2019,Ledoit-Wolf,CME,0.178448964308045
2,2019,Ledoit-Wolf,COP,0.0
2,2019,Ledoit-Wolf,COST,0.0
2,2019,Ledoit-Wolf,CRM,0.0
2,2019,Ledoit-Wolf,CSCO,0.0
2,2019,Ledoit-Wolf,CSX,0.0
2,2019,Ledoit-Wolf,CTSH,0.0
2,2019,Ledoit-Wolf,CVS,0.0
2,2019,Ledoit-Wolf,CVX,0.0
2,2019,Ledoit-Wolf,D,0.0
2,2019,Ledoit-Wolf,DE,0.0
2,2019,Ledoit-Wolf,DHR,0.0
2,2019,Ledoit-Wolf,DIS,0.0
2,2019,Ledoit-Wolf,DUK,0.0
2,2019,Ledoit-Wolf,EL,0.0
2,2019,Ledoit-Wolf,EMR,0.0
2,2019,Ledoit-Wolf,EOG,0.0
2,2019,Ledoit-Wolf,ETN,0.0
2,2019,Ledoit-Wolf,EW,0.0
2,2019,Ledoit-Wolf,EXC,0.0
2,2019,Ledoit-Wolf,F,0.0
2,2019,Ledoit-Wolf,FISV,0.0069338119833098795
2,2019,Ledoit-Wolf,GD,0.0
2,2019,Ledoit-Wolf,GE,0.0
2,2019,Ledoit-Wolf,GILD,0.0
2,2019,Ledoit-Wolf,GM,0.0
2,2019,Ledoit-Wolf,GOOGL,0.0
2,2019,Ledoit-Wolf,GPN,0.0
2,2019,Ledoit-Wolf,GS,0.0
2,2019,Ledoit-Wolf,HD,0.04187660563300871
2,2019,Ledoit-Wolf,HON,0.0
2,2019,Ledoit-Wolf,HUM,0.0
2,2019,Ledoit-Wolf,ICE,0.0
2,2019,Ledoit-Wolf,IDXX,0.0
2,2019,Ledoit-Wolf,INTC,0.0
2,2019,Ledoit-Wolf,INTU,2.491049798072782e-14
2,2019,Ledoit-Wolf,ISRG,0.0
2,2019,Ledoit-Wolf,ITW,0.0
2,2019,Ledoit-Wolf,JNJ,0.0
2,2019,Ledoit-Wolf,JPM,0.0
2,2019,Ledoit-Wolf,KLAC,0.0
2,2019,Ledoit-Wolf,KMB,0.0
2,2019,Ledoit-Wolf,KMI,0.0
2,2019,Ledoit-Wolf,KO,0.0
2,2019,Ledoit-Wolf,LIN,0.0
2,2019,Ledoit-Wolf,LMT,0.04732056180025285
2,2019,Ledoit-Wolf,LOW,0.0
2,2019,Ledoit-Wolf,LRCX,0.0
2,2019,Ledoit-Wolf,MA,1.603385366527702e-14
2,2019,Ledoit-Wolf,MAR,2.0815569360288694e-14
2,2019,Ledoit-Wolf,MCD,0.0
2,2019,Ledoit-Wolf,MCHP,0.0
2,2019,Ledoit-Wolf,MCO,2.7707354468047384e-14
2,2019,Ledoit-Wolf,MDLZ,0.0
2,2019,Ledoit-Wolf,MDT,0.0
2,2019,Ledoit-Wolf,MO,0.0
2,2019,Ledoit-Wolf,MRK,0.0
2,2019,Ledoit-Wolf,MSFT,2.6482765259188826e-14
2,2019,Ledoit-Wolf,MU,0.0
2,2019,Ledoit-Wolf,NEE,0.19999999999995918
2,2019,Ledoit-Wolf,NFLX,0.07010602129220551
2,2019,Ledoit-Wolf,NKE,0.0
2,2019,Ledoit-Wolf,NOC,0.05206209646560146
2,2019,Ledoit-Wolf,NSC,0.0
2,2019,Ledoit-Wolf,NVDA,0.0335465800698282
2,2019,Ledoit-Wolf,NXPI,0.0
2,2019,Ledoit-Wolf,ORCL,0.0
2,2019,Ledoit-Wolf,ORLY,0.0
2,2019,Ledoit-Wolf,PEP,0.0
2,2019,Ledoit-Wolf,PFE,0.0
2,2019,Ledoit-Wolf,PG,0.0
2,2019,Ledoit-Wolf,PH,0.0
2,2019,Ledoit-Wolf,PLD,0.0
2,2019,Ledoit-Wolf,PM,0.0
2,2019,Ledoit-Wolf,PNC,0.0
2,2019,Ledoit-Wolf,PSA,0.0
2,2019,Ledoit-Wolf,QCOM,0.0
2,2019,Ledoit-Wolf,REGN,0.0
2,2019,Ledoit-Wolf,ROST,0.0
2,2019,Ledoit-Wolf,RTX,0.0
2,2019,Ledoit-Wolf,SHW,0.02209721840585314
2,2019,Ledoit-Wolf,SLB,0.0
2,2019,Ledoit-Wolf,SNPS,0.0
2,2019,Ledoit-Wolf,SO,0.0
2,2019,Ledoit-Wolf,SPGI,7.832870826786075e-15
2,2019,Ledoit-Wolf,SRE,0.0
2,2019,Ledoit-Wolf,SYK,2.877076738180188e-14
2,2019,Ledoit-Wolf,SYY,0.0
2,2019,Ledoit-Wolf,T,0.0
2,2019,Ledoit-Wolf,TEL,0.0
2,2019,Ledoit-Wolf,TGT,0.0
2,2019,Ledoit-Wolf,TJX,0.0
2,2019,Ledoit-Wolf,TMO,0.0
2,2019,Ledoit-Wolf,TSLA,0.03631604426298174
2,2019,Ledoit-Wolf,TXN,0.0
2,2019,Ledoit-Wolf,UNH,0.09185759556499765
2,2019,Ledoit-Wolf,UNP,0.0
2,2019,Ledoit-Wolf,UPS,0.0
2,2019,Ledoit-Wolf,V,1.477845871394784e-17
2,2019,Ledoit-Wolf,VRTX,0.0
2,2019,Ledoit-Wolf,VZ,0.0
2,2019,Ledoit-Wolf,WFC,0.0
2,2019,Ledoit-Wolf,WM,0.057327648903909026
2,2019,Ledoit-Wolf,WMT,0.0
2,2019,Ledoit-Wolf,XOM,0.0
2,2019,Max Sharpe,AAPL,0.0
2,2019,Max Sharpe,ABT,0.0
2,2019,Max Sharpe,ACN,0.0
2,2019,Max Sharpe,ADBE,0.009613402276092227
2,2019,Max Sharpe,ADI,0.0
2,2019,Max Sharpe,ADSK,0.0
2,2019,Max Sharpe,AEP,0.0
2,2019,Max Sharpe,AIG,0.0
2,2019,Max Sharpe,AMAT,0.0
2,2019,Max Sharpe,AMD,0.0
2,2019,Max Sharpe,AMZN,0.025579098485020917
2,2019,Max Sharpe,AON,8.860197997755135e-17
2,2019,Max Sharpe,APD,0.0
2,2019,Max Sharpe,AVGO,0.046313044746821026
2,2019,Max Sharpe,AXP,0.0
2,2019,Max Sharpe,BA,7.880595659559023e-18
2,2019,Max Sharpe,BAC,0.0
2,2019,Max Sharpe,BDX,3.182772018511298e-17
2,2019,Max Sharpe,BIIB,0.0
2,2019,Max Sharpe,BKNG,0.0
2,2019,Max Sharpe,BLK,0.0
2,2019,Max Sharpe,BMY,0.0
2,2019,Max Sharpe,BSX,0.03664972763922538
2,2019,Max Sharpe,C,0.0
2,2019,Max Sharpe,CB,0.0
2,2019,Max Sharpe,CDNS,0.0
2,2019,Max Sharpe,CHTR,0.04281412583544913
2,2019,Max Sharpe,CL,0.0
2,2019,Max Sharpe,CMCSA,0.0
2,2019,Max Sharpe,CME,0.1809664914227057
2,2019,Max Sharpe,COP,0.0
2,2019,Max Sharpe,COST,0.0
2,2019,Max Sharpe,CRM,0.0
2,2019,Max Sharpe,CSCO,0.0
2,2019,Max Sharpe,CSX,0.0
2,2019,Max Sharpe,CTSH,0.0
2,2019,Max Sharpe,CVS,0.0
2,2019,Max Sharpe,CVX,0.0
2,2019,Max Sharpe,D,0.0
2,2019,Max Sharpe,DE,0.0
2,2019,Max Sharpe,DHR,0.0
2,2019,Max Sharpe,DIS,0.0
2,2019,Max Sharpe,DUK,0.0
2,2019,Max Sharpe,EL,0.0
2,2019,Max Sharpe,EMR,0.0
2,2019,Max Sharpe,EOG,0.0
2,2019,Max Sharpe,ETN,0.0
2,2019,Max Sharpe,EW,0.0
2,2019,Max Sharpe,EXC,0.0
2,2019,Max Sharpe,F,0.0
2,2019,Max Sharpe,FISV,0.004727064282715244
2,2019,Max Sharpe,GD,0.0
2,2019,Max Sharpe,GE,0.0
2,2019,Max Sharpe,GILD,0.0
2,2019,Max Sharpe,GM,0.0
2,2019,Max Sharpe,GOOGL,0.0
2,2019,Max Sharpe,GPN,0.0
2,2019,Max Sharpe,GS,0.0
2,2019,Max Sharpe,HD,0.04196291407675028
2,2019,Max Sharpe,HON,0.0
2,2019,Max Sharpe,HUM,0.0
2,2019,Max Sharpe,ICE,0.0
2,2019,Max Sharpe,IDXX,1.4091946259881228e-17
2,2019,Max Sharpe,INTC,0.0
2,2019,Max Sharpe,INTU,1.0820673474109539e-16
2,2019,Max Sharpe,ISRG,0.0
2,2019,Max Sharpe,ITW,0.0
2,2019,Max Sharpe,JNJ,0.0
2,2019,Max Sharpe,JPM,0.0
2,2019,Max Sharpe,KLAC,0.0
2,2019,Max Sharpe,KMB,0.0
2,2019,Max Sharpe,KMI,0.0
2,2019,Max Sharpe,KO,0.0
2,2019,Max Sharpe,LIN,0.0
2,2019,Max Sharpe,LMT,0.0471605641683678
2,2019,Max Sharpe,LOW,0.0
2,2019,Max Sharpe,LRCX,0.0
2,2019,Max Sharpe,MA,1.3555031962942435e-16
2,2019,Max Sharpe,MAR,8.544102047436801e-17
2,2019,Max Sharpe,MCD,0.0
2,2019,Max Sharpe,MCHP,0.0
2,2019,Max Sharpe,MCO,6.680083047555101e-17
2,2019,Max Sharpe,MDLZ,0.0
2,2019,Max Sharpe,MDT,0.0
2,2019,Max Sharpe,MO,0.0
2,2019,Max Sharpe,MRK,0.0
2,2019,Max Sharpe,MSFT,8.788053467849297e-17
2,2019,Max Sharpe,MU,0.0
2,2019,Max Sharpe,NEE,0.19999999999999976
2,2019,Max Sharpe,NFLX,0.06982503101225145
2,2019,Max Sharpe,NKE,0.0
2,2019,Max Sharpe,NOC,0.05212331709107026
2,2019,Max Sharpe,NSC,0.0
2,2019,Max Sharpe,NVDA,0.03335356121718502
2,2019,Max Sharpe,NXPI,0.0
2,2019,Max Sharpe,ORCL,0.0
2,2019,Max Sharpe,ORLY,0.0
2,2019,Max Sharpe,PEP,0.0
2,2019,Max Sharpe,PFE,0.0
2,2019,Max Sharpe,PG,0.0
2,2019,Max Sharpe,PH,0.0
2,2019,Max Sharpe,PLD,0.0
2,2019,Max Sharpe,PM,0.0
2,2019,Max Sharpe,PNC,0.0
2,2019,Max Sharpe,PSA,0.0
2,2019,Max Sharpe,QCOM,0.0
2,2019,Max Sharpe,REGN,0.0
2,2019,Max Sharpe,ROST,0.0
2,2019,Max Sharpe,RTX,0.0
2,2019,Max Sharpe,SHW,0.021571355374316398
2,2019,Max Sharpe,SLB,0.0
2,2019,Max Sharpe,SNPS,0.0
2,2019,Max Sharpe,SO,0.0
2,2019,Max Sharpe,SPGI,5.3656194471228976e-17
2,2019,Max Sharpe,SRE,0.0
2,2019,Max Sharpe,SYK,1.0970989201770508e-16
2,2019,Max Sharpe,SYY,0.0
2,2019,Max Sharpe,T,0.0
2,2019,Max Sharpe,TEL,0.0
2,2019,Max Sharpe,TGT,0.0
2,2019,Max Sharpe,TJX,0.0
2,2019,Max Sharpe,TMO,1.7396833240635388e-17
2,2019,Max Sharpe,TSLA,0.03609318693670215
2,2019,Max Sharpe,TXN,0.0
2,2019,Max Sharpe,UNH,0.09267963574655148
2,2019,Max Sharpe,UNP,0.0
2,2019,Max Sharpe,UPS,0.0
2,2019,Max Sharpe,V,8.35965203886312e-18
2,2019,Max Sharpe,VRTX,0.0
2,2019,Max Sharpe,VZ,0.0
2,2019,Max Sharpe,WFC,0.0
2,2019,Max Sharpe,WM,0.05856747968877493
2,2019,Max Sharpe,WMT,0.0
2,2019,Max Sharpe,XOM,0.0
2,2019,Min Variance,AAPL,0.0
2,2019,Min Variance,ABT,0.0
2,2019,Min Variance,ACN,0.0
2,2019,Min Variance,ADBE,0.0
2,2019,Min Variance,ADI,0.0
2,2019,Min Variance,ADSK,0.0
2,2019,Min Variance,AEP,1.3496743266858901e-18
2,2019,Min Variance,AIG,0.0
2,2019,Min Variance,AMAT,0.0
2,2019,Min Variance,AMD,0.0
2,2019,Min Variance,AMZN,0.0
2,2019,Min Variance,AON,0.00015229093797696953
2,2019,Min Variance,APD,0.0
2,2019,Min Variance,AVGO,0.0
2,2019,Min Variance,AXP,0.0
2,2019,Min Variance,BA,0.0
2,2019,Min Variance,BAC,0.0
2,2019,Min Variance,BDX,0.03554793678695312
2,2019,Min Variance,BIIB,0.0
2,2019,Min Variance,BKNG,0.0
2,2019,Min Variance,BLK,0.0
2,2019,Min Variance,BMY,0.0
2,2019,Min Variance,BSX,0.0
2,2019,Min Variance,C,0.0
2,2019,Min Variance,CB,1.408215751514407e-18
2,2019,Min Variance,CDNS,0.0
2,2019,Min Variance,CHTR,0.0
2,2019,Min Variance,CL,0.0
2,2019,Min Variance,CMCSA,0.0
2,2019,Min Variance,CME,0.0
2,2019,Min Variance,COP,0.0
2,2019,Min Variance,COST,0.021214039960910012
2,2019,Min Variance,CRM,0.0
2,2019,Min Variance,CSCO,0.0
2,2019,Min Variance,CSX,0.0
2,2019,Min Variance,CTSH,0.0
2,2019,Min Variance,CVS,0.0
2,2019,Min Variance,CVX,0.0
2,2019,Min Variance,D,0.020726177274446398
2,2019,Min Variance,DE,0.0
2,2019,Min Variance,DHR,0.0
2,2019,Min Variance,DIS,0.0
2,2019,Min Variance,DUK,0.06430871258051978
2,2019,Min Variance,EL,0.0
2,2019,Min Variance,EMR,0.0
2,2019,Min Variance,EOG,0.0
2,2019,Min Variance,ETN,0.0
2,2019,Min Variance,EW,0.0
2,2019,Min Variance,EXC,0.0
2,2019,Min Variance,F,0.0
2,2019,Min Variance,FISV,0.0
2,2019,Min Variance,GD,0.0
2,2019,Min Variance,GE,0.0
2,2019,Min Variance,GILD,0.0
2,2019,Min Variance,GM,0.0
2,2019,Min Variance,GOOGL,0.0
2,2019,Min Variance,GPN,0.0
2,2019,Min Variance,GS,0.0
2,2019,Min Variance,HD,0.0
2,2019,Min Variance,HON,2.0448578199807607e-19
2,2019,Min Variance,HUM,0.0
2,2019,Min Variance,ICE,0.0
2,2019,Min Variance,IDXX,0.0
2,2019,Min Variance,INTC,0.0
2,2019,Min Variance,INTU,0.0
2,2019,Min Variance,ISRG,0.0
2,2019,Min Variance,ITW,0.0
2,2019,Min Variance,JNJ,0.02125204931117994
2,2019,Min Variance,JPM,0.0
2,2019,Min Variance,KLAC,0.0
2,2019,Min Variance,KMB,0.0
2,2019,Min Variance,KMI,0.0
2,2019,Min Variance,KO,0.043108311902377745
2,2019,Min Variance,LIN,0.044741729874043595
2,2019,Min Variance,LMT,0.05877046663259027
2,2019,Min Variance,LOW,0.0
2,2019,Min Variance,LRCX,0.0
2,2019,Min Variance,MA,0.0
2,2019,Min Variance,MAR,0.0
2,2019,Min Variance,MCD,0.1277469519314566
2,2019,Min Variance,MCHP,0.0
2,2019,Min Variance,MCO,0.0
2,2019,Min Variance,MDLZ,0.0
2,2019,Min Variance,MDT,0.0
2,2019,Min Variance,MO,9.43098512003826e-19
2,2019,Min Variance,MRK,0.0
2,2019,Min Variance,MSFT,0.0
2,2019,Min Variance,MU,0.0
2,2019,Min Variance,NEE,0.0
2,2019,Min Variance,NFLX,0.0
2,2019,Min Variance,NKE,0.0
2,2019,Min Variance,NOC,0.0
2,2019,Min Variance,NSC,0.0
2,2019,Min Variance,NVDA,0.0
2,2019,Min Variance,NXPI,0.0
2,2019,Min Variance,ORCL,0.0
2,2019,Min Variance,ORLY,0.0
2,2019,Min Variance,PEP,0.04048678662658486
2,2019,Min Variance,PFE,0.04857566786856592
2,2019,Min Variance,PG,0.0525856760439137
2,2019,Min Variance,PH,0.0
2,2019,Min Variance,PLD,0.0
2,2019,Min Variance,PM,0.0
2,2019,Min Variance,PNC,0.0
2,2019,Min Variance,PSA,0.034036293235559886
2,2019,Min Variance,QCOM,0.0
2,2019,Min Variance,REGN,0.0
2,2019,Min Variance,ROST,0.0
2,2019,Min Variance,RTX,0.0
2,2019,Min Variance,SHW,0.0
2,2019,Min Variance,SLB,0.0
2,2019,Min Variance,SNPS,0.0
2,2019,Min Variance,SO,0.14030982763835925
2,2019,Min Variance,SPGI,0.0
2,2019,Min Variance,SRE,0.0
2,2019,Min Variance,SYK,0.0
2,2019,Min Variance,SYY,0.05382818852159989
2,2019,Min Variance,T,0.060174377964452734
2,2019,Min Variance,TEL,0.0
2,2019,Min Variance,TGT,0.0
2,2019,Min Variance,TJX,0.0
2,2019,Min Variance,TMO,0.0
2,2019,Min Variance,TSLA,0.0
2,2019,Min Variance,TXN,0.0
2,2019,Min Variance,UNH,0.0
2,2019,Min Variance,UNP,0.0
2,2019,Min Variance,UPS,0.018213708264690136
2,2019,Min Variance,V,0.0
2,2019,Min Variance,VRTX,0.0
2,2019,Min Variance,VZ,0.01723556235755573
2,2019,Min Variance,WFC,0.0
2,2019,Min Variance,WM,0.09538273435402747
2,2019,Min Variance,WMT,0.0
2,2019,Min Variance,XOM,0.0016025099322360679
2,2019,Equal Weight (1/N),AAPL,0.007462686567164179
2,2019,Equal Weight (1/N),ABT,0.007462686567164179
2,2019,Equal Weight (1/N),ACN,0.007462686567164179
2,2019,Equal Weight (1/N),ADBE,0.007462686567164179
2,2019,Equal Weight (1/N),ADI,0.007462686567164179
2,2019,Equal Weight (1/N),ADSK,0.007462686567164179
2,2019,Equal Weight (1/N),AEP,0.007462686567164179
2,2019,Equal Weight (1/N),AIG,0.007462686567164179
2,2019,Equal Weight (1/N),AMAT,0.007462686567164179
2,2019,Equal Weight (1/N),AMD,0.007462686567164179
2,2019,Equal Weight (1/N),AMZN,0.007462686567164179
2,2019,Equal Weight (1/N),AON,0.007462686567164179
2,2019,Equal Weight (1/N),APD,0.007462686567164179
2,2019,Equal Weight (1/N),AVGO,0.007462686567164179
2,2019,Equal Weight (1/N),AXP,0.007462686567164179
2,2019,Equal Weight (1/N),BA,0.007462686567164179
2,2019,Equal Weight (1/N),BAC,0.007462686567164179
2,2019,Equal Weight (1/N),BDX,0.007462686567164179
2,2019,Equal Weight (1/N),BIIB,0.007462686567164179
2,2019,Equal Weight (1/N),BKNG,0.007462686567164179
2,2019,Equal Weight (1/N),BLK,0.007462686567164179
2,2019,Equal Weight (1/N),BMY,0.007462686567164179
2,2019,Equal Weight (1/N),BSX,0.007462686567164179
2,2019,Equal Weight (1/N),C,0.007462686567164179
2,2019,Equal Weight (1/N),CB,0.007462686567164179
2,2019,Equal Weight (1/N),CDNS,0.007462686567164179
2,2019,Equal Weight (1/N),CHTR,0.007462686567164179
2,2019,Equal Weight (1/N),CL,0.007462686567164179
2,2019,Equal Weight (1/N),CMCSA,0.007462686567164179
2,2019,Equal Weight (1/N),CME,0.007462686567164179
2,2019,Equal Weight (1/N),COP,0.007462686567164179
2,2019,Equal Weight (1/N),COST,0.007462686567164179
2,2019,Equal Weight (1/N),CRM,0.007462686567164179
2,2019,Equal Weight (1/N),CSCO,0.007462686567164179
2,2019,Equal Weight (1/N),CSX,0.007462686567164179
2,2019,Equal Weight (1/N),CTSH,0.007462686567164179
2,2019,Equal Weight (1/N),CVS,0.007462686567164179
2,2019,Equal Weight (1/N),CVX,0.007462686567164179
2,2019,Equal Weight (1/N),D,0.007462686567164179
2,2019,Equal Weight (1/N),DE,0.007462686567164179
2,2019,Equal Weight (1/N),DHR,0.007462686567164179
2,2019,Equal Weight (1/N),DIS,0.007462686567164179
2,2019,Equal Weight (1/N),DUK,0.007462686567164179
2,2019,Equal Weight (1/N),EL,0.007462686567164179
2,2019,Equal Weight (1/N),EMR,0.007462686567164179
2,2019,Equal Weight (1/N),EOG,0.007462686567164179
2,2019,Equal Weight (1/N),ETN,0.007462686567164179
2,2019,Equal Weight (1/N),EW,0.007462686567164179
2,2019,Equal Weight (1/N),EXC,0.007462686567164179
2,2019,Equal Weight (1/N),F,0.007462686567164179
2,2019,Equal Weight (1/N),FISV,0.007462686567164179
2,2019,Equal Weight (1/N),GD,0.007462686567164179
2,2019,Equal Weight (1/N),GE,0.007462686567164179
2,2019,Equal Weight (1/N),GILD,0.007462686567164179
2,2019,Equal Weight (1/N),GM,0.007462686567164179
2,2019,Equal Weight (1/N),GOOGL,0.007462686567164179
2,2019,Equal Weight (1/N),GPN,0.007462686567164179
2,2019,Equal Weight (1/N),GS,0.007462686567164179
2,2019,Equal Weight (1/N),HD,0.007462686567164179
2,2019,Equal Weight (1/N),HON,0.007462686567164179
2,2019,Equal Weight (1/N),HUM,0.007462686567164179
2,2019,Equal Weight (1/N),ICE,0.007462686567164179
2,2019,Equal Weight (1/N),IDXX,0.007462686567164179
2,2019,Equal Weight (1/N),INTC,0.007462686567164179
2,2019,Equal Weight (1/N),INTU,0.007462686567164179
2,2019,Equal Weight (1/N),ISRG,0.007462686567164179
2,2019,Equal Weight (1/N),ITW,0.007462686567164179
2,2019,Equal Weight (1/N),JNJ,0.007462686567164179
2,2019,Equal Weight (1/N),JPM,0.007462686567164179
2,2019,Equal Weight (1/N),KLAC,0.007462686567164179
2,2019,Equal Weight (1/N),KMB,0.007462686567164179
2,2019,Equal Weight (1/N),KMI,0.007462686567164179
2,2019,Equal Weight (1/N),KO,0.007462686567164179
2,2019,Equal Weight (1/N),LIN,0.007462686567164179
2,2019,Equal Weight (1/N),LMT,0.007462686567164179
2,2019,Equal Weight (1/N),LOW,0.007462686567164179
2,2019,Equal Weight (1/N),LRCX,0.007462686567164179
2,2019,Equal Weight (1/N),MA,0.007462686567164179
2,2019,Equal Weight (1/N),MAR,0.007462686567164179
2,2019,Equal Weight (1/N),MCD,0.007462686567164179
2,2019,Equal Weight (1/N),MCHP,0.007462686567164179
2,2019,Equal Weight (1/N),MCO,0.007462686567164179
2,2019,Equal Weight (1/N),MDLZ,0.007462686567164179
2,2019,Equal Weight (1/N),MDT,0.007462686567164179
2,2019,Equal Weight (1/N),MO,0.007462686567164179
2,2019,Equal Weight (1/N),MRK,0.007462686567164179
2,2019,Equal Weight (1/N),MSFT,0.007462686567164179
2,2019,Equal Weight (1/N),MU,0.007462686567164179
2,2019,Equal Weight (1/N),NEE,0.007462686567164179
2,2019,Equal Weight (1/N),NFLX,0.007462686567164179
2,2019,Equal Weight (1/N),NKE,0.007462686567164179
2,2019,Equal Weight (1/N),NOC,0.007462686567164179
2,2019,Equal Weight (1/N),NSC,0.007462686567164179
2,2019,Equal Weight (1/N),NVDA,0.007462686567164179
2,2019,Equal Weight (1/N),NXPI,0.007462686567164179
2,2019,Equal Weight (1/N),ORCL,0.007462686567164179
2,2019,Equal Weight (1/N),ORLY,0.007462686567164179
2,2019,Equal Weight (1/N),PEP,0.007462686567164179
2,2019,Equal Weight (1/N),PFE,0.007462686567164179
2,2019,Equal Weight (1/N),PG,0.007462686567164179
2,2019,Equal Weight (1/N),PH,0.007462686567164179
2,2019,Equal Weight (1/N),PLD,0.007462686567164179
2,2019,Equal Weight (1/N),PM,0.007462686567164179
2,2019,Equal Weight (1/N),PNC,0.007462686567164179
2,2019,Equal Weight (1/N),PSA,0.007462686567164179
2,2019,Equal Weight (1/N),QCOM,0.007462686567164179
2,2019,Equal Weight (1/N),REGN,0.007462686567164179
2,2019,Equal Weight (1/N),ROST,0.007462686567164179
2,2019,Equal Weight (1/N),RTX,0.007462686567164179
2,2019,Equal Weight (1/N),SHW,0.007462686567164179
2,2019,Equal Weight (1/N),SLB,0.007462686567164179
2,2019,Equal Weight (1/N),SNPS,0.007462686567164179
2,2019,Equal Weight (1/N),SO,0.007462686567164179
2,2019,Equal Weight (1/N),SPGI,0.007462686567164179
2,2019,Equal Weight (1/N),SRE,0.007462686567164179
2,2019,Equal Weight (1/N),SYK,0.007462686567164179
2,2019,Equal Weight (1/N),SYY,0.007462686567164179
2,2019,Equal Weight (1/N),T,0.007462686567164179
2,2019,Equal Weight (1/N),TEL,0.007462686567164179
2,2019,Equal Weight (1/N),TGT,0.007462686567164179
2,2019,Equal Weight (1/N),TJX,0.007462686567164179
2,2019,Equal Weight (1/N),TMO,0.007462686567164179
2,2019,Equal Weight (1/N),TSLA,0.007462686567164179
2,2019,Equal Weight (1/N),TXN,0.007462686567164179
2,2019,Equal Weight (1/N),UNH,0.007462686567164179
2,2019,Equal Weight (1/N),UNP,0.007462686567164179
2,2019,Equal Weight (1/N),UPS,0.007462686567164179
2,2019,Equal Weight (1/N),V,0.007462686567164179
2,2019,Equal Weight (1/N),VRTX,0.007462686567164179
2,2019,Equal Weight (1/N),VZ,0.007462686567164179
2,2019,Equal Weight (1/N),WFC,0.007462686567164179
2,2019,Equal Weight (1/N),WM,0.007462686567164179
2,2019,Equal Weight (1/N),WMT,0.007462686567164179
2,2019,Equal Weight (1/N),XOM,0.007462686567164179
3,2020,AOBL-SOS (Proposed),AAPL,0.0
3,2020,AOBL-SOS (Proposed),ABT,0.0
3,2020,AOBL-SOS (Proposed),ACN,0.0
3,2020,AOBL-SOS (Proposed),ADBE,0.025481518938083692
3,2020,AOBL-SOS (Proposed),ADI,0.0
3,2020,AOBL-SOS (Proposed),ADSK,0.0
3,2020,AOBL-SOS (Proposed),AEP,0.0
3,2020,AOBL-SOS (Proposed),AIG,0.0
3,2020,AOBL-SOS (Proposed),AMAT,0.0
3,2020,AOBL-SOS (Proposed),AMD,0.0
3,2020,AOBL-SOS (Proposed),AMZN,0.0
3,2020,AOBL-SOS (Proposed),AON,6.688024122770691e-06
3,2020,AOBL-SOS (Proposed),APD,0.0
3,2020,AOBL-SOS (Proposed),AVGO,0.060075953335626965
3,2020,AOBL-SOS (Proposed),AXP,0.0
3,2020,AOBL-SOS (Proposed),BA,0.0
3,2020,AOBL-SOS (Proposed),BAC,0.00011052876896008973
3,2020,AOBL-SOS (Proposed),BDX,0.0
3,2020,AOBL-SOS (Proposed),BIIB,1.3480802917628842e-05
3,2020,AOBL-SOS (Proposed),BKNG,0.0
3,2020,AOBL-SOS (Proposed),BLK,0.0
3,2020,AOBL-SOS (Proposed),BMY,0.0
3,2020,AOBL-SOS (Proposed),BSX,0.0
3,2020,AOBL-SOS (Proposed),C,0.0
3,2020,AOBL-SOS (Proposed),CB,0.0
3,2020,AOBL-SOS (Proposed),CDNS,0.0
3,2020,AOBL-SOS (Proposed),CHTR,0.08724095170807318
3,2020,AOBL-SOS (Proposed),CL,0.0
3,2020,AOBL-SOS (Proposed),CMCSA,0.0
3,2020,AOBL-SOS (Proposed),CME,0.19181093357015336
3,2020,AOBL-SOS (Proposed),COP,0.0
3,2020,AOBL-SOS (Proposed),COST,0.0
3,2020,AOBL-SOS (Proposed),CRM,0.0
3,2020,AOBL-SOS (Proposed),CSCO,0.0
3,2020,AOBL-SOS (Proposed),CSX,0.0
3,2020,AOBL-SOS (Proposed),CTSH,0.0
3,2020,AOBL-SOS (Proposed),CVS,0.0
3,2020,AOBL-SOS (Proposed),CVX,0.0
3,2020,AOBL-SOS (Proposed),D,0.0
3,2020,AOBL-SOS (Proposed),DE,0.0
3,2020,AOBL-SOS (Proposed),DHR,0.008615367275247848
3,2020,AOBL-SOS (Proposed),DIS,0.0
3,2020,AOBL-SOS (Proposed),DUK,0.0021297498325080944
3,2020,AOBL-SOS (Proposed),EL,0.016912688903217128
3,2020,AOBL-SOS (Proposed),EMR,0.0
3,2020,AOBL-SOS (Proposed),EOG,0.0
3,2020,AOBL-SOS (Proposed),ETN,0.0
3,2020,AOBL-SOS (Proposed),EW,0.0
3,2020,AOBL-SOS (Proposed),EXC,0.0
3,2020,AOBL-SOS (Proposed),F,0.0
3,2020,AOBL-SOS (Proposed),FISV,0.011292998590998577
3,2020,AOBL-SOS (Proposed),GD,0.0
3,2020,AOBL-SOS (Proposed),GE,0.0
3,2020,AOBL-SOS (Proposed),GILD,0.0
3,2020,AOBL-SOS (Proposed),GM,0.0
3,2020,AOBL-SOS (Proposed),GOOGL,0.0
3,2020,AOBL-SOS (Proposed),GPN,0.0
3,2020,AOBL-SOS (Proposed),GS,0.0
3,2020,AOBL-SOS (Proposed),HD,0.03344605128798495
3,2020,AOBL-SOS (Proposed),HON,0.0
3,2020,AOBL-SOS (Proposed),HUM,0.0
3,2020,AOBL-SOS (Proposed),ICE,0.0
3,2020,AOBL-SOS (Proposed),IDXX,0.0
3,2020,AOBL-SOS (Proposed),INTC,0.0
3,2020,AOBL-SOS (Proposed),INTU,2.418443802150596e-05
3,2020,AOBL-SOS (Proposed),ISRG,0.0
3,2020,AOBL-SOS (Proposed),ITW,0.0
3,2020,AOBL-SOS (Proposed),JNJ,0.0
3,2020,AOBL-SOS (Proposed),JPM,1.066633359086756e-08
3,2020,AOBL-SOS (Proposed),KLAC,0.0
3,2020,AOBL-SOS (Proposed),KMB,0.0
3,2020,AOBL-SOS (Proposed),KMI,0.0
3,2020,AOBL-SOS (Proposed),KO,0.0
3,2020,AOBL-SOS (Proposed),LIN,0.0
3,2020,AOBL-SOS (Proposed),LMT,0.0
3,2020,AOBL-SOS (Proposed),LOW,0.0
3,2020,AOBL-SOS (Proposed),LRCX,0.0
3,2020,AOBL-SOS (Proposed),MA,0.0
3,2020,AOBL-SOS (Proposed),MAR,0.0
3,2020,AOBL-SOS (Proposed),MCD,0.0
3,2020,AOBL-SOS (Proposed),MCHP,0.0
3,2020,AOBL-SOS (Proposed),MCO,0.0
3,2020,AOBL-SOS (Proposed),MDLZ,0.0
3,2020,AOBL-SOS (Proposed),MDT,0.002630069743691626
3,2020,AOBL-SOS (Proposed),MO,0.00016122455907659244
3,2020,AOBL-SOS (Proposed),MRK,0.012693112185791432
3,2020,AOBL-SOS (Proposed),MSFT,0.0
3,2020,AOBL-SOS (Proposed),MU,0.0
3,2020,AOBL-SOS (Proposed),NEE,0.19999998838152652
3,2020,AOBL-SOS (Proposed),NFLX,0.04887591821338734
3,2020,AOBL-SOS (Proposed),NKE,0.0023799754017061027
3,2020,AOBL-SOS (Proposed),NOC,0.10347124673826184
3,2020,AOBL-SOS (Proposed),NSC,0.0
3,2020,AOBL-SOS (Proposed),NVDA,0.013443300581713537
3,2020,AOBL-SOS (Proposed),NXPI,0.0
3,2020,AOBL-SOS (Proposed),ORCL,0.0
3,2020,AOBL-SOS (Proposed),ORLY,0.0
3,2020,AOBL-SOS (Proposed),PEP,0.0
3,2020,AOBL-SOS (Proposed),PFE,0.0
3,2020,AOBL-SOS (Proposed),PG,0.0
3,2020,AOBL-SOS (Proposed),PH,0.0
3,2020,AOBL-SOS (Proposed),PLD,0.0
3,2020,AOBL-SOS (Proposed),PM,0.0
3,2020,AOBL-SOS (Proposed),PNC,0.0
3,2020,AOBL-SOS (Proposed),PSA,0.0
3,2020,AOBL-SOS (Proposed),QCOM,0.0
3,2020,AOBL-SOS (Proposed),REGN,0.0038701370776206604
3,2020,AOBL-SOS (Proposed),ROST,0.0023086839379553217
3,2020,AOBL-SOS (Proposed),RTX,0.0
3,2020,AOBL-SOS (Proposed),SHW,0.0
3,2020,AOBL-SOS (Proposed),SLB,0.0
3,2020,AOBL-SOS (Proposed),SNPS,0.0
3,2020,AOBL-SOS (Proposed),SO,0.0
3,2020,AOBL-SOS (Proposed),SPGI,0.005136270048632303
3,2020,AOBL-SOS (Proposed),SRE,0.041633561054531476
3,2020,AOBL-SOS (Proposed),SYK,0.0
3,2020,AOBL-SOS (Proposed),SYY,0.0
3,2020,AOBL-SOS (Proposed),T,0.0
3,2020,AOBL-SOS (Proposed),TEL,0.0
3,2020,AOBL-SOS (Proposed),TGT,0.0
3,2020,AOBL-SOS (Proposed),TJX,0.0
3,2020,AOBL-SOS (Proposed),TMO,0.06581870822631182
3,2020,AOBL-SOS (Proposed),TSLA,0.04059222724912434
3,2020,AOBL-SOS (Proposed),TXN,0.0
3,2020,AOBL-SOS (Proposed),UNH,0.0
3,2020,AOBL-SOS (Proposed),UNP,0.0
3,2020,AOBL-SOS (Proposed),UPS,0.0
3,2020,AOBL-SOS (Proposed),V,0.005724632623280143
3,2020,AOBL-SOS (Proposed),VRTX,0.014099837835139573
3,2020,AOBL-SOS (Proposed),VZ,0.0
3,2020,AOBL-SOS (Proposed),WFC,0.0
3,2020,AOBL-SOS (Proposed),WM,0.0
3,2020,AOBL-SOS (Proposed),WMT,0.0
3,2020,AOBL-SOS (Proposed),XOM,0.0
3,2020,SOS (Baseline),AAPL,0.0
3,2020,SOS (Baseline),ABT,0.0
3,2020,SOS (Baseline),ACN,0.0
3,2020,SOS (Baseline),ADBE,0.06307330542860837
3,2020,SOS (Baseline),ADI,0.0
3,2020,SOS (Baseline),ADSK,0.0
3,2020,SOS (Baseline),AEP,0.0
3,2020,SOS (Baseline),AIG,0.0
3,2020,SOS (Baseline),AMAT,0.0
3,2020,SOS (Baseline),AMD,0.0
3,2020,SOS (Baseline),AMZN,0.0
3,2020,SOS (Baseline),AON,0.0701178669706934
3,2020,SOS (Baseline),APD,0.0
3,2020,SOS (Baseline),AVGO,0.0
3,2020,SOS (Baseline),AXP,0.0
3,2020,SOS (Baseline),BA,0.0
3,2020,SOS (Baseline),BAC,0.0
3,2020,SOS (Baseline),BDX,0.0
3,2020,SOS (Baseline),BIIB,0.0
3,2020,SOS (Baseline),BKNG,0.0
3,2020,SOS (Baseline),BLK,0.0
3,2020,SOS (Baseline),BMY,0.0
3,2020,SOS (Baseline),BSX,0.07082853740624628
3,2020,SOS (Baseline),C,0.0
3,2020,SOS (Baseline),CB,0.0
3,2020,SOS (Baseline),CDNS,0.0024015608799043305
3,2020,SOS (Baseline),CHTR,0.0
3,2020,SOS (Baseline),CL,0.0
3,2020,SOS (Baseline),CMCSA,0.0
3,2020,SOS (Baseline),CME,0.0
3,2020,SOS (Baseline),COP,0.0
3,2020,SOS (Baseline),COST,0.0
3,2020,SOS (Baseline),CRM,0.0
3,2020,SOS (Baseline),CSCO,0.0
3,2020,SOS (Baseline),CSX,0.0
3,2020,SOS (Baseline),CTSH,0.0
3,2020,SOS (Baseline),CVS,0.0
3,2020,SOS (Baseline),CVX,0.0
3,2020,SOS (Baseline),D,0.001469074819497532
3,2020,SOS (Baseline),DE,0.0
3,2020,SOS (Baseline),DHR,0.024078869188627103
3,2020,SOS (Baseline),DIS,0.0
3,2020,SOS (Baseline),DUK,0.09599193028732962
3,2020,SOS (Baseline),EL,0.0
3,2020,SOS (Baseline),EMR,0.0
3,2020,SOS (Baseline),EOG,0.0
3,2020,SOS (Baseline),ETN,0.0
3,2020,SOS (Baseline),EW,0.0
3,2020,SOS (Baseline),EXC,0.0
3,2020,SOS (Baseline),F,0.0
3,2020,SOS (Baseline),FISV,0.0
3,2020,SOS (Baseline),GD,0.0
3,2020,SOS (Baseline),GE,0.0
3,2020,SOS (Baseline),GILD,0.0
3,2020,SOS (Baseline),GM,0.0
3,2020,SOS (Baseline),GOOGL,0.0
3,2020,SOS (Baseline),GPN,0.006106262613944931
3,2020,SOS (Baseline),GS,0.0
3,2020,SOS (Baseline),HD,0.014397666514353716
3,2020,SOS (Baseline),HON,0.0
3,2020,SOS (Baseline),HUM,0.03137618380190484
3,2020,SOS (Baseline),ICE,0.009925403470896552
3,2020,SOS (Baseline),IDXX,0.0
3,2020,SOS (Baseline),INTC,0.0
3,2020,SOS (Baseline),INTU,0.0
3,2020,SOS (Baseline),ISRG,0.0
3,2020,SOS (Baseline),ITW,0.0
3,2020,SOS (Baseline),JNJ,1.8533285504071756e-05
3,2020,SOS (Baseline),JPM,0.0
3,2020,SOS (Baseline),KLAC,0.0
3,2020,SOS (Baseline),KMB,0.033702658542565725
3,2020,SOS (Baseline),KMI,0.0
3,2020,SOS (Baseline),KO,0.0
3,2020,SOS (Baseline),LIN,0.0
3,2020,SOS (Baseline),LMT,0.11192036191693662
3,2020,SOS (Baseline),LOW,0.0
3,2020,SOS (Baseline),LRCX,0.0
3,2020,SOS (Baseline),MA,0.0
3,2020,SOS (Baseline),MAR,0.0012247166055717985
3,2020,SOS (Baseline),MCD,0.0
3,2020,SOS (Baseline),MCHP,0.0
3,2020,SOS (Baseline),MCO,0.0
3,2020,SOS (Baseline),MDLZ,0.0
3,2020,SOS (Baseline),MDT,0.0
3,2020,SOS (Baseline),MO,0.0
3,2020,SOS (Baseline),MRK,3.632934778166496e-05
3,2020,SOS (Baseline),MSFT,0.0
3,2020,SOS (Baseline),MU,0.0
3,2020,SOS (Baseline),NEE,0.08387335084479297
3,2020,SOS (Baseline),NFLX,0.04815510922939334
3,2020,SOS (Baseline),NKE,0.0
3,2020,SOS (Baseline),NOC,0.025487856581301965
3,2020,SOS (Baseline),NSC,0.0
3,2020,SOS (Baseline),NVDA,0.0377688558325788
3,2020,SOS (Baseline),NXPI,0.0
3,2020,SOS (Baseline),ORCL,0.0
3,2020,SOS (Baseline),ORLY,0.06060049187204576
3,2020,SOS (Baseline),PEP,0.0
3,2020,SOS (Baseline),PFE,0.0
3,2020,SOS (Baseline),PG,4.433899677734937e-05
3,2020,SOS (Baseline),PH,0.0
3,2020,SOS (Baseline),PLD,0.0
3,2020,SOS (Baseline),PM,0.0
3,2020,SOS (Baseline),PNC,0.0
3,2020,SOS (Baseline),PSA,0.0
3,2020,SOS (Baseline),QCOM,0.0
3,2020,SOS (Baseline),REGN,0.0
3,2020,SOS (Baseline),ROST,1.4367713017966885e-05
3,2020,SOS (Baseline),RTX,0.0
3,2020,SOS (Baseline),SHW,0.04456399513581064
3,2020,SOS (Baseline),SLB,0.0
3,2020,SOS (Baseline),SNPS,0.0
3,2020,SOS (Baseline),SO,0.0
3,2020,SOS (Baseline),SPGI,0.0
3,2020,SOS (Baseline),SRE,0.0
3,2020,SOS (Baseline),SYK,0.0
3,2020,SOS (Baseline),SYY,0.01316276175994049
3,2020,SOS (Baseline),T,0.0
3,2020,SOS (Baseline),TEL,0.0
3,2020,SOS (Baseline),TGT,0.0
3,2020,SOS (Baseline),TJX,0.038342352239462266
3,2020,SOS (Baseline),TMO,0.0
3,2020,SOS (Baseline),TSLA,0.045709547271111525
3,2020,SOS (Baseline),TXN,0.0
3,2020,SOS (Baseline),UNH,0.0
3,2020,SOS (Baseline),UNP,0.0
3,2020,SOS (Baseline),UPS,0.0
3,2020,SOS (Baseline),V,0.0
3,2020,SOS (Baseline),VRTX,0.0
3,2020,SOS (Baseline),VZ,0.0007402743416945837
3,2020,SOS (Baseline),WFC,0.0
3,2020,SOS (Baseline),WM,0.06305346498262827
3,2020,SOS (Baseline),WMT,0.0018139721190776668
3,2020,SOS (Baseline),XOM,0.0
3,2020,GA,AAPL,0.0
3,2020,GA,ABT,0.0
3,2020,GA,ACN,0.0
3,2020,GA,ADBE,0.03793133491805316
3,2020,GA,ADI,0.0
3,2020,GA,ADSK,0.0
3,2020,GA,AEP,0.012435468732162083
3,2020,GA,AIG,0.0
3,2020,GA,AMAT,0.0
3,2020,GA,AMD,0.005712606279230631
3,2020,GA,AMZN,0.0
3,2020,GA,AON,0.0
3,2020,GA,APD,0.0
3,2020,GA,AVGO,0.05655085450321904
3,2020,GA,AXP,0.0
3,2020,GA,BA,0.0
3,2020,GA,BAC,0.0
3,2020,GA,BDX,0.007918204736972556
3,2020,GA,BIIB,0.0
3,2020,GA,BKNG,0.003955019761466866
3,2020,GA,BLK,0.0
3,2020,GA,BMY,0.0
3,2020,GA,BSX,0.0
3,2020,GA,C,0.0
3,2020,GA,CB,0.0
3,2020,GA,CDNS,0.0
3,2020,GA,CHTR,0.01718609854742269
3,2020,GA,CL,0.0
3,2020,GA,CMCSA,0.0
3,2020,GA,CME,0.03621825694827222
3,2020,GA,COP,0.0
3,2020,GA,COST,0.0
3,2020,GA,CRM,0.0
3,2020,GA,CSCO,0.0
3,2020,GA,CSX,0.0
3,2020,GA,CTSH,0.0
3,2020,GA,CVS,0.0
3,2020,GA,CVX,0.0
3,2020,GA,D,0.0
3,2020,GA,DE,0.0
3,2020,GA,DHR,0.0
3,2020,GA,DIS,0.0
3,2020,GA,DUK,0.045777559051725786
3,2020,GA,EL,0.0417856017237219
3,2020,GA,EMR,0.0
3,2020,GA,EOG,0.0
3,2020,GA,ETN,0.0
3,2020,GA,EW,0.0
3,2020,GA,EXC,0.0
3,2020,GA,F,0.0
3,2020,GA,FISV,0.041398737647138736
3,2020,GA,GD,0.0
3,2020,GA,GE,0.0
3,2020,GA,GILD,0.0
3,2020,GA,GM,0.0
3,2020,GA,GOOGL,0.0
3,2020,GA,GPN,0.0
3,2020,GA,GS,0.0
3,2020,GA,HD,0.0
3,2020,GA,HON,0.0
3,2020,GA,HUM,0.0
3,2020,GA,ICE,0.018224009853877735
3,2020,GA,IDXX,0.016238351924196825
3,2020,GA,INTC,0.0
3,2020,GA,INTU,0.0
3,2020,GA,ISRG,0.04959514059417299
3,2020,GA,ITW,0.03359207636161248
3,2020,GA,JNJ,0.0
3,2020,GA,JPM,0.051981918684089606
3,2020,GA,KLAC,0.0
3,2020,GA,KMB,0.0
3,2020,GA,KMI,0.0
3,2020,GA,KO,0.031377860133113035
3,2020,GA,LIN,0.0
3,2020,GA,LMT,0.0
3,2020,GA,LOW,0.0
3,2020,GA,LRCX,0.011444126450018277
3,2020,GA,MA,0.0
3,2020,GA,MAR,0.0
3,2020,GA,MCD,0.0068265277763089735
3,2020,GA,MCHP,0.0
3,2020,GA,MCO,0.0
3,2020,GA,MDLZ,0.0
3,2020,GA,MDT,0.0319778869763731
3,2020,GA,MO,0.045059433912104985
3,2020,GA,MRK,0.0
3,2020,GA,MSFT,0.0
3,2020,GA,MU,0.0
3,2020,GA,NEE,0.0
3,2020,GA,NFLX,0.05739510676963834
3,2020,GA,NKE,0.0
3,2020,GA,NOC,0.0
3,2020,GA,NSC,0.0
3,2020,GA,NVDA,0.0
3,2020,GA,NXPI,0.0
3,2020,GA,ORCL,0.0
3,2020,GA,ORLY,0.06043213549586804
3,2020,GA,PEP,0.0
3,2020,GA,PFE,0.0
3,2020,GA,PG,0.0
3,2020,GA,PH,0.0
3,2020,GA,PLD,0.0
3,2020,GA,PM,0.0
3,2020,GA,PNC,0.0
3,2020,GA,PSA,0.002338055780725986
3,2020,GA,QCOM,0.0
3,2020,GA,REGN,0.050858414823622945
3,2020,GA,ROST,0.0
3,2020,GA,RTX,0.0
3,2020,GA,SHW,0.042100484459418434
3,2020,GA,SLB,0.0
3,2020,GA,SNPS,0.0
3,2020,GA,SO,0.0
3,2020,GA,SPGI,0.0
3,2020,GA,SRE,0.08210007801256558
3,2020,GA,SYK,0.0
3,2020,GA,SYY,0.0
3,2020,GA,T,0.0
3,2020,GA,TEL,0.0
3,2020,GA,TGT,0.0
3,2020,GA,TJX,0.0
3,2020,GA,TMO,0.0
3,2020,GA,TSLA,0.04114618436153215
3,2020,GA,TXN,0.0
3,2020,GA,UNH,0.05584603799088489
3,2020,GA,UNP,0.0
3,2020,GA,UPS,0.0
3,2020,GA,V,0.0
3,2020,GA,VRTX,0.0
3,2020,GA,VZ,0.0
3,2020,GA,WFC,0.0
3,2020,GA,WM,0.004596426790489987
3,2020,GA,WMT,0.0
3,2020,GA,XOM,0.0
3,2020,PSO,AAPL,0.0
3,2020,PSO,ABT,0.0
3,2020,PSO,ACN,0.0
3,2020,PSO,ADBE,0.0
3,2020,PSO,ADI,0.0
3,2020,PSO,ADSK,0.0
3,2020,PSO,AEP,0.0
3,2020,PSO,AIG,0.0
3,2020,PSO,AMAT,0.0
3,2020,PSO,AMD,0.0
3,2020,PSO,AMZN,0.0
3,2020,PSO,AON,0.0
3,2020,PSO,APD,0.0
3,2020,PSO,AVGO,0.0
3,2020,PSO,AXP,0.0
3,2020,PSO,BA,0.0
3,2020,PSO,BAC,0.0
3,2020,PSO,BDX,0.0
3,2020,PSO,BIIB,0.0
3,2020,PSO,BKNG,0.0
3,2020,PSO,BLK,0.0
3,2020,PSO,BMY,0.0
3,2020,PSO,BSX,0.0
3,2020,PSO,C,0.0
3,2020,PSO,CB,0.0
3,2020,PSO,CDNS,0.05289789409359394
3,2020,PSO,CHTR,0.0
3,2020,PSO,CL,0.0
3,2020,PSO,CMCSA,0.0
3,2020,PSO,CME,0.2
3,2020,PSO,COP,0.0
3,2020,PSO,COST,0.0
3,2020,PSO,CRM,0.0
3,2020,PSO,CSCO,0.0
3,2020,PSO,CSX,0.0
3,2020,PSO,CTSH,0.0
3,2020,PSO,CVS,0.0
3,2020,PSO,CVX,0.0
3,2020,PSO,D,0.0
3,2020,PSO,DE,0.0
3,2020,PSO,DHR,0.0
3,2020,PSO,DIS,0.0
3,2020,PSO,DUK,0.0
3,2020,PSO,EL,0.0
3,2020,PSO,EMR,0.0
3,2020,PSO,EOG,0.0
3,2020,PSO,ETN,0.0
3,2020,PSO,EW,0.0
3,2020,PSO,EXC,0.0
3,2020,PSO,F,0.0
3,2020,PSO,FISV,0.0
3,2020,PSO,GD,0.0
3,2020,PSO,GE,0.0
3,2020,PSO,GILD,0.0
3,2020,PSO,GM,0.0
3,2020,PSO,GOOGL,0.0
3,2020,PSO,GPN,0.0
3,2020,PSO,GS,0.0
3,2020,PSO,HD,0.06003859564728738
3,2020,PSO,HON,0.0
3,2020,PSO,HUM,0.0
3,2020,PSO,ICE,0.0
3,2020,PSO,IDXX,0.0
3,2020,PSO,INTC,0.0
3,2020,PSO,INTU,0.0
3,2020,PSO,ISRG,0.0
3,2020,PSO,ITW,0.0
3,2020,PSO,JNJ,0.0
3,2020,PSO,JPM,0.0
3,2020,PSO,KLAC,0.0
3,2020,PSO,KMB,0.0
3,2020,PSO,KMI,0.0
3,2020,PSO,KO,0.0
3,2020,PSO,LIN,0.0
3,2020,PSO,LMT,0.0
3,2020,PSO,LOW,0.0
3,2020,PSO,LRCX,0.0
3,2020,PSO,MA,0.0
3,2020,PSO,MAR,0.0
3,2020,PSO,MCD,0.0
3,2020,PSO,MCHP,0.0
3,2020,PSO,MCO,0.0
3,2020,PSO,MDLZ,0.0
3,2020,PSO,MDT,0.0
3,2020,PSO,MO,0.0
3,2020,PSO,MRK,0.0
3,2020,PSO,MSFT,0.0
3,2020,PSO,MU,0.0
3,2020,PSO,NEE,0.2
3,2020,PSO,NFLX,0.06443257477509444
3,2020,PSO,NKE,0.0
3,2020,PSO,NOC,0.10420463789814562
3,2020,PSO,NSC,0.0
3,2020,PSO,NVDA,0.0
3,2020,PSO,NXPI,0.0
3,2020,PSO,ORCL,0.0
3,2020,PSO,ORLY,0.0
3,2020,PSO,PEP,0.007848125003601276
3,2020,PSO,PFE,0.0
3,2020,PSO,PG,0.0
3,2020,PSO,PH,0.0
3,2020,PSO,PLD,0.0
3,2020,PSO,PM,0.0
3,2020,PSO,PNC,0.0
3,2020,PSO,PSA,0.0
3,2020,PSO,QCOM,0.0
3,2020,PSO,REGN,0.0
3,2020,PSO,ROST,0.0
3,2020,PSO,RTX,0.0
3,2020,PSO,SHW,0.08861409308234271
3,2020,PSO,SLB,0.0
3,2020,PSO,SNPS,0.0
3,2020,PSO,SO,0.0
3,2020,PSO,SPGI,0.0
3,2020,PSO,SRE,0.0
3,2020,PSO,SYK,0.0
3,2020,PSO,SYY,0.058071247368701166
3,2020,PSO,T,0.0
3,2020,PSO,TEL,0.0
3,2020,PSO,TGT,0.0
3,2020,PSO,TJX,0.0
3,2020,PSO,TMO,0.0
3,2020,PSO,TSLA,0.04903487010989887
3,2020,PSO,TXN,0.0
3,2020,PSO,UNH,0.11485796202133455
3,2020,PSO,UNP,0.0
3,2020,PSO,UPS,0.0
3,2020,PSO,V,0.0
3,2020,PSO,VRTX,0.0
3,2020,PSO,VZ,0.0
3,2020,PSO,WFC,0.0
3,2020,PSO,WM,0.0
3,2020,PSO,WMT,0.0
3,2020,PSO,XOM,0.0
3,2020,DE,AAPL,0.002456267727096517
3,2020,DE,ABT,0.0
3,2020,DE,ACN,0.0
3,2020,DE,ADBE,0.015162117396141709
3,2020,DE,ADI,0.0
3,2020,DE,ADSK,0.0
3,2020,DE,AEP,0.0
3,2020,DE,AIG,0.0
3,2020,DE,AMAT,0.0
3,2020,DE,AMD,0.0
3,2020,DE,AMZN,0.012379241003003643
3,2020,DE,AON,0.00934988604372584
3,2020,DE,APD,0.0
3,2020,DE,AVGO,0.08904729408105555
3,2020,DE,AXP,0.0
3,2020,DE,BA,0.0
3,2020,DE,BAC,0.0036084667556611945
3,2020,DE,BDX,0.0
3,2020,DE,BIIB,0.0
3,2020,DE,BKNG,0.0
3,2020,DE,BLK,0.0
3,2020,DE,BMY,0.0
3,2020,DE,BSX,0.020050510780183252
3,2020,DE,C,0.0
3,2020,DE,CB,0.0
3,2020,DE,CDNS,0.0
3,2020,DE,CHTR,0.09566829087628141
3,2020,DE,CL,0.0
3,2020,DE,CMCSA,0.0
3,2020,DE,CME,0.17270429648851426
3,2020,DE,COP,0.0
3,2020,DE,COST,0.0
3,2020,DE,CRM,0.0
3,2020,DE,CSCO,0.0
3,2020,DE,CSX,0.0
3,2020,DE,CTSH,0.0
3,2020,DE,CVS,0.0
3,2020,DE,CVX,0.0
3,2020,DE,D,0.02384797904622155
3,2020,DE,DE,0.0
3,2020,DE,DHR,0.01178424965147502
3,2020,DE,DIS,0.0
3,2020,DE,DUK,0.0
3,2020,DE,EL,0.0030234289286987597
3,2020,DE,EMR,0.0
3,2020,DE,EOG,0.0
3,2020,DE,ETN,0.0
3,2020,DE,EW,0.0
3,2020,DE,EXC,0.0
3,2020,DE,F,0.0
3,2020,DE,FISV,0.04338221159988791
3,2020,DE,GD,0.0
3,2020,DE,GE,0.0
3,2020,DE,GILD,0.0
3,2020,DE,GM,0.0
3,2020,DE,GOOGL,0.0
3,2020,DE,GPN,0.0012872199155352583
3,2020,DE,GS,0.0
3,2020,DE,HD,0.0
3,2020,DE,HON,0.0
3,2020,DE,HUM,0.003647357719799406
3,2020,DE,ICE,0.0
3,2020,DE,IDXX,0.0
3,2020,DE,INTC,0.0
3,2020,DE,INTU,0.0
3,2020,DE,ISRG,0.0
3,2020,DE,ITW,0.0
3,2020,DE,JNJ,0.0
3,2020,DE,JPM,0.0
3,2020,DE,KLAC,0.0
3,2020,DE,KMB,0.0
3,2020,DE,KMI,0.0
3,2020,DE,KO,0.0
3,2020,DE,LIN,0.0
3,2020,DE,LMT,0.026509062352303502
3,2020,DE,LOW,0.0
3,2020,DE,LRCX,0.0
3,2020,DE,MA,0.0
3,2020,DE,MAR,0.0
3,2020,DE,MCD,0.0
3,2020,DE,MCHP,0.0
3,2020,DE,MCO,0.0
3,2020,DE,MDLZ,0.0
3,2020,DE,MDT,0.0
3,2020,DE,MO,0.0
3,2020,DE,MRK,0.0
3,2020,DE,MSFT,0.0
3,2020,DE,MU,0.0
3,2020,DE,NEE,0.0
3,2020,DE,NFLX,0.06160493001321336
3,2020,DE,NKE,0.0
3,2020,DE,NOC,0.022804040142163206
3,2020,DE,NSC,0.0
3,2020,DE,NVDA,0.0
3,2020,DE,NXPI,0.000918282250363227
3,2020,DE,ORCL,0.0
3,2020,DE,ORLY,0.0
3,2020,DE,PEP,0.0
3,2020,DE,PFE,0.0
3,2020,DE,PG,0.0
3,2020,DE,PH,0.0
3,2020,DE,PLD,0.0
3,2020,DE,PM,0.0
3,2020,DE,PNC,0.0
3,2020,DE,PSA,0.018824656401048922
3,2020,DE,QCOM,0.0
3,2020,DE,REGN,0.0
3,2020,DE,ROST,0.037567472239881806
3,2020,DE,RTX,0.0
3,2020,DE,SHW,0.04461096367756797
3,2020,DE,SLB,0.0
3,2020,DE,SNPS,0.0
3,2020,DE,SO,0.03641780769568135
3,2020,DE,SPGI,0.018218577527375723
3,2020,DE,SRE,0.06351964013354636
3,2020,DE,SYK,0.0
3,2020,DE,SYY,0.01700603066176136
3,2020,DE,T,0.0
3,2020,DE,TEL,0.0
3,2020,DE,TGT,0.0
3,2020,DE,TJX,0.0
3,2020,DE,TMO,0.0
3,2020,DE,TSLA,0.023856085663573168
3,2020,DE,TXN,0.0
3,2020,DE,UNH,0.10458457665440045
3,2020,DE,UNP,0.0
3,2020,DE,UPS,0.0
3,2020,DE,V,0.0
3,2020,DE,VRTX,0.0
3,2020,DE,VZ,0.007210846936689485
3,2020,DE,WFC,0.0
3,2020,DE,WM,0.0
3,2020,DE,WMT,0.008948209637148832
3,2020,DE,XOM,0.0
3,2020,Ledoit-Wolf,AAPL,0.0
3,2020,Ledoit-Wolf,ABT,0.0
3,2020,Ledoit-Wolf,ACN,0.0
3,2020,Ledoit-Wolf,ADBE,0.0068910882639894745
3,2020,Ledoit-Wolf,ADI,0.0
3,2020,Ledoit-Wolf,ADSK,0.0
3,2020,Ledoit-Wolf,AEP,0.0
3,2020,Ledoit-Wolf,AIG,0.0
3,2020,Ledoit-Wolf,AMAT,0.0
3,2020,Ledoit-Wolf,AMD,0.0
3,2020,Ledoit-Wolf,AMZN,0.010608538917681572
3,2020,Ledoit-Wolf,AON,2.973026836549267e-14
3,2020,Ledoit-Wolf,APD,0.0
3,2020,Ledoit-Wolf,AVGO,0.038278276245588515
3,2020,Ledoit-Wolf,AXP,0.0
3,2020,Ledoit-Wolf,BA,0.0
3,2020,Ledoit-Wolf,BAC,0.0
3,2020,Ledoit-Wolf,BDX,0.0
3,2020,Ledoit-Wolf,BIIB,0.0
3,2020,Ledoit-Wolf,BKNG,0.0
3,2020,Ledoit-Wolf,BLK,0.0
3,2020,Ledoit-Wolf,BMY,0.0
3,2020,Ledoit-Wolf,BSX,0.020022244564519943
3,2020,Ledoit-Wolf,C,0.0
3,2020,Ledoit-Wolf,CB,0.0
3,2020,Ledoit-Wolf,CDNS,0.0
3,2020,Ledoit-Wolf,CHTR,0.0755344110871842
3,2020,Ledoit-Wolf,CL,0.0
3,2020,Ledoit-Wolf,CMCSA,0.0
3,2020,Ledoit-Wolf,CME,0.11032574087151284
3,2020,Ledoit-Wolf,COP,0.0
3,2020,Ledoit-Wolf,COST,0.021350263155890767
3,2020,Ledoit-Wolf,CRM,0.0
3,2020,Ledoit-Wolf,CSCO,0.0
3,2020,Ledoit-Wolf,CSX,0.0
3,2020,Ledoit-Wolf,CTSH,0.0
3,2020,Ledoit-Wolf,CVS,0.0
3,2020,Ledoit-Wolf,CVX,0.0
3,2020,Ledoit-Wolf,D,0.0
3,2020,Ledoit-Wolf,DE,0.0
3,2020,Ledoit-Wolf,DHR,0.0
3,2020,Ledoit-Wolf,DIS,0.0
3,2020,Ledoit-Wolf,DUK,0.0
3,2020,Ledoit-Wolf,EL,0.0
3,2020,Ledoit-Wolf,EMR,0.0
3,2020,Ledoit-Wolf,EOG,0.0
3,2020,Ledoit-Wolf,ETN,0.0
3,2020,Ledoit-Wolf,EW,0.0
3,2020,Ledoit-Wolf,EXC,0.0
3,2020,Ledoit-Wolf,F,0.0
3,2020,Ledoit-Wolf,FISV,0.06041458126118464
3,2020,Ledoit-Wolf,GD,0.0
3,2020,Ledoit-Wolf,GE,0.0
3,2020,Ledoit-Wolf,GILD,0.0
3,2020,Ledoit-Wolf,GM,0.0
3,2020,Ledoit-Wolf,GOOGL,0.0
3,2020,Ledoit-Wolf,GPN,0.0
3,2020,Ledoit-Wolf,GS,0.0
3,2020,Ledoit-Wolf,HD,0.032338723524983445
3,2020,Ledoit-Wolf,HON,0.0
3,2020,Ledoit-Wolf,HUM,0.0
3,2020,Ledoit-Wolf,ICE,0.0
3,2020,Ledoit-Wolf,IDXX,0.0
3,2020,Ledoit-Wolf,INTC,0.0
3,2020,Ledoit-Wolf,INTU,0.0
3,2020,Ledoit-Wolf,ISRG,0.0
3,2020,Ledoit-Wolf,ITW,0.0
3,2020,Ledoit-Wolf,JNJ,0.0
3,2020,Ledoit-Wolf,JPM,0.0
3,2020,Ledoit-Wolf,KLAC,0.0
3,2020,Ledoit-Wolf,KMB,0.0
3,2020,Ledoit-Wolf,KMI,0.0
3,2020,Ledoit-Wolf,KO,0.0
3,2020,Ledoit-Wolf,LIN,0.0
3,2020,Ledoit-Wolf,LMT,0.11935281504294076
3,2020,Ledoit-Wolf,LOW,0.0
3,2020,Ledoit-Wolf,LRCX,0.0
3,2020,Ledoit-Wolf,MA,4.6123567747417616e-14
3,2020,Ledoit-Wolf,MAR,8.756263045332096e-14
3,2020,Ledoit-Wolf,MCD,0.0
3,2020,Ledoit-Wolf,MCHP,0.0
3,2020,Ledoit-Wolf,MCO,5.152446140135754e-14
3,2020,Ledoit-Wolf,MDLZ,0.0
3,2020,Ledoit-Wolf,MDT,0.0
3,2020,Ledoit-Wolf,MO,0.0
3,2020,Ledoit-Wolf,MRK,0.0
3,2020,Ledoit-Wolf,MSFT,6.241502660130645e-14
3,2020,Ledoit-Wolf,MU,0.0
3,2020,Ledoit-Wolf,NEE,0.1999999999998539
3,2020,Ledoit-Wolf,NFLX,0.06372017154975435
3,2020,Ledoit-Wolf,NKE,0.0
3,2020,Ledoit-Wolf,NOC,0.026639415569375786
3,2020,Ledoit-Wolf,NSC,0.0
3,2020,Ledoit-Wolf,NVDA,0.04198453203830096
3,2020,Ledoit-Wolf,NXPI,0.0
3,2020,Ledoit-Wolf,ORCL,0.0
3,2020,Ledoit-Wolf,ORLY,0.0
3,2020,Ledoit-Wolf,PEP,0.0
3,2020,Ledoit-Wolf,PFE,0.0
3,2020,Ledoit-Wolf,PG,0.0
3,2020,Ledoit-Wolf,PH,0.0
3,2020,Ledoit-Wolf,PLD,0.0
3,2020,Ledoit-Wolf,PM,0.0
3,2020,Ledoit-Wolf,PNC,0.0
3,2020,Ledoit-Wolf,PSA,0.0
3,2020,Ledoit-Wolf,QCOM,0.0
3,2020,Ledoit-Wolf,REGN,0.0
3,2020,Ledoit-Wolf,ROST,0.0
3,2020,Ledoit-Wolf,RTX,0.0
3,2020,Ledoit-Wolf,SHW,0.05121210833808798
3,2020,Ledoit-Wolf,SLB,0.0
3,2020,Ledoit-Wolf,SNPS,7.695203383251351e-14
3,2020,Ledoit-Wolf,SO,0.0
3,2020,Ledoit-Wolf,SPGI,2.9100503528503047e-15
3,2020,Ledoit-Wolf,SRE,0.0
3,2020,Ledoit-Wolf,SYK,1.0786394161407453e-13
3,2020,Ledoit-Wolf,SYY,0.0
3,2020,Ledoit-Wolf,T,0.0
3,2020,Ledoit-Wolf,TEL,0.0
3,2020,Ledoit-Wolf,TGT,0.0
3,2020,Ledoit-Wolf,TJX,0.0
3,2020,Ledoit-Wolf,TMO,0.0
3,2020,Ledoit-Wolf,TSLA,0.0
3,2020,Ledoit-Wolf,TXN,0.0
3,2020,Ledoit-Wolf,UNH,0.0639995258341665
3,2020,Ledoit-Wolf,UNP,0.0
3,2020,Ledoit-Wolf,UPS,0.0
3,2020,Ledoit-Wolf,V,0.0
3,2020,Ledoit-Wolf,VRTX,0.0
3,2020,Ledoit-Wolf,VZ,0.0
3,2020,Ledoit-Wolf,WFC,0.0
3,2020,Ledoit-Wolf,WM,0.05732756373451928
3,2020,Ledoit-Wolf,WMT,0.0
3,2020,Ledoit-Wolf,XOM,0.0
3,2020,Max Sharpe,AAPL,0.0
3,2020,Max Sharpe,ABT,0.0
3,2020,Max Sharpe,ACN,0.0
3,2020,Max Sharpe,ADBE,0.006131977311856215
3,2020,Max Sharpe,ADI,0.0
3,2020,Max Sharpe,ADSK,0.0
3,2020,Max Sharpe,AEP,0.0
3,2020,Max Sharpe,AIG,0.0
3,2020,Max Sharpe,AMAT,0.0
3,2020,Max Sharpe,AMD,0.0
3,2020,Max Sharpe,AMZN,0.010392965709365898
3,2020,Max Sharpe,AON,4.436092548053106e-17
3,2020,Max Sharpe,APD,0.0
3,2020,Max Sharpe,AVGO,0.03804694209491247
3,2020,Max Sharpe,AXP,0.0
3,2020,Max Sharpe,BA,0.0
3,2020,Max Sharpe,BAC,0.0
3,2020,Max Sharpe,BDX,1.307856437012082e-16
3,2020,Max Sharpe,BIIB,0.0
3,2020,Max Sharpe,BKNG,0.0
3,2020,Max Sharpe,BLK,0.0
3,2020,Max Sharpe,BMY,0.0
3,2020,Max Sharpe,BSX,0.019600498713709155
3,2020,Max Sharpe,C,0.0
3,2020,Max Sharpe,CB,0.0
3,2020,Max Sharpe,CDNS,7.99848295628216e-17
3,2020,Max Sharpe,CHTR,0.07550662466256101
3,2020,Max Sharpe,CL,0.0
3,2020,Max Sharpe,CMCSA,0.0
3,2020,Max Sharpe,CME,0.1112728524075845
3,2020,Max Sharpe,COP,0.0
3,2020,Max Sharpe,COST,0.020903616863801166
3,2020,Max Sharpe,CRM,0.0
3,2020,Max Sharpe,CSCO,0.0
3,2020,Max Sharpe,CSX,0.0
3,2020,Max Sharpe,CTSH,0.0
3,2020,Max Sharpe,CVS,0.0
3,2020,Max Sharpe,CVX,0.0
3,2020,Max Sharpe,D,0.0
3,2020,Max Sharpe,DE,0.0
3,2020,Max Sharpe,DHR,0.0
3,2020,Max Sharpe,DIS,0.0
3,2020,Max Sharpe,DUK,0.0
3,2020,Max Sharpe,EL,0.0
3,2020,Max Sharpe,EMR,0.0
3,2020,Max Sharpe,EOG,0.0
3,2020,Max Sharpe,ETN,0.0
3,2020,Max Sharpe,EW,0.0
3,2020,Max Sharpe,EXC,0.0
3,2020,Max Sharpe,F,0.0
3,2020,Max Sharpe,FISV,0.060771587507568434
3,2020,Max Sharpe,GD,0.0
3,2020,Max Sharpe,GE,0.0
3,2020,Max Sharpe,GILD,0.0
3,2020,Max Sharpe,GM,0.0
3,2020,Max Sharpe,GOOGL,0.0
3,2020,Max Sharpe,GPN,1.0562529635837163e-17
3,2020,Max Sharpe,GS,0.0
3,2020,Max Sharpe,HD,0.03190433410922383
3,2020,Max Sharpe,HON,0.0
3,2020,Max Sharpe,HUM,0.0
3,2020,Max Sharpe,ICE,0.0
3,2020,Max Sharpe,IDXX,0.0
3,2020,Max Sharpe,INTC,0.0
3,2020,Max Sharpe,INTU,0.0
3,2020,Max Sharpe,ISRG,0.0
3,2020,Max Sharpe,ITW,0.0
3,2020,Max Sharpe,JNJ,0.0
3,2020,Max Sharpe,JPM,0.0
3,2020,Max Sharpe,KLAC,0.0
3,2020,Max Sharpe,KMB,0.0
3,2020,Max Sharpe,KMI,0.0
3,2020,Max Sharpe,KO,0.0
3,2020,Max Sharpe,LIN,0.0
3,2020,Max Sharpe,LMT,0.12327840538122715
3,2020,Max Sharpe,LOW,0.0
3,2020,Max Sharpe,LRCX,0.0
3,2020,Max Sharpe,MA,6.334010315824931e-17
3,2020,Max Sharpe,MAR,1.000158136916256e-16
3,2020,Max Sharpe,MCD,0.0
3,2020,Max Sharpe,MCHP,0.0
3,2020,Max Sharpe,MCO,8.901404265375291e-18
3,2020,Max Sharpe,MDLZ,0.0
3,2020,Max Sharpe,MDT,0.0
3,2020,Max Sharpe,MO,0.0
3,2020,Max Sharpe,MRK,0.0
3,2020,Max Sharpe,MSFT,9.487788147797039e-18
3,2020,Max Sharpe,MU,0.0
3,2020,Max Sharpe,NEE,0.19999999999999982
3,2020,Max Sharpe,NFLX,0.06361366381299408
3,2020,Max Sharpe,NKE,0.0
3,2020,Max Sharpe,NOC,0.02347280020235646
3,2020,Max Sharpe,NSC,0.0
3,2020,Max Sharpe,NVDA,0.04184563282817278
3,2020,Max Sharpe,NXPI,0.0
3,2020,Max Sharpe,ORCL,0.0
3,2020,Max Sharpe,ORLY,0.0
3,2020,Max Sharpe,PEP,0.0
3,2020,Max Sharpe,PFE,0.0
3,2020,Max Sharpe,PG,0.0
3,2020,Max Sharpe,PH,0.0
3,2020,Max Sharpe,PLD,0.0
3,2020,Max Sharpe,PM,0.0
3,2020,Max Sharpe,PNC,0.0
3,2020,Max Sharpe,PSA,0.0
3,2020,Max Sharpe,QCOM,0.0
3,2020,Max Sharpe,REGN,0.0
3,2020,Max Sharpe,ROST,0.0
3,2020,Max Sharpe,RTX,0.0
3,2020,Max Sharpe,SHW,0.05139183496244932
3,2020,Max Sharpe,SLB,0.0
3,2020,Max Sharpe,SNPS,6.281796333377872e-17
3,2020,Max Sharpe,SO,0.0
3,2020,Max Sharpe,SPGI,1.9269342988088526e-17
3,2020,Max Sharpe,SRE,0.0
3,2020,Max Sharpe,SYK,3.683234953095399e-17
3,2020,Max Sharpe,SYY,0.0
3,2020,Max Sharpe,T,0.0
3,2020,Max Sharpe,TEL,0.0
3,2020,Max Sharpe,TGT,0.0
3,2020,Max Sharpe,TJX,0.0
3,2020,Max Sharpe,TMO,2.570524982782754e-17
3,2020,Max Sharpe,TSLA,0.0
3,2020,Max Sharpe,TXN,0.0
3,2020,Max Sharpe,UNH,0.06414321013474711
3,2020,Max Sharpe,UNP,0.0
3,2020,Max Sharpe,UPS,0.0
3,2020,Max Sharpe,V,1.7026823393378854e-17
3,2020,Max Sharpe,VRTX,0.0
3,2020,Max Sharpe,VZ,0.0
3,2020,Max Sharpe,WFC,0.0
3,2020,Max Sharpe,WM,0.057723053297470066
3,2020,Max Sharpe,WMT,0.0
3,2020,Max Sharpe,XOM,0.0
3,2020,Min Variance,AAPL,0.0
3,2020,Min Variance,ABT,0.0
3,2020,Min Variance,ACN,0.0
3,2020,Min Variance,ADBE,0.0
3,2020,Min Variance,ADI,0.0
3,2020,Min Variance,ADSK,0.0
3,2020,Min Variance,AEP,5.421010862427522e-20
3,2020,Min Variance,AIG,0.0
3,2020,Min Variance,AMAT,0.0
3,2020,Min Variance,AMD,0.0
3,2020,Min Variance,AMZN,0.0
3,2020,Min Variance,AON,1.0299920638612292e-18
3,2020,Min Variance,APD,0.0
3,2020,Min Variance,AVGO,0.0
3,2020,Min Variance,AXP,0.0
3,2020,Min Variance,BA,0.0
3,2020,Min Variance,BAC,0.0
3,2020,Min Variance,BDX,0.012683614826463725
3,2020,Min Variance,BIIB,0.0
3,2020,Min Variance,BKNG,0.0
3,2020,Min Variance,BLK,0.0
3,2020,Min Variance,BMY,0.0
3,2020,Min Variance,BSX,0.0
3,2020,Min Variance,C,0.0
3,2020,Min Variance,CB,3.8906638949818156e-19
3,2020,Min Variance,CDNS,0.0
3,2020,Min Variance,CHTR,0.0
3,2020,Min Variance,CL,5.4704697417407265e-18
3,2020,Min Variance,CMCSA,0.0
3,2020,Min Variance,CME,0.0
3,2020,Min Variance,COP,0.0
3,2020,Min Variance,COST,0.006623503783345891
3,2020,Min Variance,CRM,0.0
3,2020,Min Variance,CSCO,0.0
3,2020,Min Variance,CSX,0.0
3,2020,Min Variance,CTSH,0.0
3,2020,Min Variance,CVS,0.0
3,2020,Min Variance,CVX,0.0
3,2020,Min Variance,D,0.02908879816541567
3,2020,Min Variance,DE,0.0
3,2020,Min Variance,DHR,0.0
3,2020,Min Variance,DIS,0.0
3,2020,Min Variance,DUK,0.06406248088555351
3,2020,Min Variance,EL,0.0
3,2020,Min Variance,EMR,0.0
3,2020,Min Variance,EOG,0.0
3,2020,Min Variance,ETN,0.0
3,2020,Min Variance,EW,0.0
3,2020,Min Variance,EXC,0.0
3,2020,Min Variance,F,0.0
3,2020,Min Variance,FISV,0.0
3,2020,Min Variance,GD,0.0
3,2020,Min Variance,GE,0.0
3,2020,Min Variance,GILD,0.0
3,2020,Min Variance,GM,0.0
3,2020,Min Variance,GOOGL,0.0
3,2020,Min Variance,GPN,0.0
3,2020,Min Variance,GS,0.0
3,2020,Min Variance,HD,0.0
3,2020,Min Variance,HON,0.0
3,2020,Min Variance,HUM,0.0
3,2020,Min Variance,ICE,0.0
3,2020,Min Variance,IDXX,0.0
3,2020,Min Variance,INTC,0.0
3,2020,Min Variance,INTU,0.0
3,2020,Min Variance,ISRG,0.0
3,2020,Min Variance,ITW,0.0
3,2020,Min Variance,JNJ,0.04152974901724927
3,2020,Min Variance,JPM,0.0
3,2020,Min Variance,KLAC,0.0
3,2020,Min Variance,KMB,0.0
3,2020,Min Variance,KMI,0.0
3,2020,Min Variance,KO,0.03961739665367197
3,2020,Min Variance,LIN,0.03853845146018415
3,2020,Min Variance,LMT,0.05362246366240715
3,2020,Min Variance,LOW,0.0
3,2020,Min Variance,LRCX,0.0
3,2020,Min Variance,MA,0.0
3,2020,Min Variance,MAR,0.0
3,2020,Min Variance,MCD,0.12181022350505097
3,2020,Min Variance,MCHP,0.0
3,2020,Min Variance,MCO,0.0
3,2020,Min Variance,MDLZ,0.0
3,2020,Min Variance,MDT,0.0
3,2020,Min Variance,MO,0.0
3,2020,Min Variance,MRK,0.0
3,2020,Min Variance,MSFT,0.0
3,2020,Min Variance,MU,0.0
3,2020,Min Variance,NEE,4.87890977618477e-19
3,2020,Min Variance,NFLX,0.0
3,2020,Min Variance,NKE,0.0
3,2020,Min Variance,NOC,0.0
3,2020,Min Variance,NSC,0.0
3,2020,Min Variance,NVDA,0.0
3,2020,Min Variance,NXPI,0.0
3,2020,Min Variance,ORCL,0.0
3,2020,Min Variance,ORLY,0.0
3,2020,Min Variance,PEP,0.02773631423198516
3,2020,Min Variance,PFE,0.04476431043450011
3,2020,Min Variance,PG,0.03491751798890997
3,2020,Min Variance,PH,0.0
3,2020,Min Variance,PLD,0.0
3,2020,Min Variance,PM,0.0
3,2020,Min Variance,PNC,0.0
3,2020,Min Variance,PSA,0.05422146887247504
3,2020,Min Variance,QCOM,0.0
3,2020,Min Variance,REGN,0.0
3,2020,Min Variance,ROST,0.0
3,2020,Min Variance,RTX,0.0
3,2020,Min Variance,SHW,0.0
3,2020,Min Variance,SLB,0.0
3,2020,Min Variance,SNPS,0.0
3,2020,Min Variance,SO,0.12394731410351739
3,2020,Min Variance,SPGI,0.0
3,2020,Min Variance,SRE,2.8962839133709102e-18
3,2020,Min Variance,SYK,0.0
3,2020,Min Variance,SYY,0.058990673706701205
3,2020,Min Variance,T,0.05739289321020376
3,2020,Min Variance,TEL,0.0
3,2020,Min Variance,TGT,0.0
3,2020,Min Variance,TJX,0.0
3,2020,Min Variance,TMO,0.0
3,2020,Min Variance,TSLA,0.0
3,2020,Min Variance,TXN,0.0
3,2020,Min Variance,UNH,0.0
3,2020,Min Variance,UNP,0.0
3,2020,Min Variance,UPS,0.020318601473717533
3,2020,Min Variance,V,0.0
3,2020,Min Variance,VRTX,0.0
3,2020,Min Variance,VZ,0.014446663776802258
3,2020,Min Variance,WFC,0.0
3,2020,Min Variance,WM,0.08465520568273296
3,2020,Min Variance,WMT,0.045434007359166126
3,2020,Min Variance,XOM,0.025598347199946046
3,2020,Equal Weight (1/N),AAPL,0.007462686567164179
3,2020,Equal Weight (1/N),ABT,0.007462686567164179
3,2020,Equal Weight (1/N),ACN,0.007462686567164179
3,2020,Equal Weight (1/N),ADBE,0.007462686567164179
3,2020,Equal Weight (1/N),ADI,0.007462686567164179
3,2020,Equal Weight (1/N),ADSK,0.007462686567164179
3,2020,Equal Weight (1/N),AEP,0.007462686567164179
3,2020,Equal Weight (1/N),AIG,0.007462686567164179
3,2020,Equal Weight (1/N),AMAT,0.007462686567164179
3,2020,Equal Weight (1/N),AMD,0.007462686567164179
3,2020,Equal Weight (1/N),AMZN,0.007462686567164179
3,2020,Equal Weight (1/N),AON,0.007462686567164179
3,2020,Equal Weight (1/N),APD,0.007462686567164179
3,2020,Equal Weight (1/N),AVGO,0.007462686567164179
3,2020,Equal Weight (1/N),AXP,0.007462686567164179
3,2020,Equal Weight (1/N),BA,0.007462686567164179
3,2020,Equal Weight (1/N),BAC,0.007462686567164179
3,2020,Equal Weight (1/N),BDX,0.007462686567164179
3,2020,Equal Weight (1/N),BIIB,0.007462686567164179
3,2020,Equal Weight (1/N),BKNG,0.007462686567164179
3,2020,Equal Weight (1/N),BLK,0.007462686567164179
3,2020,Equal Weight (1/N),BMY,0.007462686567164179
3,2020,Equal Weight (1/N),BSX,0.007462686567164179
3,2020,Equal Weight (1/N),C,0.007462686567164179
3,2020,Equal Weight (1/N),CB,0.007462686567164179
3,2020,Equal Weight (1/N),CDNS,0.007462686567164179
3,2020,Equal Weight (1/N),CHTR,0.007462686567164179
3,2020,Equal Weight (1/N),CL,0.007462686567164179
3,2020,Equal Weight (1/N),CMCSA,0.007462686567164179
3,2020,Equal Weight (1/N),CME,0.007462686567164179
3,2020,Equal Weight (1/N),COP,0.007462686567164179
3,2020,Equal Weight (1/N),COST,0.007462686567164179
3,2020,Equal Weight (1/N),CRM,0.007462686567164179
3,2020,Equal Weight (1/N),CSCO,0.007462686567164179
3,2020,Equal Weight (1/N),CSX,0.007462686567164179
3,2020,Equal Weight (1/N),CTSH,0.007462686567164179
3,2020,Equal Weight (1/N),CVS,0.007462686567164179
3,2020,Equal Weight (1/N),CVX,0.007462686567164179
3,2020,Equal Weight (1/N),D,0.007462686567164179
3,2020,Equal Weight (1/N),DE,0.007462686567164179
3,2020,Equal Weight (1/N),DHR,0.007462686567164179
3,2020,Equal Weight (1/N),DIS,0.007462686567164179
3,2020,Equal Weight (1/N),DUK,0.007462686567164179
3,2020,Equal Weight (1/N),EL,0.007462686567164179
3,2020,Equal Weight (1/N),EMR,0.007462686567164179
3,2020,Equal Weight (1/N),EOG,0.007462686567164179
3,2020,Equal Weight (1/N),ETN,0.007462686567164179
3,2020,Equal Weight (1/N),EW,0.007462686567164179
3,2020,Equal Weight (1/N),EXC,0.007462686567164179
3,2020,Equal Weight (1/N),F,0.007462686567164179
3,2020,Equal Weight (1/N),FISV,0.007462686567164179
3,2020,Equal Weight (1/N),GD,0.007462686567164179
3,2020,Equal Weight (1/N),GE,0.007462686567164179
3,2020,Equal Weight (1/N),GILD,0.007462686567164179
3,2020,Equal Weight (1/N),GM,0.007462686567164179
3,2020,Equal Weight (1/N),GOOGL,0.007462686567164179
3,2020,Equal Weight (1/N),GPN,0.007462686567164179
3,2020,Equal Weight (1/N),GS,0.007462686567164179
3,2020,Equal Weight (1/N),HD,0.007462686567164179
3,2020,Equal Weight (1/N),HON,0.007462686567164179
3,2020,Equal Weight (1/N),HUM,0.007462686567164179
3,2020,Equal Weight (1/N),ICE,0.007462686567164179
3,2020,Equal Weight (1/N),IDXX,0.007462686567164179
3,2020,Equal Weight (1/N),INTC,0.007462686567164179
3,2020,Equal Weight (1/N),INTU,0.007462686567164179
3,2020,Equal Weight (1/N),ISRG,0.007462686567164179
3,2020,Equal Weight (1/N),ITW,0.007462686567164179
3,2020,Equal Weight (1/N),JNJ,0.007462686567164179
3,2020,Equal Weight (1/N),JPM,0.007462686567164179
3,2020,Equal Weight (1/N),KLAC,0.007462686567164179
3,2020,Equal Weight (1/N),KMB,0.007462686567164179
3,2020,Equal Weight (1/N),KMI,0.007462686567164179
3,2020,Equal Weight (1/N),KO,0.007462686567164179
3,2020,Equal Weight (1/N),LIN,0.007462686567164179
3,2020,Equal Weight (1/N),LMT,0.007462686567164179
3,2020,Equal Weight (1/N),LOW,0.007462686567164179
3,2020,Equal Weight (1/N),LRCX,0.007462686567164179
3,2020,Equal Weight (1/N),MA,0.007462686567164179
3,2020,Equal Weight (1/N),MAR,0.007462686567164179
3,2020,Equal Weight (1/N),MCD,0.007462686567164179
3,2020,Equal Weight (1/N),MCHP,0.007462686567164179
3,2020,Equal Weight (1/N),MCO,0.007462686567164179
3,2020,Equal Weight (1/N),MDLZ,0.007462686567164179
3,2020,Equal Weight (1/N),MDT,0.007462686567164179
3,2020,Equal Weight (1/N),MO,0.007462686567164179
3,2020,Equal Weight (1/N),MRK,0.007462686567164179
3,2020,Equal Weight (1/N),MSFT,0.007462686567164179
3,2020,Equal Weight (1/N),MU,0.007462686567164179
3,2020,Equal Weight (1/N),NEE,0.007462686567164179
3,2020,Equal Weight (1/N),NFLX,0.007462686567164179
3,2020,Equal Weight (1/N),NKE,0.007462686567164179
3,2020,Equal Weight (1/N),NOC,0.007462686567164179
3,2020,Equal Weight (1/N),NSC,0.007462686567164179
3,2020,Equal Weight (1/N),NVDA,0.007462686567164179
3,2020,Equal Weight (1/N),NXPI,0.007462686567164179
3,2020,Equal Weight (1/N),ORCL,0.007462686567164179
3,2020,Equal Weight (1/N),ORLY,0.007462686567164179
3,2020,Equal Weight (1/N),PEP,0.007462686567164179
3,2020,Equal Weight (1/N),PFE,0.007462686567164179
3,2020,Equal Weight (1/N),PG,0.007462686567164179
3,2020,Equal Weight (1/N),PH,0.007462686567164179
3,2020,Equal Weight (1/N),PLD,0.007462686567164179
3,2020,Equal Weight (1/N),PM,0.007462686567164179
3,2020,Equal Weight (1/N),PNC,0.007462686567164179
3,2020,Equal Weight (1/N),PSA,0.007462686567164179
3,2020,Equal Weight (1/N),QCOM,0.007462686567164179
3,2020,Equal Weight (1/N),REGN,0.007462686567164179
3,2020,Equal Weight (1/N),ROST,0.007462686567164179
3,2020,Equal Weight (1/N),RTX,0.007462686567164179
3,2020,Equal Weight (1/N),SHW,0.007462686567164179
3,2020,Equal Weight (1/N),SLB,0.007462686567164179
3,2020,Equal Weight (1/N),SNPS,0.007462686567164179
3,2020,Equal Weight (1/N),SO,0.007462686567164179
3,2020,Equal Weight (1/N),SPGI,0.007462686567164179
3,2020,Equal Weight (1/N),SRE,0.007462686567164179
3,2020,Equal Weight (1/N),SYK,0.007462686567164179
3,2020,Equal Weight (1/N),SYY,0.007462686567164179
3,2020,Equal Weight (1/N),T,0.007462686567164179
3,2020,Equal Weight (1/N),TEL,0.007462686567164179
3,2020,Equal Weight (1/N),TGT,0.007462686567164179
3,2020,Equal Weight (1/N),TJX,0.007462686567164179
3,2020,Equal Weight (1/N),TMO,0.007462686567164179
3,2020,Equal Weight (1/N),TSLA,0.007462686567164179
3,2020,Equal Weight (1/N),TXN,0.007462686567164179
3,2020,Equal Weight (1/N),UNH,0.007462686567164179
3,2020,Equal Weight (1/N),UNP,0.007462686567164179
3,2020,Equal Weight (1/N),UPS,0.007462686567164179
3,2020,Equal Weight (1/N),V,0.007462686567164179
3,2020,Equal Weight (1/N),VRTX,0.007462686567164179
3,2020,Equal Weight (1/N),VZ,0.007462686567164179
3,2020,Equal Weight (1/N),WFC,0.007462686567164179
3,2020,Equal Weight (1/N),WM,0.007462686567164179
3,2020,Equal Weight (1/N),WMT,0.007462686567164179
3,2020,Equal Weight (1/N),XOM,0.007462686567164179
4,2021,AOBL-SOS (Proposed),AAPL,0.0015776512446833253
4,2021,AOBL-SOS (Proposed),ABT,0.0
4,2021,AOBL-SOS (Proposed),ACN,0.0
4,2021,AOBL-SOS (Proposed),ADBE,0.036165468983979966
4,2021,AOBL-SOS (Proposed),ADI,0.0
4,2021,AOBL-SOS (Proposed),ADSK,0.0
4,2021,AOBL-SOS (Proposed),AEP,0.003889721639380967
4,2021,AOBL-SOS (Proposed),AIG,0.0
4,2021,AOBL-SOS (Proposed),AMAT,0.0
4,2021,AOBL-SOS (Proposed),AMD,0.008488152550658599
4,2021,AOBL-SOS (Proposed),AMZN,0.09290554489676536
4,2021,AOBL-SOS (Proposed),AON,0.0
4,2021,AOBL-SOS (Proposed),APD,0.0
4,2021,AOBL-SOS (Proposed),AVGO,0.001641305599040967
4,2021,AOBL-SOS (Proposed),AXP,0.0
4,2021,AOBL-SOS (Proposed),BA,0.0
4,2021,AOBL-SOS (Proposed),BAC,0.0
4,2021,AOBL-SOS (Proposed),BDX,0.0
4,2021,AOBL-SOS (Proposed),BIIB,0.0005955311398799432
4,2021,AOBL-SOS (Proposed),BKNG,0.0
4,2021,AOBL-SOS (Proposed),BLK,0.0
4,2021,AOBL-SOS (Proposed),BMY,0.0024561737466966033
4,2021,AOBL-SOS (Proposed),BSX,0.0
4,2021,AOBL-SOS (Proposed),C,0.0
4,2021,AOBL-SOS (Proposed),CB,0.0
4,2021,AOBL-SOS (Proposed),CDNS,0.0
4,2021,AOBL-SOS (Proposed),CHTR,0.0
4,2021,AOBL-SOS (Proposed),CL,0.0
4,2021,AOBL-SOS (Proposed),CMCSA,0.0
4,2021,AOBL-SOS (Proposed),CME,0.0004966936575212105
4,2021,AOBL-SOS (Proposed),COP,0.0
4,2021,AOBL-SOS (Proposed),COST,0.18856926924141687
4,2021,AOBL-SOS (Proposed),CRM,0.0
4,2021,AOBL-SOS (Proposed),CSCO,0.0
4,2021,AOBL-SOS (Proposed),CSX,1.1759395938172392e-06
4,2021,AOBL-SOS (Proposed),CTSH,0.0
4,2021,AOBL-SOS (Proposed),CVS,0.0
4,2021,AOBL-SOS (Proposed),CVX,0.0
4,2021,AOBL-SOS (Proposed),D,0.0
4,2021,AOBL-SOS (Proposed),DE,0.0
4,2021,AOBL-SOS (Proposed),DHR,0.0
4,2021,AOBL-SOS (Proposed),DIS,0.0
4,2021,AOBL-SOS (Proposed),DUK,0.0
4,2021,AOBL-SOS (Proposed),EL,0.0
4,2021,AOBL-SOS (Proposed),EMR,0.0
4,2021,AOBL-SOS (Proposed),EOG,0.0
4,2021,AOBL-SOS (Proposed),ETN,0.0
4,2021,AOBL-SOS (Proposed),EW,0.0
4,2021,AOBL-SOS (Proposed),EXC,0.0
4,2021,AOBL-SOS (Proposed),F,0.0
4,2021,AOBL-SOS (Proposed),FISV,0.00020711227084137831
4,2021,AOBL-SOS (Proposed),GD,0.0
4,2021,AOBL-SOS (Proposed),GE,0.0
4,2021,AOBL-SOS (Proposed),GILD,0.0
4,2021,AOBL-SOS (Proposed),GM,0.0
4,2021,AOBL-SOS (Proposed),GOOGL,0.0
4,2021,AOBL-SOS (Proposed),GPN,0.0
4,2021,AOBL-SOS (Proposed),GS,0.0
4,2021,AOBL-SOS (Proposed),HD,0.0
4,2021,AOBL-SOS (Proposed),HON,0.0
4,2021,AOBL-SOS (Proposed),HUM,1.5914597676823178e-06
4,2021,AOBL-SOS (Proposed),ICE,1.3332950390205138e-07
4,2021,AOBL-SOS (Proposed),IDXX,0.08754022686858312
4,2021,AOBL-SOS (Proposed),INTC,0.0
4,2021,AOBL-SOS (Proposed),INTU,0.0
4,2021,AOBL-SOS (Proposed),ISRG,0.0
4,2021,AOBL-SOS (Proposed),ITW,0.0
4,2021,AOBL-SOS (Proposed),JNJ,0.0
4,2021,AOBL-SOS (Proposed),JPM,0.0
4,2021,AOBL-SOS (Proposed),KLAC,0.0004005921469963385
4,2021,AOBL-SOS (Proposed),KMB,0.0
4,2021,AOBL-SOS (Proposed),KMI,0.0
4,2021,AOBL-SOS (Proposed),KO,0.0002181172984588539
4,2021,AOBL-SOS (Proposed),LIN,0.0
4,2021,AOBL-SOS (Proposed),LMT,2.344508464384939e-05
4,2021,AOBL-SOS (Proposed),LOW,0.0
4,2021,AOBL-SOS (Proposed),LRCX,0.0
4,2021,AOBL-SOS (Proposed),MA,2.291937810990456e-05
4,2021,AOBL-SOS (Proposed),MAR,0.0
4,2021,AOBL-SOS (Proposed),MCD,0.0
4,2021,AOBL-SOS (Proposed),MCHP,0.0
4,2021,AOBL-SOS (Proposed),MCO,0.0
4,2021,AOBL-SOS (Proposed),MDLZ,0.0
4,2021,AOBL-SOS (Proposed),MDT,0.0
4,2021,AOBL-SOS (Proposed),MO,0.0
4,2021,AOBL-SOS (Proposed),MRK,0.0
4,2021,AOBL-SOS (Proposed),MSFT,0.0
4,2021,AOBL-SOS (Proposed),MU,0.0
4,2021,AOBL-SOS (Proposed),NEE,0.13314810470387875
4,2021,AOBL-SOS (Proposed),NFLX,0.11305496228172408
4,2021,AOBL-SOS (Proposed),NKE,0.0
4,2021,AOBL-SOS (Proposed),NOC,0.07030370829575244
4,2021,AOBL-SOS (Proposed),NSC,0.0
4,2021,AOBL-SOS (Proposed),NVDA,0.0
4,2021,AOBL-SOS (Proposed),NXPI,0.0
4,2021,AOBL-SOS (Proposed),ORCL,0.00017790744773160734
4,2021,AOBL-SOS (Proposed),ORLY,0.0
4,2021,AOBL-SOS (Proposed),PEP,0.0
4,2021,AOBL-SOS (Proposed),PFE,0.0
4,2021,AOBL-SOS (Proposed),PG,0.0
4,2021,AOBL-SOS (Proposed),PH,0.0
4,2021,AOBL-SOS (Proposed),PLD,0.0
4,2021,AOBL-SOS (Proposed),PM,0.0
4,2021,AOBL-SOS (Proposed),PNC,0.0
4,2021,AOBL-SOS (Proposed),PSA,0.0
4,2021,AOBL-SOS (Proposed),QCOM,0.0
4,2021,AOBL-SOS (Proposed),REGN,0.07469657084288131
4,2021,AOBL-SOS (Proposed),ROST,7.522938138215555e-06
4,2021,AOBL-SOS (Proposed),RTX,0.0
4,2021,AOBL-SOS (Proposed),SHW,0.0
4,2021,AOBL-SOS (Proposed),SLB,0.0
4,2021,AOBL-SOS (Proposed),SNPS,0.0
4,2021,AOBL-SOS (Proposed),SO,0.0
4,2021,AOBL-SOS (Proposed),SPGI,0.0
4,2021,AOBL-SOS (Proposed),SRE,0.0
4,2021,AOBL-SOS (Proposed),SYK,0.0
4,2021,AOBL-SOS (Proposed),SYY,0.0
4,2021,AOBL-SOS (Proposed),T,0.0
4,2021,AOBL-SOS (Proposed),TEL,0.0
4,2021,AOBL-SOS (Proposed),TGT,0.026986919571383015
4,2021,AOBL-SOS (Proposed),TJX,0.0
4,2021,AOBL-SOS (Proposed),TMO,0.0
4,2021,AOBL-SOS (Proposed),TSLA,0.10407571274171128
4,2021,AOBL-SOS (Proposed),TXN,0.0
4,2021,AOBL-SOS (Proposed),UNH,0.04842363776208767
4,2021,AOBL-SOS (Proposed),UNP,0.0
4,2021,AOBL-SOS (Proposed),UPS,0.0
4,2021,AOBL-SOS (Proposed),V,0.0
4,2021,AOBL-SOS (Proposed),VRTX,0.0009228734868767109
4,2021,AOBL-SOS (Proposed),VZ,0.003001253451312295
4,2021,AOBL-SOS (Proposed),WFC,0.0
4,2021,AOBL-SOS (Proposed),WM,0.0
4,2021,AOBL-SOS (Proposed),WMT,0.0
4,2021,AOBL-SOS (Proposed),XOM,0.0
4,2021,SOS (Baseline),AAPL,0.0
4,2021,SOS (Baseline),ABT,0.0
4,2021,SOS (Baseline),ACN,0.0007897613333320084
4,2021,SOS (Baseline),ADBE,0.02930360500354722
4,2021,SOS (Baseline),ADI,0.0
4,2021,SOS (Baseline),ADSK,1.658721304976864e-05
4,2021,SOS (Baseline),AEP,0.0
4,2021,SOS (Baseline),AIG,0.0
4,2021,SOS (Baseline),AMAT,7.91268301934223e-06
4,2021,SOS (Baseline),AMD,0.021433399697722375
4,2021,SOS (Baseline),AMZN,0.0
4,2021,SOS (Baseline),AON,0.0001698606396506601
4,2021,SOS (Baseline),APD,0.0009235153130083572
4,2021,SOS (Baseline),AVGO,0.04174424156509438
4,2021,SOS (Baseline),AXP,0.0
4,2021,SOS (Baseline),BA,0.0
4,2021,SOS (Baseline),BAC,0.0
4,2021,SOS (Baseline),BDX,0.0010900237844808027
4,2021,SOS (Baseline),BIIB,0.0
4,2021,SOS (Baseline),BKNG,0.0
4,2021,SOS (Baseline),BLK,0.0
4,2021,SOS (Baseline),BMY,0.0
4,2021,SOS (Baseline),BSX,1.5119468345164031e-05
4,2021,SOS (Baseline),C,0.0
4,2021,SOS (Baseline),CB,0.0
4,2021,SOS (Baseline),CDNS,0.010869164753258267
4,2021,SOS (Baseline),CHTR,0.12717601656842273
4,2021,SOS (Baseline),CL,0.0
4,2021,SOS (Baseline),CMCSA,0.0
4,2021,SOS (Baseline),CME,0.0
4,2021,SOS (Baseline),COP,0.0
4,2021,SOS (Baseline),COST,0.16793873164086334
4,2021,SOS (Baseline),CRM,0.0
4,2021,SOS (Baseline),CSCO,0.0
4,2021,SOS (Baseline),CSX,0.0
4,2021,SOS (Baseline),CTSH,0.0
4,2021,SOS (Baseline),CVS,0.0
4,2021,SOS (Baseline),CVX,0.0
4,2021,SOS (Baseline),D,0.0
4,2021,SOS (Baseline),DE,0.0
4,2021,SOS (Baseline),DHR,0.0
4,2021,SOS (Baseline),DIS,0.0
4,2021,SOS (Baseline),DUK,0.0
4,2021,SOS (Baseline),EL,0.0
4,2021,SOS (Baseline),EMR,0.0
4,2021,SOS (Baseline),EOG,0.0
4,2021,SOS (Baseline),ETN,0.0
4,2021,SOS (Baseline),EW,0.0
4,2021,SOS (Baseline),EXC,0.0
4,2021,SOS (Baseline),F,0.0
4,2021,SOS (Baseline),FISV,0.0021301627091751775
4,2021,SOS (Baseline),GD,0.0
4,2021,SOS (Baseline),GE,0.0
4,2021,SOS (Baseline),GILD,0.0
4,2021,SOS (Baseline),GM,0.0
4,2021,SOS (Baseline),GOOGL,4.543540561798586e-05
4,2021,SOS (Baseline),GPN,0.0
4,2021,SOS (Baseline),GS,0.0
4,2021,SOS (Baseline),HD,0.0
4,2021,SOS (Baseline),HON,0.013877798400867893
4,2021,SOS (Baseline),HUM,0.0
4,2021,SOS (Baseline),ICE,9.655001542364319e-05
4,2021,SOS (Baseline),IDXX,0.06834490195861251
4,2021,SOS (Baseline),INTC,0.0
4,2021,SOS (Baseline),INTU,0.0
4,2021,SOS (Baseline),ISRG,0.0
4,2021,SOS (Baseline),ITW,0.0
4,2021,SOS (Baseline),JNJ,0.0
4,2021,SOS (Baseline),JPM,0.0
4,2021,SOS (Baseline),KLAC,0.0
4,2021,SOS (Baseline),KMB,0.00012809206424147272
4,2021,SOS (Baseline),KMI,0.0
4,2021,SOS (Baseline),KO,0.0
4,2021,SOS (Baseline),LIN,0.0
4,2021,SOS (Baseline),LMT,0.0
4,2021,SOS (Baseline),LOW,0.0
4,2021,SOS (Baseline),LRCX,0.0
4,2021,SOS (Baseline),MA,0.0
4,2021,SOS (Baseline),MAR,0.0
4,2021,SOS (Baseline),MCD,0.0
4,2021,SOS (Baseline),MCHP,0.0
4,2021,SOS (Baseline),MCO,0.0
4,2021,SOS (Baseline),MDLZ,0.0
4,2021,SOS (Baseline),MDT,0.0
4,2021,SOS (Baseline),MO,0.029888553725844237
4,2021,SOS (Baseline),MRK,0.0
4,2021,SOS (Baseline),MSFT,6.806967359973203e-07
4,2021,SOS (Baseline),MU,0.0
4,2021,SOS (Baseline),NEE,0.0
4,2021,SOS (Baseline),NFLX,0.08251688162554578
4,2021,SOS (Baseline),NKE,0.0
4,2021,SOS (Baseline),NOC,0.0
4,2021,SOS (Baseline),NSC,1.3834850435681668e-05
4,2021,SOS (Baseline),NVDA,0.0
4,2021,SOS (Baseline),NXPI,1.844669677146733e-05
4,2021,SOS (Baseline),ORCL,0.0
4,2021,SOS (Baseline),ORLY,0.0
4,2021,SOS (Baseline),PEP,0.0
4,2021,SOS (Baseline),PFE,0.0
4,2021,SOS (Baseline),PG,0.0
4,2021,SOS (Baseline),PH,0.0
4,2021,SOS (Baseline),PLD,0.0
4,2021,SOS (Baseline),PM,0.0
4,2021,SOS (Baseline),PNC,0.0
4,2021,SOS (Baseline),PSA,0.0
4,2021,SOS (Baseline),QCOM,0.0
4,2021,SOS (Baseline),REGN,0.05901147636686255
4,2021,SOS (Baseline),ROST,0.0
4,2021,SOS (Baseline),RTX,0.0
4,2021,SOS (Baseline),SHW,0.0
4,2021,SOS (Baseline),SLB,0.0
4,2021,SOS (Baseline),SNPS,0.0
4,2021,SOS (Baseline),SO,0.0
4,2021,SOS (Baseline),SPGI,1.8798090469837934e-07
4,2021,SOS (Baseline),SRE,0.0
4,2021,SOS (Baseline),SYK,0.0
4,2021,SOS (Baseline),SYY,0.0
4,2021,SOS (Baseline),T,0.0
4,2021,SOS (Baseline),TEL,0.0
4,2021,SOS (Baseline),TGT,0.06768016512213555
4,2021,SOS (Baseline),TJX,0.0
4,2021,SOS (Baseline),TMO,0.10073858569101747
4,2021,SOS (Baseline),TSLA,0.09972525784277522
4,2021,SOS (Baseline),TXN,0.0
4,2021,SOS (Baseline),UNH,0.0
4,2021,SOS (Baseline),UNP,0.0
4,2021,SOS (Baseline),UPS,0.0
4,2021,SOS (Baseline),V,0.0
4,2021,SOS (Baseline),VRTX,0.0
4,2021,SOS (Baseline),VZ,0.0
4,2021,SOS (Baseline),WFC,0.0
4,2021,SOS (Baseline),WM,0.0
4,2021,SOS (Baseline),WMT,0.07430504918323823
4,2021,SOS (Baseline),XOM,0.0
4,2021,GA,AAPL,0.01858032795772229
4,2021,GA,ABT,0.0
4,2021,GA,ACN,0.000785028578661877
4,2021,GA,ADBE,0.0
4,2021,GA,ADI,0.0
4,2021,GA,ADSK,0.0
4,2021,GA,AEP,0.0
4,2021,GA,AIG,0.0
4,2021,GA,AMAT,0.0
4,2021,GA,AMD,0.0
4,2021,GA,AMZN,0.107272624666124
4,2021,GA,AON,0.0
4,2021,GA,APD,0.059260519337653625
4,2021,GA,AVGO,0.03667934897509444
4,2021,GA,AXP,0.0
4,2021,GA,BA,0.0
4,2021,GA,BAC,0.0
4,2021,GA,BDX,0.0
4,2021,GA,BIIB,0.0
4,2021,GA,BKNG,0.0
4,2021,GA,BLK,0.0
4,2021,GA,BMY,0.03867992821539126
4,2021,GA,BSX,0.0
4,2021,GA,C,0.0
4,2021,GA,CB,0.0
4,2021,GA,CDNS,0.0
4,2021,GA,CHTR,0.0
4,2021,GA,CL,0.0
4,2021,GA,CMCSA,0.0
4,2021,GA,CME,0.04124648406200755
4,2021,GA,COP,0.0
4,2021,GA,COST,0.0
4,2021,GA,CRM,0.0
4,2021,GA,CSCO,0.0
4,2021,GA,CSX,0.0
4,2021,GA,CTSH,0.0
4,2021,GA,CVS,0.0
4,2021,GA,CVX,0.0
4,2021,GA,D,0.0
4,2021,GA,DE,0.0
4,2021,GA,DHR,0.005878827175223739
4,2021,GA,DIS,0.0
4,2021,GA,DUK,0.0
4,2021,GA,EL,0.031827492832082846
4,2021,GA,EMR,0.022006123271926064
4,2021,GA,EOG,0.0
4,2021,GA,ETN,0.0
4,2021,GA,EW,0.0
4,2021,GA,EXC,0.0
4,2021,GA,F,0.0
4,2021,GA,FISV,0.03585983517220358
4,2021,GA,GD,0.0
4,2021,GA,GE,0.0
4,2021,GA,GILD,0.0
4,2021,GA,GM,0.0
4,2021,GA,GOOGL,0.0
4,2021,GA,GPN,0.0
4,2021,GA,GS,0.0
4,2021,GA,HD,0.0
4,2021,GA,HON,0.0
4,2021,GA,HUM,0.0
4,2021,GA,ICE,0.0
4,2021,GA,IDXX,0.03245109041279282
4,2021,GA,INTC,0.0
4,2021,GA,INTU,0.0
4,2021,GA,ISRG,0.0
4,2021,GA,ITW,0.0
4,2021,GA,JNJ,0.0
4,2021,GA,JPM,0.005384798142371718
4,2021,GA,KLAC,0.0
4,2021,GA,KMB,0.0
4,2021,GA,KMI,0.0
4,2021,GA,KO,0.00155547179898659
4,2021,GA,LIN,0.0
4,2021,GA,LMT,0.024032418908694262
4,2021,GA,LOW,0.0
4,2021,GA,LRCX,0.0
4,2021,GA,MA,0.0
4,2021,GA,MAR,0.0
4,2021,GA,MCD,0.0
4,2021,GA,MCHP,0.0
4,2021,GA,MCO,0.0
4,2021,GA,MDLZ,0.0
4,2021,GA,MDT,0.0
4,2021,GA,MO,0.0
4,2021,GA,MRK,0.0
4,2021,GA,MSFT,0.0
4,2021,GA,MU,0.007961084209639523
4,2021,GA,NEE,0.0013420449439844255
4,2021,GA,NFLX,0.08429804121114871
4,2021,GA,NKE,0.0
4,2021,GA,NOC,0.001706983590779725
4,2021,GA,NSC,0.0
4,2021,GA,NVDA,0.0851025697610326
4,2021,GA,NXPI,0.0
4,2021,GA,ORCL,0.0
4,2021,GA,ORLY,0.006055816176570199
4,2021,GA,PEP,0.0
4,2021,GA,PFE,0.0
4,2021,GA,PG,0.0
4,2021,GA,PH,0.0
4,2021,GA,PLD,0.0
4,2021,GA,PM,0.0
4,2021,GA,PNC,0.0
4,2021,GA,PSA,0.0
4,2021,GA,QCOM,0.0
4,2021,GA,REGN,0.0
4,2021,GA,ROST,0.0
4,2021,GA,RTX,0.0
4,2021,GA,SHW,0.026293004819547067
4,2021,GA,SLB,0.0
4,2021,GA,SNPS,0.0
4,2021,GA,SO,0.0
4,2021,GA,SPGI,0.0
4,2021,GA,SRE,0.0
4,2021,GA,SYK,0.0
4,2021,GA,SYY,0.0
4,2021,GA,T,0.0
4,2021,GA,TEL,0.0
4,2021,GA,TGT,0.07445182386292763
4,2021,GA,TJX,0.0
4,2021,GA,TMO,0.0014245049098113147
4,2021,GA,TSLA,0.02583004336712241
4,2021,GA,TXN,0.0
4,2021,GA,UNH,0.07334831323055005
4,2021,GA,UNP,0.0
4,2021,GA,UPS,0.0
4,2021,GA,V,0.06674440838445721
4,2021,GA,VRTX,0.005311732617030813
4,2021,GA,VZ,0.004806324087833225
4,2021,GA,WFC,0.0
4,2021,GA,WM,0.0
4,2021,GA,WMT,0.0738229853206286
4,2021,GA,XOM,0.0
4,2021,PSO,AAPL,0.0
4,2021,PSO,ABT,0.0
4,2021,PSO,ACN,0.0
4,2021,PSO,ADBE,0.03081955815764114
4,2021,PSO,ADI,0.0
4,2021,PSO,ADSK,0.0
4,2021,PSO,AEP,0.0
4,2021,PSO,AIG,0.0
4,2021,PSO,AMAT,0.0
4,2021,PSO,AMD,0.0
4,2021,PSO,AMZN,0.14111851586426624
4,2021,PSO,AON,0.0
4,2021,PSO,APD,0.0
4,2021,PSO,AVGO,0.0
4,2021,PSO,AXP,0.0
4,2021,PSO,BA,0.0
4,2021,PSO,BAC,0.0
4,2021,PSO,BDX,0.0
4,2021,PSO,BIIB,0.0
4,2021,PSO,BKNG,0.0
4,2021,PSO,BLK,0.0
4,2021,PSO,BMY,0.0
4,2021,PSO,BSX,0.0
4,2021,PSO,C,0.0
4,2021,PSO,CB,0.0
4,2021,PSO,CDNS,0.0
4,2021,PSO,CHTR,0.11179491030106678
4,2021,PSO,CL,0.0
4,2021,PSO,CMCSA,0.0
4,2021,PSO,CME,0.0
4,2021,PSO,COP,0.0
4,2021,PSO,COST,0.16930922675014445
4,2021,PSO,CRM,0.0
4,2021,PSO,CSCO,0.0
4,2021,PSO,CSX,0.0
4,2021,PSO,CTSH,0.0
4,2021,PSO,CVS,0.0
4,2021,PSO,CVX,0.0
4,2021,PSO,D,0.0
4,2021,PSO,DE,0.0
4,2021,PSO,DHR,0.06707684051464469
4,2021,PSO,DIS,0.0
4,2021,PSO,DUK,0.0
4,2021,PSO,EL,0.0
4,2021,PSO,EMR,0.0
4,2021,PSO,EOG,0.0
4,2021,PSO,ETN,0.0
4,2021,PSO,EW,0.0
4,2021,PSO,EXC,0.0
4,2021,PSO,F,0.0
4,2021,PSO,FISV,0.0
4,2021,PSO,GD,0.0
4,2021,PSO,GE,0.0
4,2021,PSO,GILD,0.0
4,2021,PSO,GM,0.0
4,2021,PSO,GOOGL,0.0
4,2021,PSO,GPN,0.0
4,2021,PSO,GS,0.0
4,2021,PSO,HD,0.0
4,2021,PSO,HON,0.0
4,2021,PSO,HUM,0.0
4,2021,PSO,ICE,0.0
4,2021,PSO,IDXX,0.0
4,2021,PSO,INTC,0.0
4,2021,PSO,INTU,0.0
4,2021,PSO,ISRG,0.0
4,2021,PSO,ITW,0.0
4,2021,PSO,JNJ,0.0
4,2021,PSO,JPM,0.0
4,2021,PSO,KLAC,0.0
4,2021,PSO,KMB,0.0
4,2021,PSO,KMI,0.0
4,2021,PSO,KO,0.0
4,2021,PSO,LIN,0.0
4,2021,PSO,LMT,0.0
4,2021,PSO,LOW,0.0
4,2021,PSO,LRCX,0.0
4,2021,PSO,MA,0.0
4,2021,PSO,MAR,0.0
4,2021,PSO,MCD,0.0
4,2021,PSO,MCHP,0.0
4,2021,PSO,MCO,0.0
4,2021,PSO,MDLZ,0.0
4,2021,PSO,MDT,0.0
4,2021,PSO,MO,0.0
4,2021,PSO,MRK,0.0
4,2021,PSO,MSFT,0.0
4,2021,PSO,MU,0.0
4,2021,PSO,NEE,0.17349051124558457
4,2021,PSO,NFLX,0.0
4,2021,PSO,NKE,0.0
4,2021,PSO,NOC,0.0609123577865502
4,2021,PSO,NSC,0.0
4,2021,PSO,NVDA,0.0
4,2021,PSO,NXPI,0.0
4,2021,PSO,ORCL,0.0
4,2021,PSO,ORLY,0.0
4,2021,PSO,PEP,0.0
4,2021,PSO,PFE,0.0
4,2021,PSO,PG,0.0
4,2021,PSO,PH,0.0
4,2021,PSO,PLD,0.0
4,2021,PSO,PM,0.0
4,2021,PSO,PNC,0.0
4,2021,PSO,PSA,0.0
4,2021,PSO,QCOM,0.0
4,2021,PSO,REGN,0.07081235085778632
4,2021,PSO,ROST,0.0
4,2021,PSO,RTX,0.0
4,2021,PSO,SHW,0.0
4,2021,PSO,SLB,0.0
4,2021,PSO,SNPS,0.0
4,2021,PSO,SO,0.0
4,2021,PSO,SPGI,0.0
4,2021,PSO,SRE,0.0
4,2021,PSO,SYK,0.0
4,2021,PSO,SYY,0.0
4,2021,PSO,T,0.0
4,2021,PSO,TEL,0.0
4,2021,PSO,TGT,0.0
4,2021,PSO,TJX,0.0
4,2021,PSO,TMO,0.0659790271925515
4,2021,PSO,TSLA,0.10868670132976414
4,2021,PSO,TXN,0.0
4,2021,PSO,UNH,0.0
4,2021,PSO,UNP,0.0
4,2021,PSO,UPS,0.0
4,2021,PSO,V,0.0
4,2021,PSO,VRTX,0.0
4,2021,PSO,VZ,0.0
4,2021,PSO,WFC,0.0
4,2021,PSO,WM,0.0
4,2021,PSO,WMT,0.0
4,2021,PSO,XOM,0.0
4,2021,DE,AAPL,0.0037405563124765064
4,2021,DE,ABT,0.0
4,2021,DE,ACN,0.0
4,2021,DE,ADBE,0.0
4,2021,DE,ADI,0.0
4,2021,DE,ADSK,0.0
4,2021,DE,AEP,0.0026755347691842764
4,2021,DE,AIG,0.0
4,2021,DE,AMAT,0.0
4,2021,DE,AMD,0.0
4,2021,DE,AMZN,0.0663698989512604
4,2021,DE,AON,0.0
4,2021,DE,APD,0.0
4,2021,DE,AVGO,0.0
4,2021,DE,AXP,0.0
4,2021,DE,BA,0.0
4,2021,DE,BAC,0.0
4,2021,DE,BDX,0.0
4,2021,DE,BIIB,0.0
4,2021,DE,BKNG,0.0
4,2021,DE,BLK,0.0
4,2021,DE,BMY,0.0
4,2021,DE,BSX,0.0
4,2021,DE,C,0.0
4,2021,DE,CB,0.0
4,2021,DE,CDNS,0.0
4,2021,DE,CHTR,0.09778107856487102
4,2021,DE,CL,0.0
4,2021,DE,CMCSA,0.0
4,2021,DE,CME,0.0
4,2021,DE,COP,0.0
4,2021,DE,COST,0.12130630798804962
4,2021,DE,CRM,0.0
4,2021,DE,CSCO,0.0
4,2021,DE,CSX,0.0
4,2021,DE,CTSH,0.0
4,2021,DE,CVS,0.0
4,2021,DE,CVX,0.0
4,2021,DE,D,0.0
4,2021,DE,DE,0.004239205318741181
4,2021,DE,DHR,0.1106561064387991
4,2021,DE,DIS,0.01028865148699355
4,2021,DE,DUK,0.0
4,2021,DE,EL,0.0
4,2021,DE,EMR,0.0
4,2021,DE,EOG,0.0
4,2021,DE,ETN,0.0
4,2021,DE,EW,0.0
4,2021,DE,EXC,0.0
4,2021,DE,F,0.0
4,2021,DE,FISV,0.0
4,2021,DE,GD,0.0
4,2021,DE,GE,0.0
4,2021,DE,GILD,0.0
4,2021,DE,GM,0.0
4,2021,DE,GOOGL,0.01079383110057785
4,2021,DE,GPN,0.0
4,2021,DE,GS,0.0
4,2021,DE,HD,0.0
4,2021,DE,HON,0.0
4,2021,DE,HUM,0.0
4,2021,DE,ICE,0.03448385619289708
4,2021,DE,IDXX,0.05018860352503738
4,2021,DE,INTC,0.0
4,2021,DE,INTU,0.0
4,2021,DE,ISRG,0.0
4,2021,DE,ITW,0.0023799734997064933
4,2021,DE,JNJ,0.0
4,2021,DE,JPM,0.0
4,2021,DE,KLAC,0.0
4,2021,DE,KMB,0.0111130071855627
4,2021,DE,KMI,0.0
4,2021,DE,KO,0.0
4,2021,DE,LIN,0.0
4,2021,DE,LMT,0.003981185153199718
4,2021,DE,LOW,0.0
4,2021,DE,LRCX,0.0
4,2021,DE,MA,0.005296130411167449
4,2021,DE,MAR,0.0
4,2021,DE,MCD,0.0
4,2021,DE,MCHP,0.0
4,2021,DE,MCO,0.0
4,2021,DE,MDLZ,0.0
4,2021,DE,MDT,0.0
4,2021,DE,MO,0.006706958447293723
4,2021,DE,MRK,0.0
4,2021,DE,MSFT,0.0
4,2021,DE,MU,0.0
4,2021,DE,NEE,0.0
4,2021,DE,NFLX,0.11988504624513774
4,2021,DE,NKE,0.004692069898494772
4,2021,DE,NOC,0.06598951360340233
4,2021,DE,NSC,0.0
4,2021,DE,NVDA,0.03713888101350657
4,2021,DE,NXPI,0.0051543672275565465
4,2021,DE,ORCL,0.0
4,2021,DE,ORLY,0.0
4,2021,DE,PEP,0.0
4,2021,DE,PFE,0.0
4,2021,DE,PG,0.0
4,2021,DE,PH,0.0
4,2021,DE,PLD,0.0
4,2021,DE,PM,0.0
4,2021,DE,PNC,0.0
4,2021,DE,PSA,0.0
4,2021,DE,QCOM,0.0
4,2021,DE,REGN,0.09053545373524631
4,2021,DE,ROST,0.0
4,2021,DE,RTX,0.0
4,2021,DE,SHW,0.0
4,2021,DE,SLB,0.0
4,2021,DE,SNPS,0.0
4,2021,DE,SO,0.006015913197311784
4,2021,DE,SPGI,0.0
4,2021,DE,SRE,0.0
4,2021,DE,SYK,0.0
4,2021,DE,SYY,0.0
4,2021,DE,T,0.0
4,2021,DE,TEL,0.0
4,2021,DE,TGT,0.01725023559663935
4,2021,DE,TJX,0.0
4,2021,DE,TMO,0.0
4,2021,DE,TSLA,0.09118752538360145
4,2021,DE,TXN,0.0
4,2021,DE,UNH,0.008455671379534947
4,2021,DE,UNP,0.0015410128501513974
4,2021,DE,UPS,0.0012859308234657936
4,2021,DE,V,0.0
4,2021,DE,VRTX,0.0024189927144596664
4,2021,DE,VZ,0.006448500985673397
4,2021,DE,WFC,0.0
4,2021,DE,WM,0.0
4,2021,DE,WMT,0.0
4,2021,DE,XOM,0.0
4,2021,Ledoit-Wolf,AAPL,0.0
4,2021,Ledoit-Wolf,ABT,0.0
4,2021,Ledoit-Wolf,ACN,0.0
4,2021,Ledoit-Wolf,ADBE,0.0
4,2021,Ledoit-Wolf,ADI,0.0
4,2021,Ledoit-Wolf,ADSK,0.0
4,2021,Ledoit-Wolf,AEP,0.0
4,2021,Ledoit-Wolf,AIG,0.0
4,2021,Ledoit-Wolf,AMAT,0.0
4,2021,Ledoit-Wolf,AMD,0.0
4,2021,Ledoit-Wolf,AMZN,0.05834671503985557
4,2021,Ledoit-Wolf,AON,0.0
4,2021,Ledoit-Wolf,APD,0.0
4,2021,Ledoit-Wolf,AVGO,0.008570560690405089
4,2021,Ledoit-Wolf,AXP,0.0
4,2021,Ledoit-Wolf,BA,0.0
4,2021,Ledoit-Wolf,BAC,0.0
4,2021,Ledoit-Wolf,BDX,0.0
4,2021,Ledoit-Wolf,BIIB,0.0
4,2021,Ledoit-Wolf,BKNG,0.0
4,2021,Ledoit-Wolf,BLK,0.0
4,2021,Ledoit-Wolf,BMY,0.0
4,2021,Ledoit-Wolf,BSX,0.0
4,2021,Ledoit-Wolf,C,0.0
4,2021,Ledoit-Wolf,CB,0.0
4,2021,Ledoit-Wolf,CDNS,0.0
4,2021,Ledoit-Wolf,CHTR,0.11800227491469668
4,2021,Ledoit-Wolf,CL,0.0
4,2021,Ledoit-Wolf,CMCSA,0.0
4,2021,Ledoit-Wolf,CME,0.0
4,2021,Ledoit-Wolf,COP,0.0
4,2021,Ledoit-Wolf,COST,0.07627990189749795
4,2021,Ledoit-Wolf,CRM,0.0
4,2021,Ledoit-Wolf,CSCO,0.0
4,2021,Ledoit-Wolf,CSX,0.0
4,2021,Ledoit-Wolf,CTSH,0.0
4,2021,Ledoit-Wolf,CVS,0.0
4,2021,Ledoit-Wolf,CVX,0.0
4,2021,Ledoit-Wolf,D,0.0
4,2021,Ledoit-Wolf,DE,0.0
4,2021,Ledoit-Wolf,DHR,0.061073758683450524
4,2021,Ledoit-Wolf,DIS,0.0
4,2021,Ledoit-Wolf,DUK,0.0
4,2021,Ledoit-Wolf,EL,0.0
4,2021,Ledoit-Wolf,EMR,0.0
4,2021,Ledoit-Wolf,EOG,0.0
4,2021,Ledoit-Wolf,ETN,0.0
4,2021,Ledoit-Wolf,EW,0.0
4,2021,Ledoit-Wolf,EXC,0.0
4,2021,Ledoit-Wolf,F,0.0
4,2021,Ledoit-Wolf,FISV,3.353183089848743e-14
4,2021,Ledoit-Wolf,GD,0.0
4,2021,Ledoit-Wolf,GE,0.0
4,2021,Ledoit-Wolf,GILD,0.0
4,2021,Ledoit-Wolf,GM,0.0
4,2021,Ledoit-Wolf,GOOGL,0.0
4,2021,Ledoit-Wolf,GPN,7.882372932332961e-14
4,2021,Ledoit-Wolf,GS,0.0
4,2021,Ledoit-Wolf,HD,3.2541051034248314e-14
4,2021,Ledoit-Wolf,HON,0.0
4,2021,Ledoit-Wolf,HUM,0.0
4,2021,Ledoit-Wolf,ICE,0.0
4,2021,Ledoit-Wolf,IDXX,0.06648733596488622
4,2021,Ledoit-Wolf,INTC,0.0
4,2021,Ledoit-Wolf,INTU,1.8748083826442354e-13
4,2021,Ledoit-Wolf,ISRG,0.0
4,2021,Ledoit-Wolf,ITW,0.0
4,2021,Ledoit-Wolf,JNJ,0.0
4,2021,Ledoit-Wolf,JPM,0.0
4,2021,Ledoit-Wolf,KLAC,0.0
4,2021,Ledoit-Wolf,KMB,0.0
4,2021,Ledoit-Wolf,KMI,0.0
4,2021,Ledoit-Wolf,KO,0.0
4,2021,Ledoit-Wolf,LIN,0.0
4,2021,Ledoit-Wolf,LMT,0.0
4,2021,Ledoit-Wolf,LOW,0.0
4,2021,Ledoit-Wolf,LRCX,1.0609647466837092e-13
4,2021,Ledoit-Wolf,MA,8.18040731212769e-14
4,2021,Ledoit-Wolf,MAR,0.0
4,2021,Ledoit-Wolf,MCD,0.0
4,2021,Ledoit-Wolf,MCHP,0.0
4,2021,Ledoit-Wolf,MCO,1.4698886328840595e-13
4,2021,Ledoit-Wolf,MDLZ,0.0
4,2021,Ledoit-Wolf,MDT,0.0
4,2021,Ledoit-Wolf,MO,0.0
4,2021,Ledoit-Wolf,MRK,0.0
4,2021,Ledoit-Wolf,MSFT,9.7474787655814e-14
4,2021,Ledoit-Wolf,MU,0.0
4,2021,Ledoit-Wolf,NEE,0.19999999999984916
4,2021,Ledoit-Wolf,NFLX,0.10051998082207181
4,2021,Ledoit-Wolf,NKE,0.0
4,2021,Ledoit-Wolf,NOC,0.062219009198316404
4,2021,Ledoit-Wolf,NSC,0.0
4,2021,Ledoit-Wolf,NVDA,0.06300609763075624
4,2021,Ledoit-Wolf,NXPI,0.0
4,2021,Ledoit-Wolf,ORCL,0.0
4,2021,Ledoit-Wolf,ORLY,0.0
4,2021,Ledoit-Wolf,PEP,0.0
4,2021,Ledoit-Wolf,PFE,0.0
4,2021,Ledoit-Wolf,PG,0.0
4,2021,Ledoit-Wolf,PH,0.0
4,2021,Ledoit-Wolf,PLD,0.0
4,2021,Ledoit-Wolf,PM,0.0
4,2021,Ledoit-Wolf,PNC,0.0
4,2021,Ledoit-Wolf,PSA,0.0
4,2021,Ledoit-Wolf,QCOM,0.0
4,2021,Ledoit-Wolf,REGN,0.0
4,2021,Ledoit-Wolf,ROST,0.0
4,2021,Ledoit-Wolf,RTX,0.0
4,2021,Ledoit-Wolf,SHW,0.006160593846738698
4,2021,Ledoit-Wolf,SLB,0.0
4,2021,Ledoit-Wolf,SNPS,1.9894346590613102e-14
4,2021,Ledoit-Wolf,SO,0.0
4,2021,Ledoit-Wolf,SPGI,4.912803799456701e-14
4,2021,Ledoit-Wolf,SRE,0.0
4,2021,Ledoit-Wolf,SYK,0.0
4,2021,Ledoit-Wolf,SYY,0.0
4,2021,Ledoit-Wolf,T,0.0
4,2021,Ledoit-Wolf,TEL,0.0
4,2021,Ledoit-Wolf,TGT,0.0
4,2021,Ledoit-Wolf,TJX,0.0
4,2021,Ledoit-Wolf,TMO,0.0635206853441911
4,2021,Ledoit-Wolf,TSLA,0.11581308596640755
4,2021,Ledoit-Wolf,TXN,0.0
4,2021,Ledoit-Wolf,UNH,0.0
4,2021,Ledoit-Wolf,UNP,0.0
4,2021,Ledoit-Wolf,UPS,0.0
4,2021,Ledoit-Wolf,V,4.33936378833055e-14
4,2021,Ledoit-Wolf,VRTX,0.0
4,2021,Ledoit-Wolf,VZ,0.0
4,2021,Ledoit-Wolf,WFC,0.0
4,2021,Ledoit-Wolf,WM,0.0
4,2021,Ledoit-Wolf,WMT,0.0
4,2021,Ledoit-Wolf,XOM,0.0
4,2021,Max Sharpe,AAPL,0.0
4,2021,Max Sharpe,ABT,0.0
4,2021,Max Sharpe,ACN,0.0
4,2021,Max Sharpe,ADBE,3.1806592902321074e-17
4,2021,Max Sharpe,ADI,0.0
4,2021,Max Sharpe,ADSK,0.0
4,2021,Max Sharpe,AEP,0.0
4,2021,Max Sharpe,AIG,0.0
4,2021,Max Sharpe,AMAT,0.0
4,2021,Max Sharpe,AMD,0.0
4,2021,Max Sharpe,AMZN,0.05777304838257488
4,2021,Max Sharpe,AON,0.0
4,2021,Max Sharpe,APD,0.0
4,2021,Max Sharpe,AVGO,0.0076005319475432
4,2021,Max Sharpe,AXP,0.0
4,2021,Max Sharpe,BA,0.0
4,2021,Max Sharpe,BAC,0.0
4,2021,Max Sharpe,BDX,0.0
4,2021,Max Sharpe,BIIB,0.0
4,2021,Max Sharpe,BKNG,0.0
4,2021,Max Sharpe,BLK,0.0
4,2021,Max Sharpe,BMY,0.0
4,2021,Max Sharpe,BSX,0.0
4,2021,Max Sharpe,C,0.0
4,2021,Max Sharpe,CB,0.0
4,2021,Max Sharpe,CDNS,4.7499930110643093e-17
4,2021,Max Sharpe,CHTR,0.1193168001611069
4,2021,Max Sharpe,CL,0.0
4,2021,Max Sharpe,CMCSA,0.0
4,2021,Max Sharpe,CME,0.0
4,2021,Max Sharpe,COP,0.0
4,2021,Max Sharpe,COST,0.07860553896094236
4,2021,Max Sharpe,CRM,0.0
4,2021,Max Sharpe,CSCO,0.0
4,2021,Max Sharpe,CSX,0.0
4,2021,Max Sharpe,CTSH,0.0
4,2021,Max Sharpe,CVS,0.0
4,2021,Max Sharpe,CVX,0.0
4,2021,Max Sharpe,D,0.0
4,2021,Max Sharpe,DE,0.0
4,2021,Max Sharpe,DHR,0.0609445907437007
4,2021,Max Sharpe,DIS,0.0
4,2021,Max Sharpe,DUK,0.0
4,2021,Max Sharpe,EL,0.0
4,2021,Max Sharpe,EMR,0.0
4,2021,Max Sharpe,EOG,0.0
4,2021,Max Sharpe,ETN,0.0
4,2021,Max Sharpe,EW,0.0
4,2021,Max Sharpe,EXC,0.0
4,2021,Max Sharpe,F,0.0
4,2021,Max Sharpe,FISV,0.0
4,2021,Max Sharpe,GD,0.0
4,2021,Max Sharpe,GE,0.0
4,2021,Max Sharpe,GILD,0.0
4,2021,Max Sharpe,GM,0.0
4,2021,Max Sharpe,GOOGL,0.0
4,2021,Max Sharpe,GPN,2.3464682118901317e-16
4,2021,Max Sharpe,GS,0.0
4,2021,Max Sharpe,HD,0.0
4,2021,Max Sharpe,HON,0.0
4,2021,Max Sharpe,HUM,0.0
4,2021,Max Sharpe,ICE,0.0
4,2021,Max Sharpe,IDXX,0.06668314421540718
4,2021,Max Sharpe,INTC,0.0
4,2021,Max Sharpe,INTU,8.510907374521484e-17
4,2021,Max Sharpe,ISRG,0.0
4,2021,Max Sharpe,ITW,0.0
4,2021,Max Sharpe,JNJ,0.0
4,2021,Max Sharpe,JPM,0.0
4,2021,Max Sharpe,KLAC,0.0
4,2021,Max Sharpe,KMB,0.0
4,2021,Max Sharpe,KMI,0.0
4,2021,Max Sharpe,KO,0.0
4,2021,Max Sharpe,LIN,0.0
4,2021,Max Sharpe,LMT,0.0
4,2021,Max Sharpe,LOW,0.0
4,2021,Max Sharpe,LRCX,0.0
4,2021,Max Sharpe,MA,6.207270518186637e-17
4,2021,Max Sharpe,MAR,0.0
4,2021,Max Sharpe,MCD,0.0
4,2021,Max Sharpe,MCHP,0.0
4,2021,Max Sharpe,MCO,2.8880422592577433e-16
4,2021,Max Sharpe,MDLZ,0.0
4,2021,Max Sharpe,MDT,0.0
4,2021,Max Sharpe,MO,0.0
4,2021,Max Sharpe,MRK,0.0
4,2021,Max Sharpe,MSFT,1.0808508086512043e-16
4,2021,Max Sharpe,MU,0.0
4,2021,Max Sharpe,NEE,0.19999999999999982
4,2021,Max Sharpe,NFLX,0.10013207335247618
4,2021,Max Sharpe,NKE,0.0
4,2021,Max Sharpe,NOC,0.06295307327604203
4,2021,Max Sharpe,NSC,0.0
4,2021,Max Sharpe,NVDA,0.06244026853603036
4,2021,Max Sharpe,NXPI,0.0
4,2021,Max Sharpe,ORCL,0.0
4,2021,Max Sharpe,ORLY,0.0
4,2021,Max Sharpe,PEP,0.0
4,2021,Max Sharpe,PFE,0.0
4,2021,Max Sharpe,PG,0.0
4,2021,Max Sharpe,PH,0.0
4,2021,Max Sharpe,PLD,0.0
4,2021,Max Sharpe,PM,0.0
4,2021,Max Sharpe,PNC,0.0
4,2021,Max Sharpe,PSA,0.0
4,2021,Max Sharpe,QCOM,0.0
4,2021,Max Sharpe,REGN,0.0
4,2021,Max Sharpe,ROST,0.0
4,2021,Max Sharpe,RTX,0.0
4,2021,Max Sharpe,SHW,0.00442198811545663
4,2021,Max Sharpe,SLB,0.0
4,2021,Max Sharpe,SNPS,0.0
4,2021,Max Sharpe,SO,0.0
4,2021,Max Sharpe,SPGI,1.4885538211702584e-16
4,2021,Max Sharpe,SRE,0.0
4,2021,Max Sharpe,SYK,0.0
4,2021,Max Sharpe,SYY,0.0
4,2021,Max Sharpe,T,0.0
4,2021,Max Sharpe,TEL,0.0
4,2021,Max Sharpe,TGT,0.0
4,2021,Max Sharpe,TJX,0.0
4,2021,Max Sharpe,TMO,0.06360356100175023
4,2021,Max Sharpe,TSLA,0.1155253813069685
4,2021,Max Sharpe,TXN,0.0
4,2021,Max Sharpe,UNH,0.0
4,2021,Max Sharpe,UNP,0.0
4,2021,Max Sharpe,UPS,0.0
4,2021,Max Sharpe,V,8.167001984950452e-17
4,2021,Max Sharpe,VRTX,0.0
4,2021,Max Sharpe,VZ,0.0
4,2021,Max Sharpe,WFC,0.0
4,2021,Max Sharpe,WM,0.0
4,2021,Max Sharpe,WMT,0.0
4,2021,Max Sharpe,XOM,0.0
4,2021,Min Variance,AAPL,0.0
4,2021,Min Variance,ABT,0.0
4,2021,Min Variance,ACN,0.0
4,2021,Min Variance,ADBE,0.0
4,2021,Min Variance,ADI,0.0
4,2021,Min Variance,ADSK,0.0
4,2021,Min Variance,AEP,0.05562718297874084
4,2021,Min Variance,AIG,0.0
4,2021,Min Variance,AMAT,0.0
4,2021,Min Variance,AMD,0.0
4,2021,Min Variance,AMZN,0.0
4,2021,Min Variance,AON,0.03534549683074875
4,2021,Min Variance,APD,0.0
4,2021,Min Variance,AVGO,0.0
4,2021,Min Variance,AXP,0.0
4,2021,Min Variance,BA,0.0
4,2021,Min Variance,BAC,0.0
4,2021,Min Variance,BDX,0.07842052211861984
4,2021,Min Variance,BIIB,0.0
4,2021,Min Variance,BKNG,0.0
4,2021,Min Variance,BLK,0.0
4,2021,Min Variance,BMY,0.0
4,2021,Min Variance,BSX,0.0
4,2021,Min Variance,C,0.0
4,2021,Min Variance,CB,6.640738306473715e-18
4,2021,Min Variance,CDNS,0.0
4,2021,Min Variance,CHTR,0.0
4,2021,Min Variance,CL,1.6534083130403943e-18
4,2021,Min Variance,CMCSA,0.0
4,2021,Min Variance,CME,0.0
4,2021,Min Variance,COP,0.0
4,2021,Min Variance,COST,0.0700219802260071
4,2021,Min Variance,CRM,0.0
4,2021,Min Variance,CSCO,0.0
4,2021,Min Variance,CSX,0.0
4,2021,Min Variance,CTSH,0.0
4,2021,Min Variance,CVS,0.0
4,2021,Min Variance,CVX,0.0
4,2021,Min Variance,D,0.0
4,2021,Min Variance,DE,0.0
4,2021,Min Variance,DHR,0.0
4,2021,Min Variance,DIS,0.0
4,2021,Min Variance,DUK,0.0
4,2021,Min Variance,EL,0.0
4,2021,Min Variance,EMR,0.0
4,2021,Min Variance,EOG,0.0
4,2021,Min Variance,ETN,0.0
4,2021,Min Variance,EW,0.0
4,2021,Min Variance,EXC,0.0
4,2021,Min Variance,F,0.0
4,2021,Min Variance,FISV,0.0
4,2021,Min Variance,GD,0.0
4,2021,Min Variance,GE,0.0
4,2021,Min Variance,GILD,0.0
4,2021,Min Variance,GM,0.0
4,2021,Min Variance,GOOGL,0.0
4,2021,Min Variance,GPN,0.0
4,2021,Min Variance,GS,0.0
4,2021,Min Variance,HD,0.0
4,2021,Min Variance,HON,0.0
4,2021,Min Variance,HUM,0.0
4,2021,Min Variance,ICE,0.0
4,2021,Min Variance,IDXX,0.0
4,2021,Min Variance,INTC,0.0
4,2021,Min Variance,INTU,0.0
4,2021,Min Variance,ISRG,0.0
4,2021,Min Variance,ITW,0.0
4,2021,Min Variance,JNJ,0.06372118791173159
4,2021,Min Variance,JPM,0.0
4,2021,Min Variance,KLAC,0.0
4,2021,Min Variance,KMB,0.014013458558432976
4,2021,Min Variance,KMI,0.0
4,2021,Min Variance,KO,0.04299832484820656
4,2021,Min Variance,LIN,9.215718466126788e-19
4,2021,Min Variance,LMT,2.981555974335137e-19
4,2021,Min Variance,LOW,0.0
4,2021,Min Variance,LRCX,0.0
4,2021,Min Variance,MA,0.0
4,2021,Min Variance,MAR,0.0
4,2021,Min Variance,MCD,0.09368822557992973
4,2021,Min Variance,MCHP,0.0
4,2021,Min Variance,MCO,0.0
4,2021,Min Variance,MDLZ,6.749158523722265e-18
4,2021,Min Variance,MDT,0.0
4,2021,Min Variance,MO,0.029132937751832774
4,2021,Min Variance,MRK,0.011069532821542334
4,2021,Min Variance,MSFT,0.0
4,2021,Min Variance,MU,0.0
4,2021,Min Variance,NEE,5.421010862427522e-20
4,2021,Min Variance,NFLX,0.0
4,2021,Min Variance,NKE,0.0
4,2021,Min Variance,NOC,0.0
4,2021,Min Variance,NSC,0.0
4,2021,Min Variance,NVDA,0.0
4,2021,Min Variance,NXPI,0.0
4,2021,Min Variance,ORCL,0.0
4,2021,Min Variance,ORLY,0.0
4,2021,Min Variance,PEP,4.2825985813177425e-18
4,2021,Min Variance,PFE,0.04212251626536158
4,2021,Min Variance,PG,0.028676460737437938
4,2021,Min Variance,PH,0.0
4,2021,Min Variance,PLD,0.0
4,2021,Min Variance,PM,0.0
4,2021,Min Variance,PNC,0.0
4,2021,Min Variance,PSA,0.08690536274031563
4,2021,Min Variance,QCOM,0.0
4,2021,Min Variance,REGN,0.0
4,2021,Min Variance,ROST,0.0
4,2021,Min Variance,RTX,0.0
4,2021,Min Variance,SHW,0.0
4,2021,Min Variance,SLB,0.0
4,2021,Min Variance,SNPS,0.0
4,2021,Min Variance,SO,2.710505431213761e-19
4,2021,Min Variance,SPGI,0.0
4,2021,Min Variance,SRE,0.0
4,2021,Min Variance,SYK,0.0
4,2021,Min Variance,SYY,0.0
4,2021,Min Variance,T,0.0
4,2021,Min Variance,TEL,0.0
4,2021,Min Variance,TGT,0.0
4,2021,Min Variance,TJX,0.0
4,2021,Min Variance,TMO,0.0
4,2021,Min Variance,TSLA,0.0
4,2021,Min Variance,TXN,0.0
4,2021,Min Variance,UNH,0.0
4,2021,Min Variance,UNP,0.0
4,2021,Min Variance,UPS,0.019483389206474504
4,2021,Min Variance,V,0.0
4,2021,Min Variance,VRTX,0.0
4,2021,Min Variance,VZ,0.16144488584548233
4,2021,Min Variance,WFC,0.0
4,2021,Min Variance,WM,0.05385360285510812
4,2021,Min Variance,WMT,0.11347493272402746
4,2021,Min Variance,XOM,0.0
4,2021,Equal Weight (1/N),AAPL,0.007462686567164179
4,2021,Equal Weight (1/N),ABT,0.007462686567164179
4,2021,Equal Weight (1/N),ACN,0.007462686567164179
4,2021,Equal Weight (1/N),ADBE,0.007462686567164179
4,2021,Equal Weight (1/N),ADI,0.007462686567164179
4,2021,Equal Weight (1/N),ADSK,0.007462686567164179
4,2021,Equal Weight (1/N),AEP,0.007462686567164179
4,2021,Equal Weight (1/N),AIG,0.007462686567164179
4,2021,Equal Weight (1/N),AMAT,0.007462686567164179
4,2021,Equal Weight (1/N),AMD,0.007462686567164179
4,2021,Equal Weight (1/N),AMZN,0.007462686567164179
4,2021,Equal Weight (1/N),AON,0.007462686567164179
4,2021,Equal Weight (1/N),APD,0.007462686567164179
4,2021,Equal Weight (1/N),AVGO,0.007462686567164179
4,2021,Equal Weight (1/N),AXP,0.007462686567164179
4,2021,Equal Weight (1/N),BA,0.007462686567164179
4,2021,Equal Weight (1/N),BAC,0.007462686567164179
4,2021,Equal Weight (1/N),BDX,0.007462686567164179
4,2021,Equal Weight (1/N),BIIB,0.007462686567164179
4,2021,Equal Weight (1/N),BKNG,0.007462686567164179
4,2021,Equal Weight (1/N),BLK,0.007462686567164179
4,2021,Equal Weight (1/N),BMY,0.007462686567164179
4,2021,Equal Weight (1/N),BSX,0.007462686567164179
4,2021,Equal Weight (1/N),C,0.007462686567164179
4,2021,Equal Weight (1/N),CB,0.007462686567164179
4,2021,Equal Weight (1/N),CDNS,0.007462686567164179
4,2021,Equal Weight (1/N),CHTR,0.007462686567164179
4,2021,Equal Weight (1/N),CL,0.007462686567164179
4,2021,Equal Weight (1/N),CMCSA,0.007462686567164179
4,2021,Equal Weight (1/N),CME,0.007462686567164179
4,2021,Equal Weight (1/N),COP,0.007462686567164179
4,2021,Equal Weight (1/N),COST,0.007462686567164179
4,2021,Equal Weight (1/N),CRM,0.007462686567164179
4,2021,Equal Weight (1/N),CSCO,0.007462686567164179
4,2021,Equal Weight (1/N),CSX,0.007462686567164179
4,2021,Equal Weight (1/N),CTSH,0.007462686567164179
4,2021,Equal Weight (1/N),CVS,0.007462686567164179
4,2021,Equal Weight (1/N),CVX,0.007462686567164179
4,2021,Equal Weight (1/N),D,0.007462686567164179
4,2021,Equal Weight (1/N),DE,0.007462686567164179
4,2021,Equal Weight (1/N),DHR,0.007462686567164179
4,2021,Equal Weight (1/N),DIS,0.007462686567164179
4,2021,Equal Weight (1/N),DUK,0.007462686567164179
4,2021,Equal Weight (1/N),EL,0.007462686567164179
4,2021,Equal Weight (1/N),EMR,0.007462686567164179
4,2021,Equal Weight (1/N),EOG,0.007462686567164179
4,2021,Equal Weight (1/N),ETN,0.007462686567164179
4,2021,Equal Weight (1/N),EW,0.007462686567164179
4,2021,Equal Weight (1/N),EXC,0.007462686567164179
4,2021,Equal Weight (1/N),F,0.007462686567164179
4,2021,Equal Weight (1/N),FISV,0.007462686567164179
4,2021,Equal Weight (1/N),GD,0.007462686567164179
4,2021,Equal Weight (1/N),GE,0.007462686567164179
4,2021,Equal Weight (1/N),GILD,0.007462686567164179
4,2021,Equal Weight (1/N),GM,0.007462686567164179
4,2021,Equal Weight (1/N),GOOGL,0.007462686567164179
4,2021,Equal Weight (1/N),GPN,0.007462686567164179
4,2021,Equal Weight (1/N),GS,0.007462686567164179
4,2021,Equal Weight (1/N),HD,0.007462686567164179
4,2021,Equal Weight (1/N),HON,0.007462686567164179
4,2021,Equal Weight (1/N),HUM,0.007462686567164179
4,2021,Equal Weight (1/N),ICE,0.007462686567164179
4,2021,Equal Weight (1/N),IDXX,0.007462686567164179
4,2021,Equal Weight (1/N),INTC,0.007462686567164179
4,2021,Equal Weight (1/N),INTU,0.007462686567164179
4,2021,Equal Weight (1/N),ISRG,0.007462686567164179
4,2021,Equal Weight (1/N),ITW,0.007462686567164179
4,2021,Equal Weight (1/N),JNJ,0.007462686567164179
4,2021,Equal Weight (1/N),JPM,0.007462686567164179
4,2021,Equal Weight (1/N),KLAC,0.007462686567164179
4,2021,Equal Weight (1/N),KMB,0.007462686567164179
4,2021,Equal Weight (1/N),KMI,0.007462686567164179
4,2021,Equal Weight (1/N),KO,0.007462686567164179
4,2021,Equal Weight (1/N),LIN,0.007462686567164179
4,2021,Equal Weight (1/N),LMT,0.007462686567164179
4,2021,Equal Weight (1/N),LOW,0.007462686567164179
4,2021,Equal Weight (1/N),LRCX,0.007462686567164179
4,2021,Equal Weight (1/N),MA,0.007462686567164179
4,2021,Equal Weight (1/N),MAR,0.007462686567164179
4,2021,Equal Weight (1/N),MCD,0.007462686567164179
4,2021,Equal Weight (1/N),MCHP,0.007462686567164179
4,2021,Equal Weight (1/N),MCO,0.007462686567164179
4,2021,Equal Weight (1/N),MDLZ,0.007462686567164179
4,2021,Equal Weight (1/N),MDT,0.007462686567164179
4,2021,Equal Weight (1/N),MO,0.007462686567164179
4,2021,Equal Weight (1/N),MRK,0.007462686567164179
4,2021,Equal Weight (1/N),MSFT,0.007462686567164179
4,2021,Equal Weight (1/N),MU,0.007462686567164179
4,2021,Equal Weight (1/N),NEE,0.007462686567164179
4,2021,Equal Weight (1/N),NFLX,0.007462686567164179
4,2021,Equal Weight (1/N),NKE,0.007462686567164179
4,2021,Equal Weight (1/N),NOC,0.007462686567164179
4,2021,Equal Weight (1/N),NSC,0.007462686567164179
4,2021,Equal Weight (1/N),NVDA,0.007462686567164179
4,2021,Equal Weight (1/N),NXPI,0.007462686567164179
4,2021,Equal Weight (1/N),ORCL,0.007462686567164179
4,2021,Equal Weight (1/N),ORLY,0.007462686567164179
4,2021,Equal Weight (1/N),PEP,0.007462686567164179
4,2021,Equal Weight (1/N),PFE,0.007462686567164179
4,2021,Equal Weight (1/N),PG,0.007462686567164179
4,2021,Equal Weight (1/N),PH,0.007462686567164179
4,2021,Equal Weight (1/N),PLD,0.007462686567164179
4,2021,Equal Weight (1/N),PM,0.007462686567164179
4,2021,Equal Weight (1/N),PNC,0.007462686567164179
4,2021,Equal Weight (1/N),PSA,0.007462686567164179
4,2021,Equal Weight (1/N),QCOM,0.007462686567164179
4,2021,Equal Weight (1/N),REGN,0.007462686567164179
4,2021,Equal Weight (1/N),ROST,0.007462686567164179
4,2021,Equal Weight (1/N),RTX,0.007462686567164179
4,2021,Equal Weight (1/N),SHW,0.007462686567164179
4,2021,Equal Weight (1/N),SLB,0.007462686567164179
4,2021,Equal Weight (1/N),SNPS,0.007462686567164179
4,2021,Equal Weight (1/N),SO,0.007462686567164179
4,2021,Equal Weight (1/N),SPGI,0.007462686567164179
4,2021,Equal Weight (1/N),SRE,0.007462686567164179
4,2021,Equal Weight (1/N),SYK,0.007462686567164179
4,2021,Equal Weight (1/N),SYY,0.007462686567164179
4,2021,Equal Weight (1/N),T,0.007462686567164179
4,2021,Equal Weight (1/N),TEL,0.007462686567164179
4,2021,Equal Weight (1/N),TGT,0.007462686567164179
4,2021,Equal Weight (1/N),TJX,0.007462686567164179
4,2021,Equal Weight (1/N),TMO,0.007462686567164179
4,2021,Equal Weight (1/N),TSLA,0.007462686567164179
4,2021,Equal Weight (1/N),TXN,0.007462686567164179
4,2021,Equal Weight (1/N),UNH,0.007462686567164179
4,2021,Equal Weight (1/N),UNP,0.007462686567164179
4,2021,Equal Weight (1/N),UPS,0.007462686567164179
4,2021,Equal Weight (1/N),V,0.007462686567164179
4,2021,Equal Weight (1/N),VRTX,0.007462686567164179
4,2021,Equal Weight (1/N),VZ,0.007462686567164179
4,2021,Equal Weight (1/N),WFC,0.007462686567164179
4,2021,Equal Weight (1/N),WM,0.007462686567164179
4,2021,Equal Weight (1/N),WMT,0.007462686567164179
4,2021,Equal Weight (1/N),XOM,0.007462686567164179
5,2022,AOBL-SOS (Proposed),AAPL,0.0
5,2022,AOBL-SOS (Proposed),ABT,5.360193347424778e-07
5,2022,AOBL-SOS (Proposed),ACN,0.0
5,2022,AOBL-SOS (Proposed),ADBE,0.0
5,2022,AOBL-SOS (Proposed),ADI,0.0
5,2022,AOBL-SOS (Proposed),ADSK,0.0
5,2022,AOBL-SOS (Proposed),AEP,0.0
5,2022,AOBL-SOS (Proposed),AIG,0.0
5,2022,AOBL-SOS (Proposed),AMAT,0.0
5,2022,AOBL-SOS (Proposed),AMD,0.0
5,2022,AOBL-SOS (Proposed),AMZN,0.042453330383610315
5,2022,AOBL-SOS (Proposed),AON,0.0
5,2022,AOBL-SOS (Proposed),APD,0.0
5,2022,AOBL-SOS (Proposed),AVGO,0.009545127866762763
5,2022,AOBL-SOS (Proposed),AXP,0.0
5,2022,AOBL-SOS (Proposed),BA,0.0
5,2022,AOBL-SOS (Proposed),BAC,0.0
5,2022,AOBL-SOS (Proposed),BDX,0.0
5,2022,AOBL-SOS (Proposed),BIIB,0.0
5,2022,AOBL-SOS (Proposed),BKNG,0.0003439948575769289
5,2022,AOBL-SOS (Proposed),BLK,0.0
5,2022,AOBL-SOS (Proposed),BMY,0.0
5,2022,AOBL-SOS (Proposed),BSX,0.0
5,2022,AOBL-SOS (Proposed),C,0.0
5,2022,AOBL-SOS (Proposed),CB,0.0
5,2022,AOBL-SOS (Proposed),CDNS,0.0
5,2022,AOBL-SOS (Proposed),CHTR,0.11813199319118878
5,2022,AOBL-SOS (Proposed),CL,0.0
5,2022,AOBL-SOS (Proposed),CMCSA,0.0
5,2022,AOBL-SOS (Proposed),CME,0.04286600832189301
5,2022,AOBL-SOS (Proposed),COP,0.0
5,2022,AOBL-SOS (Proposed),COST,0.15130599860088778
5,2022,AOBL-SOS (Proposed),CRM,0.0
5,2022,AOBL-SOS (Proposed),CSCO,0.0
5,2022,AOBL-SOS (Proposed),CSX,0.003968155917028247
5,2022,AOBL-SOS (Proposed),CTSH,0.0
5,2022,AOBL-SOS (Proposed),CVS,0.0
5,2022,AOBL-SOS (Proposed),CVX,0.0
5,2022,AOBL-SOS (Proposed),D,0.0
5,2022,AOBL-SOS (Proposed),DE,0.0
5,2022,AOBL-SOS (Proposed),DHR,0.013411712651255032
5,2022,AOBL-SOS (Proposed),DIS,0.0
5,2022,AOBL-SOS (Proposed),DUK,0.0
5,2022,AOBL-SOS (Proposed),EL,0.0
5,2022,AOBL-SOS (Proposed),EMR,0.0
5,2022,AOBL-SOS (Proposed),EOG,0.0
5,2022,AOBL-SOS (Proposed),ETN,0.0
5,2022,AOBL-SOS (Proposed),EW,0.0
5,2022,AOBL-SOS (Proposed),EXC,0.0
5,2022,AOBL-SOS (Proposed),F,0.0
5,2022,AOBL-SOS (Proposed),FISV,0.0
5,2022,AOBL-SOS (Proposed),GD,0.00024847988476824463
5,2022,AOBL-SOS (Proposed),GE,0.0
5,2022,AOBL-SOS (Proposed),GILD,0.0
5,2022,AOBL-SOS (Proposed),GM,0.0
5,2022,AOBL-SOS (Proposed),GOOGL,0.0
5,2022,AOBL-SOS (Proposed),GPN,0.0
5,2022,AOBL-SOS (Proposed),GS,0.0
5,2022,AOBL-SOS (Proposed),HD,0.0283929287247372
5,2022,AOBL-SOS (Proposed),HON,0.0
5,2022,AOBL-SOS (Proposed),HUM,0.000657049348873057
5,2022,AOBL-SOS (Proposed),ICE,4.278351164819566e-08
5,2022,AOBL-SOS (Proposed),IDXX,0.02511871421780191
5,2022,AOBL-SOS (Proposed),INTC,0.0
5,2022,AOBL-SOS (Proposed),INTU,0.0
5,2022,AOBL-SOS (Proposed),ISRG,0.0
5,2022,AOBL-SOS (Proposed),ITW,0.0
5,2022,AOBL-SOS (Proposed),JNJ,1.6823685263515622e-06
5,2022,AOBL-SOS (Proposed),JPM,0.0
5,2022,AOBL-SOS (Proposed),KLAC,0.0
5,2022,AOBL-SOS (Proposed),KMB,0.013305921958971182
5,2022,AOBL-SOS (Proposed),KMI,0.0
5,2022,AOBL-SOS (Proposed),KO,0.0
5,2022,AOBL-SOS (Proposed),LIN,0.0
5,2022,AOBL-SOS (Proposed),LMT,0.0
5,2022,AOBL-SOS (Proposed),LOW,1.1166934999392472e-06
5,2022,AOBL-SOS (Proposed),LRCX,0.0
5,2022,AOBL-SOS (Proposed),MA,0.0
5,2022,AOBL-SOS (Proposed),MAR,0.0
5,2022,AOBL-SOS (Proposed),MCD,0.0
5,2022,AOBL-SOS (Proposed),MCHP,0.0
5,2022,AOBL-SOS (Proposed),MCO,0.0
5,2022,AOBL-SOS (Proposed),MDLZ,0.0
5,2022,AOBL-SOS (Proposed),MDT,0.0
5,2022,AOBL-SOS (Proposed),MO,3.962311268064311e-07
5,2022,AOBL-SOS (Proposed),MRK,0.0
5,2022,AOBL-SOS (Proposed),MSFT,0.0
5,2022,AOBL-SOS (Proposed),MU,0.0
5,2022,AOBL-SOS (Proposed),NEE,0.0
5,2022,AOBL-SOS (Proposed),NFLX,0.11116081820917112
5,2022,AOBL-SOS (Proposed),NKE,4.3432875474828924e-05
5,2022,AOBL-SOS (Proposed),NOC,0.0
5,2022,AOBL-SOS (Proposed),NSC,0.0
5,2022,AOBL-SOS (Proposed),NVDA,0.0
5,2022,AOBL-SOS (Proposed),NXPI,0.0
5,2022,AOBL-SOS (Proposed),ORCL,0.0
5,2022,AOBL-SOS (Proposed),ORLY,0.04858512579854939
5,2022,AOBL-SOS (Proposed),PEP,0.0
5,2022,AOBL-SOS (Proposed),PFE,0.0
5,2022,AOBL-SOS (Proposed),PG,0.06751921726181302
5,2022,AOBL-SOS (Proposed),PH,0.0
5,2022,AOBL-SOS (Proposed),PLD,0.0006121200794170786
5,2022,AOBL-SOS (Proposed),PM,0.0
5,2022,AOBL-SOS (Proposed),PNC,0.0
5,2022,AOBL-SOS (Proposed),PSA,0.0
5,2022,AOBL-SOS (Proposed),QCOM,0.0
5,2022,AOBL-SOS (Proposed),REGN,0.0828423159831451
5,2022,AOBL-SOS (Proposed),ROST,0.013695882774337103
5,2022,AOBL-SOS (Proposed),RTX,0.0
5,2022,AOBL-SOS (Proposed),SHW,0.0
5,2022,AOBL-SOS (Proposed),SLB,0.0
5,2022,AOBL-SOS (Proposed),SNPS,0.0
5,2022,AOBL-SOS (Proposed),SO,0.0007359482055067254
5,2022,AOBL-SOS (Proposed),SPGI,0.0
5,2022,AOBL-SOS (Proposed),SRE,0.0
5,2022,AOBL-SOS (Proposed),SYK,0.0
5,2022,AOBL-SOS (Proposed),SYY,0.0
5,2022,AOBL-SOS (Proposed),T,0.0
5,2022,AOBL-SOS (Proposed),TEL,0.0
5,2022,AOBL-SOS (Proposed),TGT,0.0
5,2022,AOBL-SOS (Proposed),TJX,0.0
5,2022,AOBL-SOS (Proposed),TMO,0.08483649264483119
5,2022,AOBL-SOS (Proposed),TSLA,0.09767023744355134
5,2022,AOBL-SOS (Proposed),TXN,0.0
5,2022,AOBL-SOS (Proposed),UNH,0.0
5,2022,AOBL-SOS (Proposed),UNP,0.0
5,2022,AOBL-SOS (Proposed),UPS,0.0043296680329895304
5,2022,AOBL-SOS (Proposed),V,0.0
5,2022,AOBL-SOS (Proposed),VRTX,0.0
5,2022,AOBL-SOS (Proposed),VZ,0.0
5,2022,AOBL-SOS (Proposed),WFC,0.0
5,2022,AOBL-SOS (Proposed),WM,0.0
5,2022,AOBL-SOS (Proposed),WMT,0.038215550669859655
5,2022,AOBL-SOS (Proposed),XOM,0.0
5,2022,SOS (Baseline),AAPL,0.015215815439477105
5,2022,SOS (Baseline),ABT,6.203879932546666e-05
5,2022,SOS (Baseline),ACN,0.0
5,2022,SOS (Baseline),ADBE,0.00764155143702789
5,2022,SOS (Baseline),ADI,0.0
5,2022,SOS (Baseline),ADSK,0.0
5,2022,SOS (Baseline),AEP,0.0
5,2022,SOS (Baseline),AIG,0.0
5,2022,SOS (Baseline),AMAT,0.0
5,2022,SOS (Baseline),AMD,0.0
5,2022,SOS (Baseline),AMZN,0.06684365356281301
5,2022,SOS (Baseline),AON,0.0
5,2022,SOS (Baseline),APD,0.0
5,2022,SOS (Baseline),AVGO,0.019606609868987223
5,2022,SOS (Baseline),AXP,0.0
5,2022,SOS (Baseline),BA,0.0
5,2022,SOS (Baseline),BAC,0.0
5,2022,SOS (Baseline),BDX,0.0
5,2022,SOS (Baseline),BIIB,0.0
5,2022,SOS (Baseline),BKNG,0.0
5,2022,SOS (Baseline),BLK,0.0
5,2022,SOS (Baseline),BMY,0.0
5,2022,SOS (Baseline),BSX,0.0
5,2022,SOS (Baseline),C,0.0
5,2022,SOS (Baseline),CB,0.0
5,2022,SOS (Baseline),CDNS,0.02736912068440294
5,2022,SOS (Baseline),CHTR,0.034007644156409424
5,2022,SOS (Baseline),CL,0.0
5,2022,SOS (Baseline),CMCSA,0.0
5,2022,SOS (Baseline),CME,0.0
5,2022,SOS (Baseline),COP,0.0
5,2022,SOS (Baseline),COST,0.0
5,2022,SOS (Baseline),CRM,0.0
5,2022,SOS (Baseline),CSCO,0.0
5,2022,SOS (Baseline),CSX,0.0
5,2022,SOS (Baseline),CTSH,0.0
5,2022,SOS (Baseline),CVS,0.0
5,2022,SOS (Baseline),CVX,0.0
5,2022,SOS (Baseline),D,0.0
5,2022,SOS (Baseline),DE,0.0
5,2022,SOS (Baseline),DHR,0.0
5,2022,SOS (Baseline),DIS,1.2683769547112686e-06
5,2022,SOS (Baseline),DUK,0.006067938856505892
5,2022,SOS (Baseline),EL,0.0
5,2022,SOS (Baseline),EMR,0.0
5,2022,SOS (Baseline),EOG,0.0
5,2022,SOS (Baseline),ETN,0.0
5,2022,SOS (Baseline),EW,0.02840459336122991
5,2022,SOS (Baseline),EXC,0.0
5,2022,SOS (Baseline),F,0.0
5,2022,SOS (Baseline),FISV,0.0
5,2022,SOS (Baseline),GD,0.0
5,2022,SOS (Baseline),GE,0.0
5,2022,SOS (Baseline),GILD,0.07927704402942269
5,2022,SOS (Baseline),GM,0.0
5,2022,SOS (Baseline),GOOGL,0.0
5,2022,SOS (Baseline),GPN,0.0
5,2022,SOS (Baseline),GS,0.0
5,2022,SOS (Baseline),HD,0.0011223979136466247
5,2022,SOS (Baseline),HON,0.0
5,2022,SOS (Baseline),HUM,0.0
5,2022,SOS (Baseline),ICE,0.0
5,2022,SOS (Baseline),IDXX,0.06424904204640527
5,2022,SOS (Baseline),INTC,0.0
5,2022,SOS (Baseline),INTU,0.0
5,2022,SOS (Baseline),ISRG,0.0
5,2022,SOS (Baseline),ITW,0.0
5,2022,SOS (Baseline),JNJ,0.0
5,2022,SOS (Baseline),JPM,0.0
5,2022,SOS (Baseline),KLAC,0.0
5,2022,SOS (Baseline),KMB,0.013253849645515826
5,2022,SOS (Baseline),KMI,0.0
5,2022,SOS (Baseline),KO,0.0
5,2022,SOS (Baseline),LIN,0.010423140470747307
5,2022,SOS (Baseline),LMT,0.0
5,2022,SOS (Baseline),LOW,0.0
5,2022,SOS (Baseline),LRCX,0.0
5,2022,SOS (Baseline),MA,0.0
5,2022,SOS (Baseline),MAR,0.0
5,2022,SOS (Baseline),MCD,0.0
5,2022,SOS (Baseline),MCHP,0.0
5,2022,SOS (Baseline),MCO,0.0
5,2022,SOS (Baseline),MDLZ,0.0
5,2022,SOS (Baseline),MDT,0.0
5,2022,SOS (Baseline),MO,1.4633776837417107e-05
5,2022,SOS (Baseline),MRK,9.463530746709187e-08
5,2022,SOS (Baseline),MSFT,0.0
5,2022,SOS (Baseline),MU,0.0
5,2022,SOS (Baseline),NEE,0.07711052498676571
5,2022,SOS (Baseline),NFLX,0.10046035297816837
5,2022,SOS (Baseline),NKE,0.0
5,2022,SOS (Baseline),NOC,0.0
5,2022,SOS (Baseline),NSC,0.0
5,2022,SOS (Baseline),NVDA,0.1222351885846708
5,2022,SOS (Baseline),NXPI,0.0
5,2022,SOS (Baseline),ORCL,0.0
5,2022,SOS (Baseline),ORLY,0.0
5,2022,SOS (Baseline),PEP,0.0
5,2022,SOS (Baseline),PFE,0.04349940889591007
5,2022,SOS (Baseline),PG,0.0
5,2022,SOS (Baseline),PH,0.0
5,2022,SOS (Baseline),PLD,0.0
5,2022,SOS (Baseline),PM,0.0
5,2022,SOS (Baseline),PNC,0.0
5,2022,SOS (Baseline),PSA,0.05439114406772569
5,2022,SOS (Baseline),QCOM,0.0
5,2022,SOS (Baseline),REGN,0.0
5,2022,SOS (Baseline),ROST,0.0
5,2022,SOS (Baseline),RTX,0.0
5,2022,SOS (Baseline),SHW,0.0
5,2022,SOS (Baseline),SLB,0.0
5,2022,SOS (Baseline),SNPS,0.0
5,2022,SOS (Baseline),SO,0.0
5,2022,SOS (Baseline),SPGI,0.0
5,2022,SOS (Baseline),SRE,0.0
5,2022,SOS (Baseline),SYK,0.0
5,2022,SOS (Baseline),SYY,0.0
5,2022,SOS (Baseline),T,0.0
5,2022,SOS (Baseline),TEL,0.0
5,2022,SOS (Baseline),TGT,0.04382672945938312
5,2022,SOS (Baseline),TJX,0.0005502691345133597
5,2022,SOS (Baseline),TMO,0.036797733141519386
5,2022,SOS (Baseline),TSLA,0.0781847202670707
5,2022,SOS (Baseline),TXN,0.0
5,2022,SOS (Baseline),UNH,0.0
5,2022,SOS (Baseline),UNP,0.0
5,2022,SOS (Baseline),UPS,0.0
5,2022,SOS (Baseline),V,0.0
5,2022,SOS (Baseline),VRTX,2.0051544461323667e-05
5,2022,SOS (Baseline),VZ,0.0
5,2022,SOS (Baseline),WFC,0.0
5,2022,SOS (Baseline),WM,0.0693634398787953
5,2022,SOS (Baseline),WMT,0.0
5,2022,SOS (Baseline),XOM,0.0
5,2022,GA,AAPL,0.0
5,2022,GA,ABT,0.0
5,2022,GA,ACN,0.0
5,2022,GA,ADBE,0.0
5,2022,GA,ADI,0.0
5,2022,GA,ADSK,0.0
5,2022,GA,AEP,0.0
5,2022,GA,AIG,0.0
5,2022,GA,AMAT,0.0
5,2022,GA,AMD,0.08179404929241421
5,2022,GA,AMZN,0.0
5,2022,GA,AON,0.0
5,2022,GA,APD,0.0
5,2022,GA,AVGO,0.0
5,2022,GA,AXP,0.0
5,2022,GA,BA,0.0
5,2022,GA,BAC,0.0
5,2022,GA,BDX,0.0
5,2022,GA,BIIB,0.017995220466472627
5,2022,GA,BKNG,0.0
5,2022,GA,BLK,0.0
5,2022,GA,BMY,0.010486619261534465
5,2022,GA,BSX,0.0
5,2022,GA,C,0.0
5,2022,GA,CB,0.0
5,2022,GA,CDNS,0.0
5,2022,GA,CHTR,0.04483899983245331
5,2022,GA,CL,0.0
5,2022,GA,CMCSA,0.0
5,2022,GA,CME,0.002938843469322375
5,2022,GA,COP,0.0
5,2022,GA,COST,0.0
5,2022,GA,CRM,0.0
5,2022,GA,CSCO,0.0
5,2022,GA,CSX,0.0
5,2022,GA,CTSH,0.0
5,2022,GA,CVS,0.0
5,2022,GA,CVX,0.0
5,2022,GA,D,0.007052660235878092
5,2022,GA,DE,0.0
5,2022,GA,DHR,0.04408249509380105
5,2022,GA,DIS,0.0
5,2022,GA,DUK,0.0
5,2022,GA,EL,0.0
5,2022,GA,EMR,0.0
5,2022,GA,EOG,0.0
5,2022,GA,ETN,0.0
5,2022,GA,EW,0.0
5,2022,GA,EXC,0.0
5,2022,GA,F,0.0
5,2022,GA,FISV,0.0
5,2022,GA,GD,0.0
5,2022,GA,GE,0.0
5,2022,GA,GILD,0.0038639778527606236
5,2022,GA,GM,0.0
5,2022,GA,GOOGL,0.0
5,2022,GA,GPN,0.0
5,2022,GA,GS,0.0
5,2022,GA,HD,0.0
5,2022,GA,HON,0.0
5,2022,GA,HUM,0.031017559735089757
5,2022,GA,ICE,0.0
5,2022,GA,IDXX,0.09736532601055195
5,2022,GA,INTC,0.0
5,2022,GA,INTU,0.0
5,2022,GA,ISRG,0.0
5,2022,GA,ITW,0.011790375903041456
5,2022,GA,JNJ,0.0
5,2022,GA,JPM,0.003981878607651217
5,2022,GA,KLAC,0.07042950540159815
5,2022,GA,KMB,0.014238122091209919
5,2022,GA,KMI,0.0
5,2022,GA,KO,0.0
5,2022,GA,LIN,0.0
5,2022,GA,LMT,0.0
5,2022,GA,LOW,0.0
5,2022,GA,LRCX,0.0068417965006427875
5,2022,GA,MA,0.0
5,2022,GA,MAR,0.0
5,2022,GA,MCD,0.0
5,2022,GA,MCHP,0.0
5,2022,GA,MCO,0.0
5,2022,GA,MDLZ,0.0
5,2022,GA,MDT,0.0
5,2022,GA,MO,0.0
5,2022,GA,MRK,0.0
5,2022,GA,MSFT,0.0
5,2022,GA,MU,0.0
5,2022,GA,NEE,0.025689143803028593
5,2022,GA,NFLX,0.03419565853754966
5,2022,GA,NKE,0.0
5,2022,GA,NOC,0.06804754493775785
5,2022,GA,NSC,0.0
5,2022,GA,NVDA,0.0
5,2022,GA,NXPI,0.0
5,2022,GA,ORCL,0.0
5,2022,GA,ORLY,0.010649999426465922
5,2022,GA,PEP,0.0
5,2022,GA,PFE,0.021611367451254897
5,2022,GA,PG,0.0
5,2022,GA,PH,0.0
5,2022,GA,PLD,0.0
5,2022,GA,PM,0.0
5,2022,GA,PNC,0.0
5,2022,GA,PSA,0.008272855557312263
5,2022,GA,QCOM,0.0
5,2022,GA,REGN,0.037385388452112894
5,2022,GA,ROST,0.0
5,2022,GA,RTX,0.0
5,2022,GA,SHW,0.04359930484874475
5,2022,GA,SLB,0.0
5,2022,GA,SNPS,0.0
5,2022,GA,SO,0.0
5,2022,GA,SPGI,0.0
5,2022,GA,SRE,0.0
5,2022,GA,SYK,0.0
5,2022,GA,SYY,0.0
5,2022,GA,T,0.0
5,2022,GA,TEL,0.0
5,2022,GA,TGT,0.00878809735201308
5,2022,GA,TJX,0.0
5,2022,GA,TMO,0.0719425960844943
5,2022,GA,TSLA,0.11818143130449424
5,2022,GA,TXN,0.0
5,2022,GA,UNH,0.0
5,2022,GA,UNP,0.0
5,2022,GA,UPS,0.0
5,2022,GA,V,0.01227921620344018
5,2022,GA,VRTX,0.0
5,2022,GA,VZ,0.015377965107663084
5,2022,GA,WFC,0.0
5,2022,GA,WM,0.03248008851343723
5,2022,GA,WMT,0.04278191266580911
5,2022,GA,XOM,0.0
5,2022,PSO,AAPL,0.0
5,2022,PSO,ABT,0.0
5,2022,PSO,ACN,0.0
5,2022,PSO,ADBE,0.0
5,2022,PSO,ADI,0.0
5,2022,PSO,ADSK,0.0
5,2022,PSO,AEP,0.0
5,2022,PSO,AIG,0.0
5,2022,PSO,AMAT,0.0
5,2022,PSO,AMD,0.015700040627447755
5,2022,PSO,AMZN,0.06739417451994989
5,2022,PSO,AON,0.0
5,2022,PSO,APD,0.0
5,2022,PSO,AVGO,0.0
5,2022,PSO,AXP,0.0
5,2022,PSO,BA,0.0
5,2022,PSO,BAC,0.0
5,2022,PSO,BDX,0.0
5,2022,PSO,BIIB,0.0
5,2022,PSO,BKNG,0.0
5,2022,PSO,BLK,0.0
5,2022,PSO,BMY,0.0
5,2022,PSO,BSX,0.0
5,2022,PSO,C,0.0
5,2022,PSO,CB,0.0
5,2022,PSO,CDNS,0.0
5,2022,PSO,CHTR,0.08741209223712175
5,2022,PSO,CL,0.0
5,2022,PSO,CMCSA,0.0
5,2022,PSO,CME,0.0
5,2022,PSO,COP,0.0
5,2022,PSO,COST,0.0
5,2022,PSO,CRM,0.0
5,2022,PSO,CSCO,0.0
5,2022,PSO,CSX,0.0
5,2022,PSO,CTSH,0.0
5,2022,PSO,CVS,0.0
5,2022,PSO,CVX,0.0
5,2022,PSO,D,0.0
5,2022,PSO,DE,0.0
5,2022,PSO,DHR,0.13534183233688085
5,2022,PSO,DIS,0.0
5,2022,PSO,DUK,0.0
5,2022,PSO,EL,0.0
5,2022,PSO,EMR,0.0
5,2022,PSO,EOG,0.0
5,2022,PSO,ETN,0.0
5,2022,PSO,EW,0.0
5,2022,PSO,EXC,0.0
5,2022,PSO,F,0.0
5,2022,PSO,FISV,0.0
5,2022,PSO,GD,0.0
5,2022,PSO,GE,0.0
5,2022,PSO,GILD,0.0
5,2022,PSO,GM,0.0
5,2022,PSO,GOOGL,0.0
5,2022,PSO,GPN,0.0
5,2022,PSO,GS,0.0
5,2022,PSO,HD,0.0
5,2022,PSO,HON,0.0
5,2022,PSO,HUM,0.0
5,2022,PSO,ICE,0.0
5,2022,PSO,IDXX,0.0833858060450302
5,2022,PSO,INTC,0.0
5,2022,PSO,INTU,0.0
5,2022,PSO,ISRG,0.0
5,2022,PSO,ITW,0.0
5,2022,PSO,JNJ,0.0
5,2022,PSO,JPM,0.0
5,2022,PSO,KLAC,0.0
5,2022,PSO,KMB,0.0
5,2022,PSO,KMI,0.0
5,2022,PSO,KO,0.0
5,2022,PSO,LIN,0.0
5,2022,PSO,LMT,0.0
5,2022,PSO,LOW,0.0
5,2022,PSO,LRCX,0.0
5,2022,PSO,MA,0.0
5,2022,PSO,MAR,0.0
5,2022,PSO,MCD,0.0
5,2022,PSO,MCHP,0.0
5,2022,PSO,MCO,0.0
5,2022,PSO,MDLZ,0.0
5,2022,PSO,MDT,0.0
5,2022,PSO,MO,0.0
5,2022,PSO,MRK,0.0
5,2022,PSO,MSFT,0.0
5,2022,PSO,MU,0.0
5,2022,PSO,NEE,0.0
5,2022,PSO,NFLX,0.11033942401318453
5,2022,PSO,NKE,0.0
5,2022,PSO,NOC,0.18873790214081168
5,2022,PSO,NSC,0.0
5,2022,PSO,NVDA,0.0
5,2022,PSO,NXPI,0.0
5,2022,PSO,ORCL,0.0
5,2022,PSO,ORLY,0.0
5,2022,PSO,PEP,0.0
5,2022,PSO,PFE,0.0
5,2022,PSO,PG,0.0
5,2022,PSO,PH,0.0
5,2022,PSO,PLD,0.0
5,2022,PSO,PM,0.0
5,2022,PSO,PNC,0.0
5,2022,PSO,PSA,0.0
5,2022,PSO,QCOM,0.0
5,2022,PSO,REGN,0.08976139076666385
5,2022,PSO,ROST,0.0
5,2022,PSO,RTX,0.0
5,2022,PSO,SHW,0.08080013315941663
5,2022,PSO,SLB,0.0
5,2022,PSO,SNPS,0.0
5,2022,PSO,SO,0.0
5,2022,PSO,SPGI,0.0
5,2022,PSO,SRE,0.0
5,2022,PSO,SYK,0.0
5,2022,PSO,SYY,0.0
5,2022,PSO,T,0.0
5,2022,PSO,TEL,0.0
5,2022,PSO,TGT,0.0
5,2022,PSO,TJX,0.0
5,2022,PSO,TMO,0.0
5,2022,PSO,TSLA,0.10524101895493702
5,2022,PSO,TXN,0.0
5,2022,PSO,UNH,0.0
5,2022,PSO,UNP,0.0
5,2022,PSO,UPS,0.0
5,2022,PSO,V,0.0
5,2022,PSO,VRTX,0.0
5,2022,PSO,VZ,0.0
5,2022,PSO,WFC,0.0
5,2022,PSO,WM,0.0
5,2022,PSO,WMT,0.035886185198555895
5,2022,PSO,XOM,0.0
5,2022,DE,AAPL,0.0
5,2022,DE,ABT,0.0
5,2022,DE,ACN,0.0
5,2022,DE,ADBE,0.03588831928767133
5,2022,DE,ADI,0.0032083810326633327
5,2022,DE,ADSK,0.0
5,2022,DE,AEP,0.0
5,2022,DE,AIG,0.0
5,2022,DE,AMAT,0.006632458896093064
5,2022,DE,AMD,0.01754499789982829
5,2022,DE,AMZN,0.0
5,2022,DE,AON,0.0
5,2022,DE,APD,0.0
5,2022,DE,AVGO,0.0
5,2022,DE,AXP,0.0
5,2022,DE,BA,0.0
5,2022,DE,BAC,0.0
5,2022,DE,BDX,0.004939596574044165
5,2022,DE,BIIB,0.0
5,2022,DE,BKNG,0.0025402821384246997
5,2022,DE,BLK,0.0
5,2022,DE,BMY,0.0
5,2022,DE,BSX,0.0
5,2022,DE,C,0.0
5,2022,DE,CB,0.0
5,2022,DE,CDNS,0.0
5,2022,DE,CHTR,0.018822357501823733
5,2022,DE,CL,0.0050677474503798715
5,2022,DE,CMCSA,0.0
5,2022,DE,CME,0.008509989073792494
5,2022,DE,COP,0.0
5,2022,DE,COST,0.17427487257639165
5,2022,DE,CRM,0.0
5,2022,DE,CSCO,0.0
5,2022,DE,CSX,0.0
5,2022,DE,CTSH,0.0
5,2022,DE,CVS,0.0
5,2022,DE,CVX,0.0
5,2022,DE,D,0.0
5,2022,DE,DE,0.0
5,2022,DE,DHR,0.0
5,2022,DE,DIS,0.0
5,2022,DE,DUK,0.0
5,2022,DE,EL,0.006978921583163467
5,2022,DE,EMR,0.0
5,2022,DE,EOG,0.0
5,2022,DE,ETN,0.0
5,2022,DE,EW,0.0007276137380848412
5,2022,DE,EXC,0.0
5,2022,DE,F,0.0
5,2022,DE,FISV,0.0
5,2022,DE,GD,0.0
5,2022,DE,GE,0.0
5,2022,DE,GILD,0.01005706201444495
5,2022,DE,GM,0.0
5,2022,DE,GOOGL,0.006916574733628836
5,2022,DE,GPN,0.0
5,2022,DE,GS,0.0
5,2022,DE,HD,0.0
5,2022,DE,HON,0.0
5,2022,DE,HUM,0.0016711660061427536
5,2022,DE,ICE,0.01607083380122029
5,2022,DE,IDXX,0.06954575844157168
5,2022,DE,INTC,0.0
5,2022,DE,INTU,0.0
5,2022,DE,ISRG,0.0
5,2022,DE,ITW,0.0
5,2022,DE,JNJ,0.004150764922480756
5,2022,DE,JPM,0.0
5,2022,DE,KLAC,0.003919186744602136
5,2022,DE,KMB,0.0
5,2022,DE,KMI,0.0
5,2022,DE,KO,0.0
5,2022,DE,LIN,0.0
5,2022,DE,LMT,0.0
5,2022,DE,LOW,0.0
5,2022,DE,LRCX,0.0
5,2022,DE,MA,0.0
5,2022,DE,MAR,0.0
5,2022,DE,MCD,0.0
5,2022,DE,MCHP,0.0
5,2022,DE,MCO,0.0
5,2022,DE,MDLZ,0.0
5,2022,DE,MDT,0.0
5,2022,DE,MO,0.0
5,2022,DE,MRK,0.0
5,2022,DE,MSFT,0.0
5,2022,DE,MU,0.0
5,2022,DE,NEE,0.1488560349950581
5,2022,DE,NFLX,0.0
5,2022,DE,NKE,0.004940811080580845
5,2022,DE,NOC,0.0
5,2022,DE,NSC,0.0
5,2022,DE,NVDA,0.08742618829850349
5,2022,DE,NXPI,0.0
5,2022,DE,ORCL,0.0
5,2022,DE,ORLY,0.0
5,2022,DE,PEP,0.0
5,2022,DE,PFE,0.0
5,2022,DE,PG,0.0
5,2022,DE,PH,0.0
5,2022,DE,PLD,0.0
5,2022,DE,PM,0.0
5,2022,DE,PNC,0.0
5,2022,DE,PSA,0.0
5,2022,DE,QCOM,0.0
5,2022,DE,REGN,0.10873871772207397
5,2022,DE,ROST,0.0
5,2022,DE,RTX,0.0
5,2022,DE,SHW,0.02679708337929394
5,2022,DE,SLB,0.0
5,2022,DE,SNPS,0.006707111205380267
5,2022,DE,SO,0.0
5,2022,DE,SPGI,0.01380866567001342
5,2022,DE,SRE,0.0
5,2022,DE,SYK,0.0
5,2022,DE,SYY,0.0
5,2022,DE,T,0.0
5,2022,DE,TEL,0.0
5,2022,DE,TGT,0.0
5,2022,DE,TJX,0.0
5,2022,DE,TMO,0.0
5,2022,DE,TSLA,0.10576954292074744
5,2022,DE,TXN,0.0
5,2022,DE,UNH,0.0030838668622625892
5,2022,DE,UNP,0.0008259520056473924
5,2022,DE,UPS,0.0
5,2022,DE,V,0.0
5,2022,DE,VRTX,0.0
5,2022,DE,VZ,0.0
5,2022,DE,WFC,0.0
5,2022,DE,WM,0.09557914144398633
5,2022,DE,WMT,0.0
5,2022,DE,XOM,0.0
5,2022,Ledoit-Wolf,AAPL,0.0
5,2022,Ledoit-Wolf,ABT,0.0
5,2022,Ledoit-Wolf,ACN,3.056710371763002e-14
5,2022,Ledoit-Wolf,ADBE,3.657473059216509e-14
5,2022,Ledoit-Wolf,ADI,0.0
5,2022,Ledoit-Wolf,ADSK,0.0
5,2022,Ledoit-Wolf,AEP,0.0
5,2022,Ledoit-Wolf,AIG,0.0
5,2022,Ledoit-Wolf,AMAT,8.585096743465776e-14
5,2022,Ledoit-Wolf,AMD,0.0
5,2022,Ledoit-Wolf,AMZN,0.010442306997016657
5,2022,Ledoit-Wolf,AON,0.0
5,2022,Ledoit-Wolf,APD,0.0
5,2022,Ledoit-Wolf,AVGO,0.005450393897670403
5,2022,Ledoit-Wolf,AXP,0.0
5,2022,Ledoit-Wolf,BA,0.0
5,2022,Ledoit-Wolf,BAC,0.0
5,2022,Ledoit-Wolf,BDX,0.0
5,2022,Ledoit-Wolf,BIIB,0.0
5,2022,Ledoit-Wolf,BKNG,0.0
5,2022,Ledoit-Wolf,BLK,0.0
5,2022,Ledoit-Wolf,BMY,0.0
5,2022,Ledoit-Wolf,BSX,0.0
5,2022,Ledoit-Wolf,C,0.0
5,2022,Ledoit-Wolf,CB,0.0
5,2022,Ledoit-Wolf,CDNS,0.0
5,2022,Ledoit-Wolf,CHTR,0.06685828896743626
5,2022,Ledoit-Wolf,CL,0.0
5,2022,Ledoit-Wolf,CMCSA,0.0
5,2022,Ledoit-Wolf,CME,0.0
5,2022,Ledoit-Wolf,COP,0.0
5,2022,Ledoit-Wolf,COST,0.13025530591266055
5,2022,Ledoit-Wolf,CRM,0.0
5,2022,Ledoit-Wolf,CSCO,0.0
5,2022,Ledoit-Wolf,CSX,0.0
5,2022,Ledoit-Wolf,CTSH,0.0
5,2022,Ledoit-Wolf,CVS,0.0
5,2022,Ledoit-Wolf,CVX,0.0
5,2022,Ledoit-Wolf,D,0.0
5,2022,Ledoit-Wolf,DE,0.0
5,2022,Ledoit-Wolf,DHR,0.06813553234205366
5,2022,Ledoit-Wolf,DIS,0.0
5,2022,Ledoit-Wolf,DUK,0.0
5,2022,Ledoit-Wolf,EL,0.0
5,2022,Ledoit-Wolf,EMR,0.0
5,2022,Ledoit-Wolf,EOG,0.0
5,2022,Ledoit-Wolf,ETN,0.0
5,2022,Ledoit-Wolf,EW,0.0
5,2022,Ledoit-Wolf,EXC,0.0
5,2022,Ledoit-Wolf,F,0.0
5,2022,Ledoit-Wolf,FISV,0.0
5,2022,Ledoit-Wolf,GD,0.0
5,2022,Ledoit-Wolf,GE,0.0
5,2022,Ledoit-Wolf,GILD,0.0
5,2022,Ledoit-Wolf,GM,0.0
5,2022,Ledoit-Wolf,GOOGL,0.0
5,2022,Ledoit-Wolf,GPN,0.0
5,2022,Ledoit-Wolf,GS,0.0
5,2022,Ledoit-Wolf,HD,0.0
5,2022,Ledoit-Wolf,HON,0.0
5,2022,Ledoit-Wolf,HUM,0.0
5,2022,Ledoit-Wolf,ICE,0.0
5,2022,Ledoit-Wolf,IDXX,0.0329730188498035
5,2022,Ledoit-Wolf,INTC,0.0
5,2022,Ledoit-Wolf,INTU,5.735086815501505e-14
5,2022,Ledoit-Wolf,ISRG,0.0
5,2022,Ledoit-Wolf,ITW,0.0
5,2022,Ledoit-Wolf,JNJ,0.0
5,2022,Ledoit-Wolf,JPM,0.0
5,2022,Ledoit-Wolf,KLAC,0.0
5,2022,Ledoit-Wolf,KMB,0.0
5,2022,Ledoit-Wolf,KMI,0.0
5,2022,Ledoit-Wolf,KO,0.0
5,2022,Ledoit-Wolf,LIN,0.0
5,2022,Ledoit-Wolf,LMT,0.0
5,2022,Ledoit-Wolf,LOW,0.0
5,2022,Ledoit-Wolf,LRCX,4.4279544538906214e-14
5,2022,Ledoit-Wolf,MA,7.532547673756049e-14
5,2022,Ledoit-Wolf,MAR,0.0
5,2022,Ledoit-Wolf,MCD,0.0
5,2022,Ledoit-Wolf,MCHP,0.0
5,2022,Ledoit-Wolf,MCO,5.3361779566155855e-14
5,2022,Ledoit-Wolf,MDLZ,0.0
5,2022,Ledoit-Wolf,MDT,0.0
5,2022,Ledoit-Wolf,MO,0.0
5,2022,Ledoit-Wolf,MRK,0.0
5,2022,Ledoit-Wolf,MSFT,2.2871413090022578e-14
5,2022,Ledoit-Wolf,MU,0.0
5,2022,Ledoit-Wolf,NEE,0.15547120813079263
5,2022,Ledoit-Wolf,NFLX,0.08618639117441738
5,2022,Ledoit-Wolf,NKE,0.0
5,2022,Ledoit-Wolf,NOC,0.08414865037412274
5,2022,Ledoit-Wolf,NSC,0.0
5,2022,Ledoit-Wolf,NVDA,0.09208762392737575
5,2022,Ledoit-Wolf,NXPI,0.0
5,2022,Ledoit-Wolf,ORCL,0.0
5,2022,Ledoit-Wolf,ORLY,0.0
5,2022,Ledoit-Wolf,PEP,0.0
5,2022,Ledoit-Wolf,PFE,0.0
5,2022,Ledoit-Wolf,PG,0.0
5,2022,Ledoit-Wolf,PH,0.0
5,2022,Ledoit-Wolf,PLD,0.0
5,2022,Ledoit-Wolf,PM,0.0
5,2022,Ledoit-Wolf,PNC,0.0
5,2022,Ledoit-Wolf,PSA,0.0
5,2022,Ledoit-Wolf,QCOM,0.0
5,2022,Ledoit-Wolf,REGN,0.0
5,2022,Ledoit-Wolf,ROST,0.0
5,2022,Ledoit-Wolf,RTX,0.0
5,2022,Ledoit-Wolf,SHW,0.039250552344112136
5,2022,Ledoit-Wolf,SLB,0.0
5,2022,Ledoit-Wolf,SNPS,1.9690649278241455e-14
5,2022,Ledoit-Wolf,SO,0.0
5,2022,Ledoit-Wolf,SPGI,0.0
5,2022,Ledoit-Wolf,SRE,0.0
5,2022,Ledoit-Wolf,SYK,0.0
5,2022,Ledoit-Wolf,SYY,0.0
5,2022,Ledoit-Wolf,T,0.0
5,2022,Ledoit-Wolf,TEL,0.0
5,2022,Ledoit-Wolf,TGT,0.0
5,2022,Ledoit-Wolf,TJX,0.0
5,2022,Ledoit-Wolf,TMO,0.062052311729810926
5,2022,Ledoit-Wolf,TSLA,0.10555656189142382
5,2022,Ledoit-Wolf,TXN,0.0
5,2022,Ledoit-Wolf,UNH,0.015763981910722657
5,2022,Ledoit-Wolf,UNP,0.0
5,2022,Ledoit-Wolf,UPS,0.0
5,2022,Ledoit-Wolf,V,6.089580574400037e-14
5,2022,Ledoit-Wolf,VRTX,0.0
5,2022,Ledoit-Wolf,VZ,0.0
5,2022,Ledoit-Wolf,WFC,0.0
5,2022,Ledoit-Wolf,WM,0.04536787155009426
5,2022,Ledoit-Wolf,WMT,0.0
5,2022,Ledoit-Wolf,XOM,0.0
5,2022,Max Sharpe,AAPL,5.0468644568412844e-17
5,2022,Max Sharpe,ABT,0.0
5,2022,Max Sharpe,ACN,4.8564316805700393e-17
5,2022,Max Sharpe,ADBE,2.2739385261684598e-17
5,2022,Max Sharpe,ADI,0.0
5,2022,Max Sharpe,ADSK,0.0
5,2022,Max Sharpe,AEP,0.0
5,2022,Max Sharpe,AIG,0.0
5,2022,Max Sharpe,AMAT,0.0
5,2022,Max Sharpe,AMD,0.0
5,2022,Max Sharpe,AMZN,0.009091990548147424
5,2022,Max Sharpe,AON,6.444644605053034e-17
5,2022,Max Sharpe,APD,0.0
5,2022,Max Sharpe,AVGO,0.004261374448147355
5,2022,Max Sharpe,AXP,0.0
5,2022,Max Sharpe,BA,0.0
5,2022,Max Sharpe,BAC,0.0
5,2022,Max Sharpe,BDX,0.0
5,2022,Max Sharpe,BIIB,0.0
5,2022,Max Sharpe,BKNG,0.0
5,2022,Max Sharpe,BLK,0.0
5,2022,Max Sharpe,BMY,0.0
5,2022,Max Sharpe,BSX,0.0
5,2022,Max Sharpe,C,0.0
5,2022,Max Sharpe,CB,0.0
5,2022,Max Sharpe,CDNS,4.316511856210411e-17
5,2022,Max Sharpe,CHTR,0.06691095604754052
5,2022,Max Sharpe,CL,0.0
5,2022,Max Sharpe,CMCSA,0.0
5,2022,Max Sharpe,CME,0.0
5,2022,Max Sharpe,COP,0.0
5,2022,Max Sharpe,COST,0.13413598008745992
5,2022,Max Sharpe,CRM,0.0
5,2022,Max Sharpe,CSCO,0.0
5,2022,Max Sharpe,CSX,0.0
5,2022,Max Sharpe,CTSH,0.0
5,2022,Max Sharpe,CVS,0.0
5,2022,Max Sharpe,CVX,0.0
5,2022,Max Sharpe,D,0.0
5,2022,Max Sharpe,DE,0.0
5,2022,Max Sharpe,DHR,0.06812389061715377
5,2022,Max Sharpe,DIS,0.0
5,2022,Max Sharpe,DUK,0.0
5,2022,Max Sharpe,EL,0.0
5,2022,Max Sharpe,EMR,0.0
5,2022,Max Sharpe,EOG,0.0
5,2022,Max Sharpe,ETN,0.0
5,2022,Max Sharpe,EW,0.0
5,2022,Max Sharpe,EXC,0.0
5,2022,Max Sharpe,F,0.0
5,2022,Max Sharpe,FISV,0.0
5,2022,Max Sharpe,GD,0.0
5,2022,Max Sharpe,GE,0.0
5,2022,Max Sharpe,GILD,0.0
5,2022,Max Sharpe,GM,0.0
5,2022,Max Sharpe,GOOGL,0.0
5,2022,Max Sharpe,GPN,0.0
5,2022,Max Sharpe,GS,0.0
5,2022,Max Sharpe,HD,2.3443099085201246e-17
5,2022,Max Sharpe,HON,0.0
5,2022,Max Sharpe,HUM,0.0
5,2022,Max Sharpe,ICE,0.0
5,2022,Max Sharpe,IDXX,0.03202257039715561
5,2022,Max Sharpe,INTC,0.0
5,2022,Max Sharpe,INTU,1.129602829619661e-17
5,2022,Max Sharpe,ISRG,0.0
5,2022,Max Sharpe,ITW,0.0
5,2022,Max Sharpe,JNJ,0.0
5,2022,Max Sharpe,JPM,0.0
5,2022,Max Sharpe,KLAC,0.0
5,2022,Max Sharpe,KMB,0.0
5,2022,Max Sharpe,KMI,0.0
5,2022,Max Sharpe,KO,0.0
5,2022,Max Sharpe,LIN,0.0
5,2022,Max Sharpe,LMT,0.0
5,2022,Max Sharpe,LOW,1.2659808225693167e-16
5,2022,Max Sharpe,LRCX,4.9996422986461254e-17
5,2022,Max Sharpe,MA,5.1055608204560647e-17
5,2022,Max Sharpe,MAR,0.0
5,2022,Max Sharpe,MCD,0.0
5,2022,Max Sharpe,MCHP,0.0
5,2022,Max Sharpe,MCO,9.313973223935166e-18
5,2022,Max Sharpe,MDLZ,0.0
5,2022,Max Sharpe,MDT,0.0
5,2022,Max Sharpe,MO,0.0
5,2022,Max Sharpe,MRK,0.0
5,2022,Max Sharpe,MSFT,8.814328594582173e-17
5,2022,Max Sharpe,MU,0.0
5,2022,Max Sharpe,NEE,0.15961871145282647
5,2022,Max Sharpe,NFLX,0.0861207763164375
5,2022,Max Sharpe,NKE,0.0
5,2022,Max Sharpe,NOC,0.08506149739415396
5,2022,Max Sharpe,NSC,0.0
5,2022,Max Sharpe,NVDA,0.0920435188429493
5,2022,Max Sharpe,NXPI,0.0
5,2022,Max Sharpe,ORCL,0.0
5,2022,Max Sharpe,ORLY,0.0
5,2022,Max Sharpe,PEP,0.0
5,2022,Max Sharpe,PFE,0.0
5,2022,Max Sharpe,PG,0.0
5,2022,Max Sharpe,PH,0.0
5,2022,Max Sharpe,PLD,0.0
5,2022,Max Sharpe,PM,0.0
5,2022,Max Sharpe,PNC,0.0
5,2022,Max Sharpe,PSA,0.0
5,2022,Max Sharpe,QCOM,0.0
5,2022,Max Sharpe,REGN,0.0
5,2022,Max Sharpe,ROST,0.0
5,2022,Max Sharpe,RTX,0.0
5,2022,Max Sharpe,SHW,0.0384278305918444
5,2022,Max Sharpe,SLB,0.0
5,2022,Max Sharpe,SNPS,1.72687937956061e-17
5,2022,Max Sharpe,SO,0.0
5,2022,Max Sharpe,SPGI,7.764978040563716e-17
5,2022,Max Sharpe,SRE,0.0
5,2022,Max Sharpe,SYK,0.0
5,2022,Max Sharpe,SYY,0.0
5,2022,Max Sharpe,T,0.0
5,2022,Max Sharpe,TEL,0.0
5,2022,Max Sharpe,TGT,0.0
5,2022,Max Sharpe,TJX,0.0
5,2022,Max Sharpe,TMO,0.06208347005130167
5,2022,Max Sharpe,TSLA,0.10532091401075838
5,2022,Max Sharpe,TXN,0.0
5,2022,Max Sharpe,UNH,0.01412776056679036
5,2022,Max Sharpe,UNP,0.0
5,2022,Max Sharpe,UPS,0.0
5,2022,Max Sharpe,V,2.993907176641723e-16
5,2022,Max Sharpe,VRTX,0.0
5,2022,Max Sharpe,VZ,0.0
5,2022,Max Sharpe,WFC,0.0
5,2022,Max Sharpe,WM,0.04264875862733245
5,2022,Max Sharpe,WMT,0.0
5,2022,Max Sharpe,XOM,0.0
5,2022,Min Variance,AAPL,0.0
5,2022,Min Variance,ABT,0.0
5,2022,Min Variance,ACN,0.0
5,2022,Min Variance,ADBE,0.0
5,2022,Min Variance,ADI,0.0
5,2022,Min Variance,ADSK,0.0
5,2022,Min Variance,AEP,0.050781299089388235
5,2022,Min Variance,AIG,0.0
5,2022,Min Variance,AMAT,0.0
5,2022,Min Variance,AMD,0.0
5,2022,Min Variance,AMZN,0.0
5,2022,Min Variance,AON,0.037074931829130575
5,2022,Min Variance,APD,0.0
5,2022,Min Variance,AVGO,0.0
5,2022,Min Variance,AXP,0.0
5,2022,Min Variance,BA,0.0
5,2022,Min Variance,BAC,0.0
5,2022,Min Variance,BDX,0.08416312950443307
5,2022,Min Variance,BIIB,0.0
5,2022,Min Variance,BKNG,0.0
5,2022,Min Variance,BLK,0.0
5,2022,Min Variance,BMY,0.0
5,2022,Min Variance,BSX,0.0
5,2022,Min Variance,C,0.0
5,2022,Min Variance,CB,0.0
5,2022,Min Variance,CDNS,0.0
5,2022,Min Variance,CHTR,0.0
5,2022,Min Variance,CL,3.957337929572091e-18
5,2022,Min Variance,CMCSA,0.0
5,2022,Min Variance,CME,0.0
5,2022,Min Variance,COP,0.0
5,2022,Min Variance,COST,0.0684438716521213
5,2022,Min Variance,CRM,0.0
5,2022,Min Variance,CSCO,0.0
5,2022,Min Variance,CSX,0.0
5,2022,Min Variance,CTSH,0.0
5,2022,Min Variance,CVS,0.0
5,2022,Min Variance,CVX,0.0
5,2022,Min Variance,D,0.0
5,2022,Min Variance,DE,0.0
5,2022,Min Variance,DHR,0.0
5,2022,Min Variance,DIS,0.0
5,2022,Min Variance,DUK,0.0
5,2022,Min Variance,EL,0.0
5,2022,Min Variance,EMR,0.0
5,2022,Min Variance,EOG,0.0
5,2022,Min Variance,ETN,0.0
5,2022,Min Variance,EW,0.0
5,2022,Min Variance,EXC,0.0
5,2022,Min Variance,F,0.0
5,2022,Min Variance,FISV,0.0
5,2022,Min Variance,GD,5.692061405548898e-19
5,2022,Min Variance,GE,0.0
5,2022,Min Variance,GILD,0.0
5,2022,Min Variance,GM,0.0
5,2022,Min Variance,GOOGL,0.0
5,2022,Min Variance,GPN,0.0
5,2022,Min Variance,GS,0.0
5,2022,Min Variance,HD,0.0
5,2022,Min Variance,HON,0.0
5,2022,Min Variance,HUM,0.0
5,2022,Min Variance,ICE,0.0
5,2022,Min Variance,IDXX,0.0
5,2022,Min Variance,INTC,0.0
5,2022,Min Variance,INTU,0.0
5,2022,Min Variance,ISRG,0.0
5,2022,Min Variance,ITW,0.0
5,2022,Min Variance,JNJ,0.0678591459466465
5,2022,Min Variance,JPM,0.0
5,2022,Min Variance,KLAC,0.0
5,2022,Min Variance,KMB,0.020175646187786462
5,2022,Min Variance,KMI,0.0
5,2022,Min Variance,KO,0.0400364156063655
5,2022,Min Variance,LIN,0.00025485481738412403
5,2022,Min Variance,LMT,0.00561559743766921
5,2022,Min Variance,LOW,0.0
5,2022,Min Variance,LRCX,0.0
5,2022,Min Variance,MA,0.0
5,2022,Min Variance,MAR,0.0
5,2022,Min Variance,MCD,0.09482004990543313
5,2022,Min Variance,MCHP,0.0
5,2022,Min Variance,MCO,0.0
5,2022,Min Variance,MDLZ,2.710505431213761e-18
5,2022,Min Variance,MDT,2.9205696021328276e-18
5,2022,Min Variance,MO,0.029700011680107764
5,2022,Min Variance,MRK,0.01800558765510611
5,2022,Min Variance,MSFT,0.0
5,2022,Min Variance,MU,0.0
5,2022,Min Variance,NEE,2.0057740190981832e-18
5,2022,Min Variance,NFLX,0.0
5,2022,Min Variance,NKE,0.0
5,2022,Min Variance,NOC,0.0
5,2022,Min Variance,NSC,0.0
5,2022,Min Variance,NVDA,0.0
5,2022,Min Variance,NXPI,0.0
5,2022,Min Variance,ORCL,0.0
5,2022,Min Variance,ORLY,0.0
5,2022,Min Variance,PEP,0.0
5,2022,Min Variance,PFE,0.047267123733666545
5,2022,Min Variance,PG,0.027711771468683605
5,2022,Min Variance,PH,0.0
5,2022,Min Variance,PLD,0.0
5,2022,Min Variance,PM,1.1316360175317453e-18
5,2022,Min Variance,PNC,0.0
5,2022,Min Variance,PSA,0.08391193587683456
5,2022,Min Variance,QCOM,0.0
5,2022,Min Variance,REGN,0.0
5,2022,Min Variance,ROST,0.0
5,2022,Min Variance,RTX,0.0
5,2022,Min Variance,SHW,0.0
5,2022,Min Variance,SLB,0.0
5,2022,Min Variance,SNPS,0.0
5,2022,Min Variance,SO,0.0
5,2022,Min Variance,SPGI,0.0
5,2022,Min Variance,SRE,0.0
5,2022,Min Variance,SYK,0.0
5,2022,Min Variance,SYY,0.0
5,2022,Min Variance,T,2.8189256484623115e-18
5,2022,Min Variance,TEL,0.0
5,2022,Min Variance,TGT,0.0
5,2022,Min Variance,TJX,0.0
5,2022,Min Variance,TMO,0.0
5,2022,Min Variance,TSLA,0.0
5,2022,Min Variance,TXN,0.0
5,2022,Min Variance,UNH,0.0
5,2022,Min Variance,UNP,0.0
5,2022,Min Variance,UPS,0.0
5,2022,Min Variance,V,0.0
5,2022,Min Variance,VRTX,0.0
5,2022,Min Variance,VZ,0.16522804980408656
5,2022,Min Variance,WFC,0.0
5,2022,Min Variance,WM,0.048897442759705444
5,2022,Min Variance,WMT,0.11005313504545129
5,2022,Min Variance,XOM,0.0
5,2022,Equal Weight (1/N),AAPL,0.007462686567164179
5,2022,Equal Weight (1/N),ABT,0.007462686567164179
5,2022,Equal Weight (1/N),ACN,0.007462686567164179
5,2022,Equal Weight (1/N),ADBE,0.007462686567164179
5,2022,Equal Weight (1/N),ADI,0.007462686567164179
5,2022,Equal Weight (1/N),ADSK,0.007462686567164179
5,2022,Equal Weight (1/N),AEP,0.007462686567164179
5,2022,Equal Weight (1/N),AIG,0.007462686567164179
5,2022,Equal Weight (1/N),AMAT,0.007462686567164179
5,2022,Equal Weight (1/N),AMD,0.007462686567164179
5,2022,Equal Weight (1/N),AMZN,0.007462686567164179
5,2022,Equal Weight (1/N),AON,0.007462686567164179
5,2022,Equal Weight (1/N),APD,0.007462686567164179
5,2022,Equal Weight (1/N),AVGO,0.007462686567164179
5,2022,Equal Weight (1/N),AXP,0.007462686567164179
5,2022,Equal Weight (1/N),BA,0.007462686567164179
5,2022,Equal Weight (1/N),BAC,0.007462686567164179
5,2022,Equal Weight (1/N),BDX,0.007462686567164179
5,2022,Equal Weight (1/N),BIIB,0.007462686567164179
5,2022,Equal Weight (1/N),BKNG,0.007462686567164179
5,2022,Equal Weight (1/N),BLK,0.007462686567164179
5,2022,Equal Weight (1/N),BMY,0.007462686567164179
5,2022,Equal Weight (1/N),BSX,0.007462686567164179
5,2022,Equal Weight (1/N),C,0.007462686567164179
5,2022,Equal Weight (1/N),CB,0.007462686567164179
5,2022,Equal Weight (1/N),CDNS,0.007462686567164179
5,2022,Equal Weight (1/N),CHTR,0.007462686567164179
5,2022,Equal Weight (1/N),CL,0.007462686567164179
5,2022,Equal Weight (1/N),CMCSA,0.007462686567164179
5,2022,Equal Weight (1/N),CME,0.007462686567164179
5,2022,Equal Weight (1/N),COP,0.007462686567164179
5,2022,Equal Weight (1/N),COST,0.007462686567164179
5,2022,Equal Weight (1/N),CRM,0.007462686567164179
5,2022,Equal Weight (1/N),CSCO,0.007462686567164179
5,2022,Equal Weight (1/N),CSX,0.007462686567164179
5,2022,Equal Weight (1/N),CTSH,0.007462686567164179
5,2022,Equal Weight (1/N),CVS,0.007462686567164179
5,2022,Equal Weight (1/N),CVX,0.007462686567164179
5,2022,Equal Weight (1/N),D,0.007462686567164179
5,2022,Equal Weight (1/N),DE,0.007462686567164179
5,2022,Equal Weight (1/N),DHR,0.007462686567164179
5,2022,Equal Weight (1/N),DIS,0.007462686567164179
5,2022,Equal Weight (1/N),DUK,0.007462686567164179
5,2022,Equal Weight (1/N),EL,0.007462686567164179
5,2022,Equal Weight (1/N),EMR,0.007462686567164179
5,2022,Equal Weight (1/N),EOG,0.007462686567164179
5,2022,Equal Weight (1/N),ETN,0.007462686567164179
5,2022,Equal Weight (1/N),EW,0.007462686567164179
5,2022,Equal Weight (1/N),EXC,0.007462686567164179
5,2022,Equal Weight (1/N),F,0.007462686567164179
5,2022,Equal Weight (1/N),FISV,0.007462686567164179
5,2022,Equal Weight (1/N),GD,0.007462686567164179
5,2022,Equal Weight (1/N),GE,0.007462686567164179
5,2022,Equal Weight (1/N),GILD,0.007462686567164179
5,2022,Equal Weight (1/N),GM,0.007462686567164179
5,2022,Equal Weight (1/N),GOOGL,0.007462686567164179
5,2022,Equal Weight (1/N),GPN,0.007462686567164179
5,2022,Equal Weight (1/N),GS,0.007462686567164179
5,2022,Equal Weight (1/N),HD,0.007462686567164179
5,2022,Equal Weight (1/N),HON,0.007462686567164179
5,2022,Equal Weight (1/N),HUM,0.007462686567164179
5,2022,Equal Weight (1/N),ICE,0.007462686567164179
5,2022,Equal Weight (1/N),IDXX,0.007462686567164179
5,2022,Equal Weight (1/N),INTC,0.007462686567164179
5,2022,Equal Weight (1/N),INTU,0.007462686567164179
5,2022,Equal Weight (1/N),ISRG,0.007462686567164179
5,2022,Equal Weight (1/N),ITW,0.007462686567164179
5,2022,Equal Weight (1/N),JNJ,0.007462686567164179
5,2022,Equal Weight (1/N),JPM,0.007462686567164179
5,2022,Equal Weight (1/N),KLAC,0.007462686567164179
5,2022,Equal Weight (1/N),KMB,0.007462686567164179
5,2022,Equal Weight (1/N),KMI,0.007462686567164179
5,2022,Equal Weight (1/N),KO,0.007462686567164179
5,2022,Equal Weight (1/N),LIN,0.007462686567164179
5,2022,Equal Weight (1/N),LMT,0.007462686567164179
5,2022,Equal Weight (1/N),LOW,0.007462686567164179
5,2022,Equal Weight (1/N),LRCX,0.007462686567164179
5,2022,Equal Weight (1/N),MA,0.007462686567164179
5,2022,Equal Weight (1/N),MAR,0.007462686567164179
5,2022,Equal Weight (1/N),MCD,0.007462686567164179
5,2022,Equal Weight (1/N),MCHP,0.007462686567164179
5,2022,Equal Weight (1/N),MCO,0.007462686567164179
5,2022,Equal Weight (1/N),MDLZ,0.007462686567164179
5,2022,Equal Weight (1/N),MDT,0.007462686567164179
5,2022,Equal Weight (1/N),MO,0.007462686567164179
5,2022,Equal Weight (1/N),MRK,0.007462686567164179
5,2022,Equal Weight (1/N),MSFT,0.007462686567164179
5,2022,Equal Weight (1/N),MU,0.007462686567164179
5,2022,Equal Weight (1/N),NEE,0.007462686567164179
5,2022,Equal Weight (1/N),NFLX,0.007462686567164179
5,2022,Equal Weight (1/N),NKE,0.007462686567164179
5,2022,Equal Weight (1/N),NOC,0.007462686567164179
5,2022,Equal Weight (1/N),NSC,0.007462686567164179
5,2022,Equal Weight (1/N),NVDA,0.007462686567164179
5,2022,Equal Weight (1/N),NXPI,0.007462686567164179
5,2022,Equal Weight (1/N),ORCL,0.007462686567164179
5,2022,Equal Weight (1/N),ORLY,0.007462686567164179
5,2022,Equal Weight (1/N),PEP,0.007462686567164179
5,2022,Equal Weight (1/N),PFE,0.007462686567164179
5,2022,Equal Weight (1/N),PG,0.007462686567164179
5,2022,Equal Weight (1/N),PH,0.007462686567164179
5,2022,Equal Weight (1/N),PLD,0.007462686567164179
5,2022,Equal Weight (1/N),PM,0.007462686567164179
5,2022,Equal Weight (1/N),PNC,0.007462686567164179
5,2022,Equal Weight (1/N),PSA,0.007462686567164179
5,2022,Equal Weight (1/N),QCOM,0.007462686567164179
5,2022,Equal Weight (1/N),REGN,0.007462686567164179
5,2022,Equal Weight (1/N),ROST,0.007462686567164179
5,2022,Equal Weight (1/N),RTX,0.007462686567164179
5,2022,Equal Weight (1/N),SHW,0.007462686567164179
5,2022,Equal Weight (1/N),SLB,0.007462686567164179
5,2022,Equal Weight (1/N),SNPS,0.007462686567164179
5,2022,Equal Weight (1/N),SO,0.007462686567164179
5,2022,Equal Weight (1/N),SPGI,0.007462686567164179
5,2022,Equal Weight (1/N),SRE,0.007462686567164179
5,2022,Equal Weight (1/N),SYK,0.007462686567164179
5,2022,Equal Weight (1/N),SYY,0.007462686567164179
5,2022,Equal Weight (1/N),T,0.007462686567164179
5,2022,Equal Weight (1/N),TEL,0.007462686567164179
5,2022,Equal Weight (1/N),TGT,0.007462686567164179
5,2022,Equal Weight (1/N),TJX,0.007462686567164179
5,2022,Equal Weight (1/N),TMO,0.007462686567164179
5,2022,Equal Weight (1/N),TSLA,0.007462686567164179
5,2022,Equal Weight (1/N),TXN,0.007462686567164179
5,2022,Equal Weight (1/N),UNH,0.007462686567164179
5,2022,Equal Weight (1/N),UNP,0.007462686567164179
5,2022,Equal Weight (1/N),UPS,0.007462686567164179
5,2022,Equal Weight (1/N),V,0.007462686567164179
5,2022,Equal Weight (1/N),VRTX,0.007462686567164179
5,2022,Equal Weight (1/N),VZ,0.007462686567164179
5,2022,Equal Weight (1/N),WFC,0.007462686567164179
5,2022,Equal Weight (1/N),WM,0.007462686567164179
5,2022,Equal Weight (1/N),WMT,0.007462686567164179
5,2022,Equal Weight (1/N),XOM,0.007462686567164179
6,2023,AOBL-SOS (Proposed),AAPL,0.0
6,2023,AOBL-SOS (Proposed),ABT,0.0
6,2023,AOBL-SOS (Proposed),ACN,0.0
6,2023,AOBL-SOS (Proposed),ADBE,0.014437409458686828
6,2023,AOBL-SOS (Proposed),ADI,0.0
6,2023,AOBL-SOS (Proposed),ADSK,0.0
6,2023,AOBL-SOS (Proposed),AEP,0.01744418249057176
6,2023,AOBL-SOS (Proposed),AIG,0.0
6,2023,AOBL-SOS (Proposed),AMAT,0.0
6,2023,AOBL-SOS (Proposed),AMD,0.012499226887883887
6,2023,AOBL-SOS (Proposed),AMZN,0.0014283605896401401
6,2023,AOBL-SOS (Proposed),AON,0.0
6,2023,AOBL-SOS (Proposed),APD,0.0
6,2023,AOBL-SOS (Proposed),AVGO,0.0
6,2023,AOBL-SOS (Proposed),AXP,0.0
6,2023,AOBL-SOS (Proposed),BA,0.0
6,2023,AOBL-SOS (Proposed),BAC,0.0
6,2023,AOBL-SOS (Proposed),BDX,0.0
6,2023,AOBL-SOS (Proposed),BIIB,0.0
6,2023,AOBL-SOS (Proposed),BKNG,0.0
6,2023,AOBL-SOS (Proposed),BLK,0.0
6,2023,AOBL-SOS (Proposed),BMY,0.0
6,2023,AOBL-SOS (Proposed),BSX,0.0
6,2023,AOBL-SOS (Proposed),C,0.0
6,2023,AOBL-SOS (Proposed),CB,0.0
6,2023,AOBL-SOS (Proposed),CDNS,0.1081618562281811
6,2023,AOBL-SOS (Proposed),CHTR,0.0
6,2023,AOBL-SOS (Proposed),CL,0.0009584440386125764
6,2023,AOBL-SOS (Proposed),CMCSA,0.0
6,2023,AOBL-SOS (Proposed),CME,0.0
6,2023,AOBL-SOS (Proposed),COP,0.0
6,2023,AOBL-SOS (Proposed),COST,0.0
6,2023,AOBL-SOS (Proposed),CRM,0.0
6,2023,AOBL-SOS (Proposed),CSCO,0.0
6,2023,AOBL-SOS (Proposed),CSX,0.0
6,2023,AOBL-SOS (Proposed),CTSH,0.0
6,2023,AOBL-SOS (Proposed),CVS,8.161853895752647e-05
6,2023,AOBL-SOS (Proposed),CVX,0.0
6,2023,AOBL-SOS (Proposed),D,0.0
6,2023,AOBL-SOS (Proposed),DE,0.0
6,2023,AOBL-SOS (Proposed),DHR,0.12865137341642455
6,2023,AOBL-SOS (Proposed),DIS,0.0
6,2023,AOBL-SOS (Proposed),DUK,0.0
6,2023,AOBL-SOS (Proposed),EL,0.0
6,2023,AOBL-SOS (Proposed),EMR,0.0
6,2023,AOBL-SOS (Proposed),EOG,0.0
6,2023,AOBL-SOS (Proposed),ETN,0.0
6,2023,AOBL-SOS (Proposed),EW,0.0
6,2023,AOBL-SOS (Proposed),EXC,0.0
6,2023,AOBL-SOS (Proposed),F,0.0
6,2023,AOBL-SOS (Proposed),FISV,0.0
6,2023,AOBL-SOS (Proposed),GD,0.0
6,2023,AOBL-SOS (Proposed),GE,0.0
6,2023,AOBL-SOS (Proposed),GILD,0.014153994419231106
6,2023,AOBL-SOS (Proposed),GM,0.0
6,2023,AOBL-SOS (Proposed),GOOGL,0.0
6,2023,AOBL-SOS (Proposed),GPN,0.0
6,2023,AOBL-SOS (Proposed),GS,0.0
6,2023,AOBL-SOS (Proposed),HD,0.027554386717529137
6,2023,AOBL-SOS (Proposed),HON,0.0
6,2023,AOBL-SOS (Proposed),HUM,0.004567161818455871
6,2023,AOBL-SOS (Proposed),ICE,0.0
6,2023,AOBL-SOS (Proposed),IDXX,9.324924777310598e-07
6,2023,AOBL-SOS (Proposed),INTC,0.0
6,2023,AOBL-SOS (Proposed),INTU,0.0
6,2023,AOBL-SOS (Proposed),ISRG,0.0
6,2023,AOBL-SOS (Proposed),ITW,0.0
6,2023,AOBL-SOS (Proposed),JNJ,0.001927388937278124
6,2023,AOBL-SOS (Proposed),JPM,0.0
6,2023,AOBL-SOS (Proposed),KLAC,0.0
6,2023,AOBL-SOS (Proposed),KMB,0.0
6,2023,AOBL-SOS (Proposed),KMI,0.0
6,2023,AOBL-SOS (Proposed),KO,0.0
6,2023,AOBL-SOS (Proposed),LIN,0.0
6,2023,AOBL-SOS (Proposed),LMT,0.06436648613916629
6,2023,AOBL-SOS (Proposed),LOW,0.0
6,2023,AOBL-SOS (Proposed),LRCX,0.0
6,2023,AOBL-SOS (Proposed),MA,0.0
6,2023,AOBL-SOS (Proposed),MAR,0.0
6,2023,AOBL-SOS (Proposed),MCD,0.0054361116787144045
6,2023,AOBL-SOS (Proposed),MCHP,0.0
6,2023,AOBL-SOS (Proposed),MCO,0.0
6,2023,AOBL-SOS (Proposed),MDLZ,0.020955020987564476
6,2023,AOBL-SOS (Proposed),MDT,0.0
6,2023,AOBL-SOS (Proposed),MO,0.0
6,2023,AOBL-SOS (Proposed),MRK,0.0
6,2023,AOBL-SOS (Proposed),MSFT,0.0
6,2023,AOBL-SOS (Proposed),MU,0.0
6,2023,AOBL-SOS (Proposed),NEE,0.04259730288833901
6,2023,AOBL-SOS (Proposed),NFLX,0.0847621501997045
6,2023,AOBL-SOS (Proposed),NKE,0.0
6,2023,AOBL-SOS (Proposed),NOC,0.0
6,2023,AOBL-SOS (Proposed),NSC,0.0
6,2023,AOBL-SOS (Proposed),NVDA,0.02779685430906668
6,2023,AOBL-SOS (Proposed),NXPI,0.007680981279172903
6,2023,AOBL-SOS (Proposed),ORCL,0.0
6,2023,AOBL-SOS (Proposed),ORLY,0.049591824044508036
6,2023,AOBL-SOS (Proposed),PEP,0.0
6,2023,AOBL-SOS (Proposed),PFE,0.0
6,2023,AOBL-SOS (Proposed),PG,0.0
6,2023,AOBL-SOS (Proposed),PH,0.0
6,2023,AOBL-SOS (Proposed),PLD,0.0
6,2023,AOBL-SOS (Proposed),PM,0.0
6,2023,AOBL-SOS (Proposed),PNC,0.0
6,2023,AOBL-SOS (Proposed),PSA,0.0
6,2023,AOBL-SOS (Proposed),QCOM,0.0
6,2023,AOBL-SOS (Proposed),REGN,0.10314643660734078
6,2023,AOBL-SOS (Proposed),ROST,0.0
6,2023,AOBL-SOS (Proposed),RTX,0.0
6,2023,AOBL-SOS (Proposed),SHW,0.0031168026726873838
6,2023,AOBL-SOS (Proposed),SLB,0.0
6,2023,AOBL-SOS (Proposed),SNPS,0.0
6,2023,AOBL-SOS (Proposed),SO,0.02871004563730493
6,2023,AOBL-SOS (Proposed),SPGI,0.0
6,2023,AOBL-SOS (Proposed),SRE,0.0
6,2023,AOBL-SOS (Proposed),SYK,0.0
6,2023,AOBL-SOS (Proposed),SYY,0.0
6,2023,AOBL-SOS (Proposed),T,0.0
6,2023,AOBL-SOS (Proposed),TEL,0.0
6,2023,AOBL-SOS (Proposed),TGT,0.0
6,2023,AOBL-SOS (Proposed),TJX,0.0
6,2023,AOBL-SOS (Proposed),TMO,0.028375620566393086
6,2023,AOBL-SOS (Proposed),TSLA,0.08378639526902301
6,2023,AOBL-SOS (Proposed),TXN,0.0
6,2023,AOBL-SOS (Proposed),UNH,0.0
6,2023,AOBL-SOS (Proposed),UNP,0.0
6,2023,AOBL-SOS (Proposed),UPS,0.0
6,2023,AOBL-SOS (Proposed),V,0.0
6,2023,AOBL-SOS (Proposed),VRTX,0.020766875228917424
6,2023,AOBL-SOS (Proposed),VZ,1.9902038715494604e-08
6,2023,AOBL-SOS (Proposed),WFC,0.0
6,2023,AOBL-SOS (Proposed),WM,0.06942051005907163
6,2023,AOBL-SOS (Proposed),WMT,0.027624226497056314
6,2023,AOBL-SOS (Proposed),XOM,0.0
6,2023,SOS (Baseline),AAPL,0.0
6,2023,SOS (Baseline),ABT,7.51791013817437e-05
6,2023,SOS (Baseline),ACN,0.0
6,2023,SOS (Baseline),ADBE,0.0
6,2023,SOS (Baseline),ADI,2.047978471731081e-05
6,2023,SOS (Baseline),ADSK,0.0
6,2023,SOS (Baseline),AEP,0.0721122840751525
6,2023,SOS (Baseline),AIG,0.0
6,2023,SOS (Baseline),AMAT,0.0
6,2023,SOS (Baseline),AMD,0.0
6,2023,SOS (Baseline),AMZN,0.0006530836050301509
6,2023,SOS (Baseline),AON,0.0
6,2023,SOS (Baseline),APD,0.0
6,2023,SOS (Baseline),AVGO,0.0
6,2023,SOS (Baseline),AXP,0.0
6,2023,SOS (Baseline),BA,0.0
6,2023,SOS (Baseline),BAC,0.0
6,2023,SOS (Baseline),BDX,0.0
6,2023,SOS (Baseline),BIIB,0.0
6,2023,SOS (Baseline),BKNG,0.0
6,2023,SOS (Baseline),BLK,0.0
6,2023,SOS (Baseline),BMY,0.0
6,2023,SOS (Baseline),BSX,0.0
6,2023,SOS (Baseline),C,0.0
6,2023,SOS (Baseline),CB,0.0
6,2023,SOS (Baseline),CDNS,0.060410871816281
6,2023,SOS (Baseline),CHTR,0.0
6,2023,SOS (Baseline),CL,0.0
6,2023,SOS (Baseline),CMCSA,0.0
6,2023,SOS (Baseline),CME,0.0
6,2023,SOS (Baseline),COP,0.0
6,2023,SOS (Baseline),COST,0.0
6,2023,SOS (Baseline),CRM,0.0
6,2023,SOS (Baseline),CSCO,0.0
6,2023,SOS (Baseline),CSX,0.0
6,2023,SOS (Baseline),CTSH,0.0
6,2023,SOS (Baseline),CVS,0.0
6,2023,SOS (Baseline),CVX,0.0
6,2023,SOS (Baseline),D,0.0
6,2023,SOS (Baseline),DE,0.0007046155386746923
6,2023,SOS (Baseline),DHR,0.0
6,2023,SOS (Baseline),DIS,0.0
6,2023,SOS (Baseline),DUK,0.00043763926433926324
6,2023,SOS (Baseline),EL,0.0
6,2023,SOS (Baseline),EMR,0.0
6,2023,SOS (Baseline),EOG,0.0
6,2023,SOS (Baseline),ETN,0.0
6,2023,SOS (Baseline),EW,0.0
6,2023,SOS (Baseline),EXC,0.0
6,2023,SOS (Baseline),F,0.0
6,2023,SOS (Baseline),FISV,0.0
6,2023,SOS (Baseline),GD,0.0
6,2023,SOS (Baseline),GE,0.0
6,2023,SOS (Baseline),GILD,0.05881453527001999
6,2023,SOS (Baseline),GM,0.0
6,2023,SOS (Baseline),GOOGL,0.0
6,2023,SOS (Baseline),GPN,0.0
6,2023,SOS (Baseline),GS,0.0
6,2023,SOS (Baseline),HD,0.00285611050816681
6,2023,SOS (Baseline),HON,5.342741504163675e-07
6,2023,SOS (Baseline),HUM,0.0
6,2023,SOS (Baseline),ICE,0.0
6,2023,SOS (Baseline),IDXX,0.0
6,2023,SOS (Baseline),INTC,0.0
6,2023,SOS (Baseline),INTU,0.0
6,2023,SOS (Baseline),ISRG,0.0
6,2023,SOS (Baseline),ITW,2.774403527677156e-06
6,2023,SOS (Baseline),JNJ,0.07494448692462032
6,2023,SOS (Baseline),JPM,0.0
6,2023,SOS (Baseline),KLAC,0.0
6,2023,SOS (Baseline),KMB,0.0
6,2023,SOS (Baseline),KMI,0.0
6,2023,SOS (Baseline),KO,0.0
6,2023,SOS (Baseline),LIN,0.0
6,2023,SOS (Baseline),LMT,0.0
6,2023,SOS (Baseline),LOW,0.0
6,2023,SOS (Baseline),LRCX,0.0
6,2023,SOS (Baseline),MA,0.0
6,2023,SOS (Baseline),MAR,5.344788277589354e-05
6,2023,SOS (Baseline),MCD,0.0
6,2023,SOS (Baseline),MCHP,0.0
6,2023,SOS (Baseline),MCO,0.0
6,2023,SOS (Baseline),MDLZ,6.435860627165523e-07
6,2023,SOS (Baseline),MDT,0.0019097786257650609
6,2023,SOS (Baseline),MO,0.0
6,2023,SOS (Baseline),MRK,0.0
6,2023,SOS (Baseline),MSFT,0.0
6,2023,SOS (Baseline),MU,0.0
6,2023,SOS (Baseline),NEE,0.0
6,2023,SOS (Baseline),NFLX,0.08410986385178623
6,2023,SOS (Baseline),NKE,0.0
6,2023,SOS (Baseline),NOC,0.0
6,2023,SOS (Baseline),NSC,0.0
6,2023,SOS (Baseline),NVDA,0.07365748235376951
6,2023,SOS (Baseline),NXPI,0.0
6,2023,SOS (Baseline),ORCL,0.0
6,2023,SOS (Baseline),ORLY,0.0814015029604742
6,2023,SOS (Baseline),PEP,0.0010925730595144677
6,2023,SOS (Baseline),PFE,0.0
6,2023,SOS (Baseline),PG,0.0
6,2023,SOS (Baseline),PH,0.0
6,2023,SOS (Baseline),PLD,0.0
6,2023,SOS (Baseline),PM,0.0
6,2023,SOS (Baseline),PNC,0.0
6,2023,SOS (Baseline),PSA,0.0
6,2023,SOS (Baseline),QCOM,0.0
6,2023,SOS (Baseline),REGN,0.14287501484870974
6,2023,SOS (Baseline),ROST,1.3166965254971802e-05
6,2023,SOS (Baseline),RTX,0.0
6,2023,SOS (Baseline),SHW,0.0
6,2023,SOS (Baseline),SLB,0.0
6,2023,SOS (Baseline),SNPS,0.0
6,2023,SOS (Baseline),SO,1.7238753121417667e-05
6,2023,SOS (Baseline),SPGI,0.0
6,2023,SOS (Baseline),SRE,0.0
6,2023,SOS (Baseline),SYK,0.0
6,2023,SOS (Baseline),SYY,0.0
6,2023,SOS (Baseline),T,0.0
6,2023,SOS (Baseline),TEL,0.0
6,2023,SOS (Baseline),TGT,0.0
6,2023,SOS (Baseline),TJX,0.0
6,2023,SOS (Baseline),TMO,0.0003557129011320005
6,2023,SOS (Baseline),TSLA,0.0746165766287459
6,2023,SOS (Baseline),TXN,0.0
6,2023,SOS (Baseline),UNH,0.09662982914518424
6,2023,SOS (Baseline),UNP,0.0
6,2023,SOS (Baseline),UPS,0.0
6,2023,SOS (Baseline),V,0.0
6,2023,SOS (Baseline),VRTX,0.0
6,2023,SOS (Baseline),VZ,0.00013471655567828748
6,2023,SOS (Baseline),WFC,0.0
6,2023,SOS (Baseline),WM,0.17209985731596344
6,2023,SOS (Baseline),WMT,0.0
6,2023,SOS (Baseline),XOM,0.0
6,2023,GA,AAPL,0.008747417694398981
6,2023,GA,ABT,0.0
6,2023,GA,ACN,0.0
6,2023,GA,ADBE,0.007192216023083965
6,2023,GA,ADI,0.0
6,2023,GA,ADSK,0.0
6,2023,GA,AEP,0.012476602551931261
6,2023,GA,AIG,0.0
6,2023,GA,AMAT,0.0
6,2023,GA,AMD,0.0
6,2023,GA,AMZN,0.08192734701758322
6,2023,GA,AON,0.0
6,2023,GA,APD,0.0
6,2023,GA,AVGO,0.0
6,2023,GA,AXP,0.0
6,2023,GA,BA,0.0
6,2023,GA,BAC,0.0
6,2023,GA,BDX,0.0
6,2023,GA,BIIB,0.0
6,2023,GA,BKNG,0.0
6,2023,GA,BLK,0.0
6,2023,GA,BMY,0.022748337966507416
6,2023,GA,BSX,0.0
6,2023,GA,C,0.0
6,2023,GA,CB,0.0
6,2023,GA,CDNS,0.036276479404912056
6,2023,GA,CHTR,0.0792766702559216
6,2023,GA,CL,0.0
6,2023,GA,CMCSA,0.0
6,2023,GA,CME,0.0
6,2023,GA,COP,0.0
6,2023,GA,COST,0.0
6,2023,GA,CRM,0.0
6,2023,GA,CSCO,0.0
6,2023,GA,CSX,0.0
6,2023,GA,CTSH,0.0
6,2023,GA,CVS,0.0
6,2023,GA,CVX,0.0
6,2023,GA,D,0.0
6,2023,GA,DE,0.0
6,2023,GA,DHR,0.0
6,2023,GA,DIS,0.0
6,2023,GA,DUK,0.0
6,2023,GA,EL,0.0
6,2023,GA,EMR,0.0
6,2023,GA,EOG,0.0
6,2023,GA,ETN,0.0
6,2023,GA,EW,0.0
6,2023,GA,EXC,0.0
6,2023,GA,F,0.0
6,2023,GA,FISV,0.0
6,2023,GA,GD,0.0
6,2023,GA,GE,0.0
6,2023,GA,GILD,0.01911289311725606
6,2023,GA,GM,0.0
6,2023,GA,GOOGL,0.0
6,2023,GA,GPN,0.0
6,2023,GA,GS,0.0
6,2023,GA,HD,0.0
6,2023,GA,HON,0.0
6,2023,GA,HUM,0.03818522101004377
6,2023,GA,ICE,0.0
6,2023,GA,IDXX,0.016874609571139648
6,2023,GA,INTC,0.0
6,2023,GA,INTU,0.0
6,2023,GA,ISRG,0.0
6,2023,GA,ITW,0.04029504307606817
6,2023,GA,JNJ,0.056029947223176425
6,2023,GA,JPM,0.0
6,2023,GA,KLAC,0.0
6,2023,GA,KMB,0.0
6,2023,GA,KMI,0.0
6,2023,GA,KO,0.0
6,2023,GA,LIN,0.0
6,2023,GA,LMT,0.0
6,2023,GA,LOW,0.0
6,2023,GA,LRCX,0.0
6,2023,GA,MA,0.0
6,2023,GA,MAR,0.0
6,2023,GA,MCD,0.0
6,2023,GA,MCHP,0.0
6,2023,GA,MCO,0.0
6,2023,GA,MDLZ,0.0
6,2023,GA,MDT,0.0
6,2023,GA,MO,0.0
6,2023,GA,MRK,0.0
6,2023,GA,MSFT,0.0
6,2023,GA,MU,0.0
6,2023,GA,NEE,0.0
6,2023,GA,NFLX,0.04506285939953203
6,2023,GA,NKE,0.0
6,2023,GA,NOC,0.04737631664166383
6,2023,GA,NSC,0.0
6,2023,GA,NVDA,0.022989461120634474
6,2023,GA,NXPI,0.021190541703111524
6,2023,GA,ORCL,0.025277434884687734
6,2023,GA,ORLY,0.005243247579358037
6,2023,GA,PEP,0.0
6,2023,GA,PFE,0.04153473768094471
6,2023,GA,PG,0.0
6,2023,GA,PH,0.0
6,2023,GA,PLD,0.057041442053378105
6,2023,GA,PM,0.0
6,2023,GA,PNC,0.0
6,2023,GA,PSA,0.00024210563809312288
6,2023,GA,QCOM,0.0
6,2023,GA,REGN,0.0
6,2023,GA,ROST,0.0
6,2023,GA,RTX,0.0
6,2023,GA,SHW,0.0
6,2023,GA,SLB,0.0
6,2023,GA,SNPS,0.0
6,2023,GA,SO,0.004167873369638786
6,2023,GA,SPGI,0.0
6,2023,GA,SRE,0.0
6,2023,GA,SYK,0.0
6,2023,GA,SYY,0.0
6,2023,GA,T,0.0
6,2023,GA,TEL,0.0
6,2023,GA,TGT,0.017078230011301734
6,2023,GA,TJX,0.0
6,2023,GA,TMO,0.005391157392127315
6,2023,GA,TSLA,0.05649451086249206
6,2023,GA,TXN,0.0
6,2023,GA,UNH,0.0
6,2023,GA,UNP,0.031019425819272976
6,2023,GA,UPS,0.0
6,2023,GA,V,0.04474009926540517
6,2023,GA,VRTX,0.04612247707757609
6,2023,GA,VZ,0.0
6,2023,GA,WFC,0.0
6,2023,GA,WM,0.07564112162979438
6,2023,GA,WMT,0.0342441729589655
6,2023,GA,XOM,0.0
6,2023,PSO,AAPL,0.0
6,2023,PSO,ABT,0.0
6,2023,PSO,ACN,0.0
6,2023,PSO,ADBE,7.72176911904043e-06
6,2023,PSO,ADI,0.0
6,2023,PSO,ADSK,0.0
6,2023,PSO,AEP,0.0
6,2023,PSO,AIG,0.0
6,2023,PSO,AMAT,0.0
6,2023,PSO,AMD,0.0
6,2023,PSO,AMZN,0.0
6,2023,PSO,AON,0.0
6,2023,PSO,APD,0.0
6,2023,PSO,AVGO,0.0
6,2023,PSO,AXP,0.0
6,2023,PSO,BA,0.0
6,2023,PSO,BAC,0.0
6,2023,PSO,BDX,0.0
6,2023,PSO,BIIB,0.0
6,2023,PSO,BKNG,0.0
6,2023,PSO,BLK,0.0
6,2023,PSO,BMY,0.0
6,2023,PSO,BSX,0.0
6,2023,PSO,C,0.0
6,2023,PSO,CB,0.0
6,2023,PSO,CDNS,0.0
6,2023,PSO,CHTR,0.0
6,2023,PSO,CL,0.0
6,2023,PSO,CMCSA,0.0
6,2023,PSO,CME,0.0
6,2023,PSO,COP,0.0
6,2023,PSO,COST,0.14220034938207926
6,2023,PSO,CRM,0.0
6,2023,PSO,CSCO,0.0
6,2023,PSO,CSX,0.0
6,2023,PSO,CTSH,0.0
6,2023,PSO,CVS,0.0
6,2023,PSO,CVX,0.0
6,2023,PSO,D,0.0
6,2023,PSO,DE,0.0
6,2023,PSO,DHR,0.0
6,2023,PSO,DIS,0.0
6,2023,PSO,DUK,0.0
6,2023,PSO,EL,0.0
6,2023,PSO,EMR,0.0
6,2023,PSO,EOG,0.0
6,2023,PSO,ETN,0.0
6,2023,PSO,EW,0.0
6,2023,PSO,EXC,0.0
6,2023,PSO,F,0.0
6,2023,PSO,FISV,0.0
6,2023,PSO,GD,0.0
6,2023,PSO,GE,0.0
6,2023,PSO,GILD,0.0
6,2023,PSO,GM,0.0
6,2023,PSO,GOOGL,0.0
6,2023,PSO,GPN,0.0
6,2023,PSO,GS,0.0
6,2023,PSO,HD,0.0
6,2023,PSO,HON,0.0
6,2023,PSO,HUM,0.0
6,2023,PSO,ICE,0.0
6,2023,PSO,IDXX,0.0
6,2023,PSO,INTC,0.0
6,2023,PSO,INTU,0.0
6,2023,PSO,ISRG,0.0
6,2023,PSO,ITW,0.0
6,2023,PSO,JNJ,0.0
6,2023,PSO,JPM,0.0
6,2023,PSO,KLAC,0.0
6,2023,PSO,KMB,0.0
6,2023,PSO,KMI,0.0
6,2023,PSO,KO,0.0
6,2023,PSO,LIN,0.0
6,2023,PSO,LMT,0.17395903188068407
6,2023,PSO,LOW,0.0
6,2023,PSO,LRCX,0.0
6,2023,PSO,MA,0.0
6,2023,PSO,MAR,0.0
6,2023,PSO,MCD,0.0
6,2023,PSO,MCHP,0.0
6,2023,PSO,MCO,0.0
6,2023,PSO,MDLZ,0.0
6,2023,PSO,MDT,0.0
6,2023,PSO,MO,0.0
6,2023,PSO,MRK,0.0
6,2023,PSO,MSFT,0.0
6,2023,PSO,MU,0.0
6,2023,PSO,NEE,0.13624881519230542
6,2023,PSO,NFLX,0.09471124591949977
6,2023,PSO,NKE,0.0
6,2023,PSO,NOC,0.0
6,2023,PSO,NSC,0.0
6,2023,PSO,NVDA,0.0
6,2023,PSO,NXPI,0.0
6,2023,PSO,ORCL,0.0
6,2023,PSO,ORLY,0.10648468589908244
6,2023,PSO,PEP,0.0
6,2023,PSO,PFE,0.0
6,2023,PSO,PG,0.0
6,2023,PSO,PH,0.0
6,2023,PSO,PLD,0.0
6,2023,PSO,PM,0.0
6,2023,PSO,PNC,0.0
6,2023,PSO,PSA,0.0
6,2023,PSO,QCOM,0.0
6,2023,PSO,REGN,0.13499300304751524
6,2023,PSO,ROST,0.0
6,2023,PSO,RTX,0.0
6,2023,PSO,SHW,0.0
6,2023,PSO,SLB,0.0
6,2023,PSO,SNPS,0.0
6,2023,PSO,SO,0.0
6,2023,PSO,SPGI,0.0
6,2023,PSO,SRE,0.0
6,2023,PSO,SYK,0.0
6,2023,PSO,SYY,0.0
6,2023,PSO,T,0.0
6,2023,PSO,TEL,0.0
6,2023,PSO,TGT,0.0
6,2023,PSO,TJX,0.0
6,2023,PSO,TMO,0.13159564630864795
6,2023,PSO,TSLA,0.07979950060106694
6,2023,PSO,TXN,0.0
6,2023,PSO,UNH,0.0
6,2023,PSO,UNP,0.0
6,2023,PSO,UPS,0.0
6,2023,PSO,V,0.0
6,2023,PSO,VRTX,0.0
6,2023,PSO,VZ,0.0
6,2023,PSO,WFC,0.0
6,2023,PSO,WM,0.0
6,2023,PSO,WMT,0.0
6,2023,PSO,XOM,0.0
6,2023,DE,AAPL,0.0
6,2023,DE,ABT,0.0
6,2023,DE,ACN,0.0
6,2023,DE,ADBE,0.0
6,2023,DE,ADI,0.006203616178822021
6,2023,DE,ADSK,0.0
6,2023,DE,AEP,0.0
6,2023,DE,AIG,0.0
6,2023,DE,AMAT,0.0
6,2023,DE,AMD,0.012604047245035757
6,2023,DE,AMZN,0.0
6,2023,DE,AON,0.0
6,2023,DE,APD,0.0
6,2023,DE,AVGO,0.02036715898233671
6,2023,DE,AXP,0.0
6,2023,DE,BA,0.0
6,2023,DE,BAC,0.0
6,2023,DE,BDX,0.007490894160958278
6,2023,DE,BIIB,0.0
6,2023,DE,BKNG,0.0
6,2023,DE,BLK,0.0
6,2023,DE,BMY,0.004077764375277274
6,2023,DE,BSX,0.0
6,2023,DE,C,0.0
6,2023,DE,CB,0.0
6,2023,DE,CDNS,0.014614374710941085
6,2023,DE,CHTR,0.0
6,2023,DE,CL,0.0
6,2023,DE,CMCSA,0.0
6,2023,DE,CME,0.0
6,2023,DE,COP,0.0
6,2023,DE,COST,0.12032792694202259
6,2023,DE,CRM,0.0026524673602361637
6,2023,DE,CSCO,0.0
6,2023,DE,CSX,0.0
6,2023,DE,CTSH,0.0
6,2023,DE,CVS,0.0
6,2023,DE,CVX,0.0
6,2023,DE,D,0.0
6,2023,DE,DE,0.0
6,2023,DE,DHR,0.03237069710899863
6,2023,DE,DIS,0.0
6,2023,DE,DUK,0.0
6,2023,DE,EL,0.0
6,2023,DE,EMR,0.0
6,2023,DE,EOG,0.0
6,2023,DE,ETN,0.0
6,2023,DE,EW,0.0
6,2023,DE,EXC,0.0
6,2023,DE,F,0.0
6,2023,DE,FISV,0.003881473525034045
6,2023,DE,GD,0.0
6,2023,DE,GE,0.0
6,2023,DE,GILD,0.0
6,2023,DE,GM,0.0
6,2023,DE,GOOGL,0.0
6,2023,DE,GPN,0.0
6,2023,DE,GS,0.0
6,2023,DE,HD,0.0
6,2023,DE,HON,0.0
6,2023,DE,HUM,0.0
6,2023,DE,ICE,0.0
6,2023,DE,IDXX,0.0
6,2023,DE,INTC,0.0
6,2023,DE,INTU,0.0
6,2023,DE,ISRG,0.0
6,2023,DE,ITW,0.0
6,2023,DE,JNJ,0.0
6,2023,DE,JPM,0.0
6,2023,DE,KLAC,0.0
6,2023,DE,KMB,0.0
6,2023,DE,KMI,0.0
6,2023,DE,KO,0.0
6,2023,DE,LIN,0.0
6,2023,DE,LMT,0.0
6,2023,DE,LOW,0.0
6,2023,DE,LRCX,0.0
6,2023,DE,MA,0.0
6,2023,DE,MAR,0.0
6,2023,DE,MCD,0.0
6,2023,DE,MCHP,0.0
6,2023,DE,MCO,0.006106298095494831
6,2023,DE,MDLZ,0.0
6,2023,DE,MDT,0.0
6,2023,DE,MO,0.0
6,2023,DE,MRK,0.0
6,2023,DE,MSFT,0.0
6,2023,DE,MU,0.0
6,2023,DE,NEE,0.059355976786768495
6,2023,DE,NFLX,0.08789843612856803
6,2023,DE,NKE,0.0
6,2023,DE,NOC,0.17257734510760486
6,2023,DE,NSC,0.0
6,2023,DE,NVDA,0.0
6,2023,DE,NXPI,0.0
6,2023,DE,ORCL,0.0
6,2023,DE,ORLY,0.06911310608779758
6,2023,DE,PEP,0.0
6,2023,DE,PFE,0.003640390369830079
6,2023,DE,PG,0.0050683682308145395
6,2023,DE,PH,0.0
6,2023,DE,PLD,0.00937548499235418
6,2023,DE,PM,0.0
6,2023,DE,PNC,0.0
6,2023,DE,PSA,0.00813885787508572
6,2023,DE,QCOM,0.0
6,2023,DE,REGN,0.10936299277527706
6,2023,DE,ROST,0.0
6,2023,DE,RTX,0.0
6,2023,DE,SHW,0.0
6,2023,DE,SLB,0.0
6,2023,DE,SNPS,0.002730070078110716
6,2023,DE,SO,0.0
6,2023,DE,SPGI,0.0
6,2023,DE,SRE,0.0
6,2023,DE,SYK,0.0038274574230856293
6,2023,DE,SYY,0.0
6,2023,DE,T,0.0031831144481809727
6,2023,DE,TEL,0.0
6,2023,DE,TGT,0.008069027075121282
6,2023,DE,TJX,0.00827586204771533
6,2023,DE,TMO,0.05565937873880199
6,2023,DE,TSLA,0.06699043832185494
6,2023,DE,TXN,0.0
6,2023,DE,UNH,0.06691265841267983
6,2023,DE,UNP,0.0
6,2023,DE,UPS,0.0
6,2023,DE,V,0.0
6,2023,DE,VRTX,0.014317490240912062
6,2023,DE,VZ,0.0
6,2023,DE,WFC,0.0
6,2023,DE,WM,0.0
6,2023,DE,WMT,0.014806826174279359
6,2023,DE,XOM,0.0
6,2023,Ledoit-Wolf,AAPL,1.1328974431929987e-15
6,2023,Ledoit-Wolf,ABT,0.0
6,2023,Ledoit-Wolf,ACN,0.0
6,2023,Ledoit-Wolf,ADBE,3.570043246940494e-15
6,2023,Ledoit-Wolf,ADI,0.0
6,2023,Ledoit-Wolf,ADSK,0.0
6,2023,Ledoit-Wolf,AEP,0.0
6,2023,Ledoit-Wolf,AIG,0.0
6,2023,Ledoit-Wolf,AMAT,0.0
6,2023,Ledoit-Wolf,AMD,0.0
6,2023,Ledoit-Wolf,AMZN,0.0
6,2023,Ledoit-Wolf,AON,0.0
6,2023,Ledoit-Wolf,APD,0.0
6,2023,Ledoit-Wolf,AVGO,0.05205142053616147
6,2023,Ledoit-Wolf,AXP,0.0
6,2023,Ledoit-Wolf,BA,0.0
6,2023,Ledoit-Wolf,BAC,0.0
6,2023,Ledoit-Wolf,BDX,0.0
6,2023,Ledoit-Wolf,BIIB,0.0
6,2023,Ledoit-Wolf,BKNG,0.0
6,2023,Ledoit-Wolf,BLK,0.0
6,2023,Ledoit-Wolf,BMY,0.0
6,2023,Ledoit-Wolf,BSX,0.0
6,2023,Ledoit-Wolf,C,0.0
6,2023,Ledoit-Wolf,CB,0.0
6,2023,Ledoit-Wolf,CDNS,0.0
6,2023,Ledoit-Wolf,CHTR,0.0
6,2023,Ledoit-Wolf,CL,0.0
6,2023,Ledoit-Wolf,CMCSA,0.0
6,2023,Ledoit-Wolf,CME,0.0
6,2023,Ledoit-Wolf,COP,0.0
6,2023,Ledoit-Wolf,COST,0.024953175841226458
6,2023,Ledoit-Wolf,CRM,0.0
6,2023,Ledoit-Wolf,CSCO,0.0
6,2023,Ledoit-Wolf,CSX,0.0
6,2023,Ledoit-Wolf,CTSH,0.0
6,2023,Ledoit-Wolf,CVS,0.0
6,2023,Ledoit-Wolf,CVX,0.0
6,2023,Ledoit-Wolf,D,0.0
6,2023,Ledoit-Wolf,DE,0.0
6,2023,Ledoit-Wolf,DHR,0.05175155389120546
6,2023,Ledoit-Wolf,DIS,0.0
6,2023,Ledoit-Wolf,DUK,0.0
6,2023,Ledoit-Wolf,EL,0.0
6,2023,Ledoit-Wolf,EMR,0.0
6,2023,Ledoit-Wolf,EOG,0.0
6,2023,Ledoit-Wolf,ETN,0.0
6,2023,Ledoit-Wolf,EW,0.0
6,2023,Ledoit-Wolf,EXC,0.0
6,2023,Ledoit-Wolf,F,0.0
6,2023,Ledoit-Wolf,FISV,5.2376925671548e-15
6,2023,Ledoit-Wolf,GD,0.0
6,2023,Ledoit-Wolf,GE,0.0
6,2023,Ledoit-Wolf,GILD,0.0
6,2023,Ledoit-Wolf,GM,0.0
6,2023,Ledoit-Wolf,GOOGL,0.0
6,2023,Ledoit-Wolf,GPN,0.0
6,2023,Ledoit-Wolf,GS,0.0
6,2023,Ledoit-Wolf,HD,0.0
6,2023,Ledoit-Wolf,HON,0.0
6,2023,Ledoit-Wolf,HUM,0.0
6,2023,Ledoit-Wolf,ICE,0.0
6,2023,Ledoit-Wolf,IDXX,0.0
6,2023,Ledoit-Wolf,INTC,0.0
6,2023,Ledoit-Wolf,INTU,0.0
6,2023,Ledoit-Wolf,ISRG,0.0
6,2023,Ledoit-Wolf,ITW,0.0
6,2023,Ledoit-Wolf,JNJ,0.0
6,2023,Ledoit-Wolf,JPM,0.0
6,2023,Ledoit-Wolf,KLAC,5.886066294565364e-15
6,2023,Ledoit-Wolf,KMB,0.0
6,2023,Ledoit-Wolf,KMI,0.0
6,2023,Ledoit-Wolf,KO,0.0
6,2023,Ledoit-Wolf,LIN,0.0
6,2023,Ledoit-Wolf,LMT,0.03387225723735837
6,2023,Ledoit-Wolf,LOW,0.0
6,2023,Ledoit-Wolf,LRCX,0.0
6,2023,Ledoit-Wolf,MA,2.7812254002001183e-15
6,2023,Ledoit-Wolf,MAR,0.0
6,2023,Ledoit-Wolf,MCD,0.0
6,2023,Ledoit-Wolf,MCHP,0.0
6,2023,Ledoit-Wolf,MCO,1.0520568633918047e-14
6,2023,Ledoit-Wolf,MDLZ,0.0
6,2023,Ledoit-Wolf,MDT,0.0
6,2023,Ledoit-Wolf,MO,0.0
6,2023,Ledoit-Wolf,MRK,0.0
6,2023,Ledoit-Wolf,MSFT,3.601865869865659e-16
6,2023,Ledoit-Wolf,MU,0.0
6,2023,Ledoit-Wolf,NEE,0.11637354628073196
6,2023,Ledoit-Wolf,NFLX,0.07448313693525536
6,2023,Ledoit-Wolf,NKE,0.0
6,2023,Ledoit-Wolf,NOC,0.19999999999999468
6,2023,Ledoit-Wolf,NSC,0.0
6,2023,Ledoit-Wolf,NVDA,0.04937238403753376
6,2023,Ledoit-Wolf,NXPI,0.0
6,2023,Ledoit-Wolf,ORCL,0.0
6,2023,Ledoit-Wolf,ORLY,0.097618993138839
6,2023,Ledoit-Wolf,PEP,0.0
6,2023,Ledoit-Wolf,PFE,0.0
6,2023,Ledoit-Wolf,PG,0.0
6,2023,Ledoit-Wolf,PH,0.0
6,2023,Ledoit-Wolf,PLD,0.0
6,2023,Ledoit-Wolf,PM,0.0
6,2023,Ledoit-Wolf,PNC,0.0
6,2023,Ledoit-Wolf,PSA,0.0
6,2023,Ledoit-Wolf,QCOM,0.0
6,2023,Ledoit-Wolf,REGN,0.0
6,2023,Ledoit-Wolf,ROST,0.0
6,2023,Ledoit-Wolf,RTX,0.0
6,2023,Ledoit-Wolf,SHW,0.0
6,2023,Ledoit-Wolf,SLB,0.0
6,2023,Ledoit-Wolf,SNPS,0.0
6,2023,Ledoit-Wolf,SO,0.0
6,2023,Ledoit-Wolf,SPGI,1.6256457316952385e-15
6,2023,Ledoit-Wolf,SRE,0.0
6,2023,Ledoit-Wolf,SYK,0.0
6,2023,Ledoit-Wolf,SYY,0.0
6,2023,Ledoit-Wolf,T,0.0
6,2023,Ledoit-Wolf,TEL,0.0
6,2023,Ledoit-Wolf,TGT,0.0
6,2023,Ledoit-Wolf,TJX,0.0
6,2023,Ledoit-Wolf,TMO,0.07059180985076015
6,2023,Ledoit-Wolf,TSLA,0.09378527329679057
6,2023,Ledoit-Wolf,TXN,0.0
6,2023,Ledoit-Wolf,UNH,0.09198208777539703
6,2023,Ledoit-Wolf,UNP,0.0
6,2023,Ledoit-Wolf,UPS,0.0
6,2023,Ledoit-Wolf,V,3.7746639287918956e-15
6,2023,Ledoit-Wolf,VRTX,0.0
6,2023,Ledoit-Wolf,VZ,0.0
6,2023,Ledoit-Wolf,WFC,0.0
6,2023,Ledoit-Wolf,WM,0.043164361178710864
6,2023,Ledoit-Wolf,WMT,0.0
6,2023,Ledoit-Wolf,XOM,0.0
6,2023,Max Sharpe,AAPL,9.748370987321673e-17
6,2023,Max Sharpe,ABT,0.0
6,2023,Max Sharpe,ACN,0.0
6,2023,Max Sharpe,ADBE,0.0
6,2023,Max Sharpe,ADI,0.0
6,2023,Max Sharpe,ADSK,0.0
6,2023,Max Sharpe,AEP,0.0
6,2023,Max Sharpe,AIG,0.0
6,2023,Max Sharpe,AMAT,0.0
6,2023,Max Sharpe,AMD,0.0
6,2023,Max Sharpe,AMZN,0.0
6,2023,Max Sharpe,AON,1.1642680312620985e-16
6,2023,Max Sharpe,APD,0.0
6,2023,Max Sharpe,AVGO,0.051520268792621914
6,2023,Max Sharpe,AXP,0.0
6,2023,Max Sharpe,BA,0.0
6,2023,Max Sharpe,BAC,0.0
6,2023,Max Sharpe,BDX,0.0
6,2023,Max Sharpe,BIIB,0.0
6,2023,Max Sharpe,BKNG,0.0
6,2023,Max Sharpe,BLK,0.0
6,2023,Max Sharpe,BMY,0.0
6,2023,Max Sharpe,BSX,5.202674500944424e-16
6,2023,Max Sharpe,C,0.0
6,2023,Max Sharpe,CB,0.0
6,2023,Max Sharpe,CDNS,2.7646177026615055e-17
6,2023,Max Sharpe,CHTR,0.0
6,2023,Max Sharpe,CL,0.0
6,2023,Max Sharpe,CMCSA,0.0
6,2023,Max Sharpe,CME,0.0
6,2023,Max Sharpe,COP,0.0
6,2023,Max Sharpe,COST,0.024114434012713973
6,2023,Max Sharpe,CRM,0.0
6,2023,Max Sharpe,CSCO,0.0
6,2023,Max Sharpe,CSX,0.0
6,2023,Max Sharpe,CTSH,0.0
6,2023,Max Sharpe,CVS,0.0
6,2023,Max Sharpe,CVX,0.0
6,2023,Max Sharpe,D,0.0
6,2023,Max Sharpe,DE,0.0
6,2023,Max Sharpe,DHR,0.05140278986720246
6,2023,Max Sharpe,DIS,0.0
6,2023,Max Sharpe,DUK,0.0
6,2023,Max Sharpe,EL,0.0
6,2023,Max Sharpe,EMR,0.0
6,2023,Max Sharpe,EOG,0.0
6,2023,Max Sharpe,ETN,0.0
6,2023,Max Sharpe,EW,0.0
6,2023,Max Sharpe,EXC,0.0
6,2023,Max Sharpe,F,0.0
6,2023,Max Sharpe,FISV,0.0
6,2023,Max Sharpe,GD,0.0
6,2023,Max Sharpe,GE,0.0
6,2023,Max Sharpe,GILD,0.0
6,2023,Max Sharpe,GM,0.0
6,2023,Max Sharpe,GOOGL,0.0
6,2023,Max Sharpe,GPN,0.0
6,2023,Max Sharpe,GS,0.0
6,2023,Max Sharpe,HD,1.364340888193255e-16
6,2023,Max Sharpe,HON,0.0
6,2023,Max Sharpe,HUM,0.0
6,2023,Max Sharpe,ICE,0.0
6,2023,Max Sharpe,IDXX,0.0
6,2023,Max Sharpe,INTC,0.0
6,2023,Max Sharpe,INTU,0.0
6,2023,Max Sharpe,ISRG,0.0
6,2023,Max Sharpe,ITW,0.0
6,2023,Max Sharpe,JNJ,0.0
6,2023,Max Sharpe,JPM,0.0
6,2023,Max Sharpe,KLAC,6.117414912654888e-17
6,2023,Max Sharpe,KMB,0.0
6,2023,Max Sharpe,KMI,0.0
6,2023,Max Sharpe,KO,0.0
6,2023,Max Sharpe,LIN,0.0
6,2023,Max Sharpe,LMT,0.03288321095643514
6,2023,Max Sharpe,LOW,0.0
6,2023,Max Sharpe,LRCX,0.0
6,2023,Max Sharpe,MA,0.0
6,2023,Max Sharpe,MAR,0.0
6,2023,Max Sharpe,MCD,0.0
6,2023,Max Sharpe,MCHP,0.0
6,2023,Max Sharpe,MCO,0.0
6,2023,Max Sharpe,MDLZ,0.0
6,2023,Max Sharpe,MDT,0.0
6,2023,Max Sharpe,MO,0.0
6,2023,Max Sharpe,MRK,0.0
6,2023,Max Sharpe,MSFT,0.0
6,2023,Max Sharpe,MU,0.0
6,2023,Max Sharpe,NEE,0.11872371025646482
6,2023,Max Sharpe,NFLX,0.0743537811670952
6,2023,Max Sharpe,NKE,0.0
6,2023,Max Sharpe,NOC,0.19999999999999984
6,2023,Max Sharpe,NSC,0.0
6,2023,Max Sharpe,NVDA,0.04897745778495044
6,2023,Max Sharpe,NXPI,0.0
6,2023,Max Sharpe,ORCL,0.0
6,2023,Max Sharpe,ORLY,0.09836649502470227
6,2023,Max Sharpe,PEP,0.0
6,2023,Max Sharpe,PFE,0.0
6,2023,Max Sharpe,PG,0.0
6,2023,Max Sharpe,PH,0.0
6,2023,Max Sharpe,PLD,0.0
6,2023,Max Sharpe,PM,0.0
6,2023,Max Sharpe,PNC,0.0
6,2023,Max Sharpe,PSA,0.0
6,2023,Max Sharpe,QCOM,0.0
6,2023,Max Sharpe,REGN,0.0
6,2023,Max Sharpe,ROST,0.0
6,2023,Max Sharpe,RTX,0.0
6,2023,Max Sharpe,SHW,5.089028798406363e-17
6,2023,Max Sharpe,SLB,0.0
6,2023,Max Sharpe,SNPS,1.3837807841026098e-17
6,2023,Max Sharpe,SO,0.0
6,2023,Max Sharpe,SPGI,1.116319786815944e-16
6,2023,Max Sharpe,SRE,0.0
6,2023,Max Sharpe,SYK,0.0
6,2023,Max Sharpe,SYY,0.0
6,2023,Max Sharpe,T,0.0
6,2023,Max Sharpe,TEL,0.0
6,2023,Max Sharpe,TGT,0.0
6,2023,Max Sharpe,TJX,0.0
6,2023,Max Sharpe,TMO,0.07112963269559411
6,2023,Max Sharpe,TSLA,0.09351401768482359
6,2023,Max Sharpe,TXN,0.0
6,2023,Max Sharpe,UNH,0.09245282737520905
6,2023,Max Sharpe,UNP,0.0
6,2023,Max Sharpe,UPS,0.0
6,2023,Max Sharpe,V,0.0
6,2023,Max Sharpe,VRTX,0.0
6,2023,Max Sharpe,VZ,0.0
6,2023,Max Sharpe,WFC,0.0
6,2023,Max Sharpe,WM,0.042561374382186136
6,2023,Max Sharpe,WMT,0.0
6,2023,Max Sharpe,XOM,0.0
6,2023,Min Variance,AAPL,0.0
6,2023,Min Variance,ABT,0.0
6,2023,Min Variance,ACN,0.0
6,2023,Min Variance,ADBE,0.0
6,2023,Min Variance,ADI,0.0
6,2023,Min Variance,ADSK,0.0
6,2023,Min Variance,AEP,0.03885293872962574
6,2023,Min Variance,AIG,0.0
6,2023,Min Variance,AMAT,0.0
6,2023,Min Variance,AMD,0.0
6,2023,Min Variance,AMZN,0.0
6,2023,Min Variance,AON,0.014296189972077086
6,2023,Min Variance,APD,0.0
6,2023,Min Variance,AVGO,0.0
6,2023,Min Variance,AXP,0.0
6,2023,Min Variance,BA,0.0
6,2023,Min Variance,BAC,0.0
6,2023,Min Variance,BDX,0.07202841839794798
6,2023,Min Variance,BIIB,0.0
6,2023,Min Variance,BKNG,0.0
6,2023,Min Variance,BLK,0.0
6,2023,Min Variance,BMY,0.0
6,2023,Min Variance,BSX,0.0
6,2023,Min Variance,C,0.0
6,2023,Min Variance,CB,3.469446951953614e-18
6,2023,Min Variance,CDNS,0.0
6,2023,Min Variance,CHTR,0.0
6,2023,Min Variance,CL,6.505213034913027e-19
6,2023,Min Variance,CMCSA,0.0
6,2023,Min Variance,CME,0.0
6,2023,Min Variance,COP,0.0
6,2023,Min Variance,COST,0.03228857149368532
6,2023,Min Variance,CRM,0.0
6,2023,Min Variance,CSCO,0.0
6,2023,Min Variance,CSX,0.0
6,2023,Min Variance,CTSH,0.0
6,2023,Min Variance,CVS,0.0
6,2023,Min Variance,CVX,0.0
6,2023,Min Variance,D,1.951563910473908e-18
6,2023,Min Variance,DE,0.0
6,2023,Min Variance,DHR,0.0
6,2023,Min Variance,DIS,0.0
6,2023,Min Variance,DUK,0.0
6,2023,Min Variance,EL,0.0
6,2023,Min Variance,EMR,0.0
6,2023,Min Variance,EOG,0.0
6,2023,Min Variance,ETN,0.0
6,2023,Min Variance,EW,0.0
6,2023,Min Variance,EXC,0.0
6,2023,Min Variance,F,0.0
6,2023,Min Variance,FISV,0.0
6,2023,Min Variance,GD,0.0
6,2023,Min Variance,GE,0.0
6,2023,Min Variance,GILD,0.0
6,2023,Min Variance,GM,0.0
6,2023,Min Variance,GOOGL,0.0
6,2023,Min Variance,GPN,0.0
6,2023,Min Variance,GS,0.0
6,2023,Min Variance,HD,0.0
6,2023,Min Variance,HON,0.0
6,2023,Min Variance,HUM,0.0
6,2023,Min Variance,ICE,0.0
6,2023,Min Variance,IDXX,0.0
6,2023,Min Variance,INTC,0.0
6,2023,Min Variance,INTU,0.0
6,2023,Min Variance,ISRG,0.0
6,2023,Min Variance,ITW,0.0
6,2023,Min Variance,JNJ,0.0924474947107633
6,2023,Min Variance,JPM,0.0
6,2023,Min Variance,KLAC,0.0
6,2023,Min Variance,KMB,0.04180362995876411
6,2023,Min Variance,KMI,0.0
6,2023,Min Variance,KO,0.031144411571734667
6,2023,Min Variance,LIN,0.0
6,2023,Min Variance,LMT,0.025289572793501733
6,2023,Min Variance,LOW,0.0
6,2023,Min Variance,LRCX,0.0
6,2023,Min Variance,MA,0.0
6,2023,Min Variance,MAR,0.0
6,2023,Min Variance,MCD,0.11311071310933532
6,2023,Min Variance,MCHP,0.0
6,2023,Min Variance,MCO,0.0
6,2023,Min Variance,MDLZ,7.041662037769606e-18
6,2023,Min Variance,MDT,0.0
6,2023,Min Variance,MO,0.045040144144390115
6,2023,Min Variance,MRK,0.03955698762249364
6,2023,Min Variance,MSFT,0.0
6,2023,Min Variance,MU,0.0
6,2023,Min Variance,NEE,3.469446951953614e-18
6,2023,Min Variance,NFLX,0.0
6,2023,Min Variance,NKE,0.0
6,2023,Min Variance,NOC,0.0
6,2023,Min Variance,NSC,0.0
6,2023,Min Variance,NVDA,0.0
6,2023,Min Variance,NXPI,0.0
6,2023,Min Variance,ORCL,0.0
6,2023,Min Variance,ORLY,0.0
6,2023,Min Variance,PEP,0.0
6,2023,Min Variance,PFE,0.03228878381130892
6,2023,Min Variance,PG,0.01124773006812009
6,2023,Min Variance,PH,0.0
6,2023,Min Variance,PLD,0.0
6,2023,Min Variance,PM,0.0
6,2023,Min Variance,PNC,0.0
6,2023,Min Variance,PSA,0.06468530341991784
6,2023,Min Variance,QCOM,0.0
6,2023,Min Variance,REGN,0.0
6,2023,Min Variance,ROST,0.0
6,2023,Min Variance,RTX,0.0
6,2023,Min Variance,SHW,0.0
6,2023,Min Variance,SLB,0.0
6,2023,Min Variance,SNPS,0.0
6,2023,Min Variance,SO,2.2768245622195593e-18
6,2023,Min Variance,SPGI,0.0
6,2023,Min Variance,SRE,0.0
6,2023,Min Variance,SYK,0.0
6,2023,Min Variance,SYY,0.0
6,2023,Min Variance,T,0.0
6,2023,Min Variance,TEL,0.0
6,2023,Min Variance,TGT,0.0
6,2023,Min Variance,TJX,0.0
6,2023,Min Variance,TMO,0.0
6,2023,Min Variance,TSLA,0.0
6,2023,Min Variance,TXN,0.0
6,2023,Min Variance,UNH,0.0
6,2023,Min Variance,UNP,0.0
6,2023,Min Variance,UPS,0.0
6,2023,Min Variance,V,0.0
6,2023,Min Variance,VRTX,0.0
6,2023,Min Variance,VZ,0.16393414604565915
6,2023,Min Variance,WFC,0.0
6,2023,Min Variance,WM,0.05786729605948937
6,2023,Min Variance,WMT,0.1241176680911857
6,2023,Min Variance,XOM,0.0
6,2023,Equal Weight (1/N),AAPL,0.007462686567164179
6,2023,Equal Weight (1/N),ABT,0.007462686567164179
6,2023,Equal Weight (1/N),ACN,0.007462686567164179
6,2023,Equal Weight (1/N),ADBE,0.007462686567164179
6,2023,Equal Weight (1/N),ADI,0.007462686567164179
6,2023,Equal Weight (1/N),ADSK,0.007462686567164179
6,2023,Equal Weight (1/N),AEP,0.007462686567164179
6,2023,Equal Weight (1/N),AIG,0.007462686567164179
6,2023,Equal Weight (1/N),AMAT,0.007462686567164179
6,2023,Equal Weight (1/N),AMD,0.007462686567164179
6,2023,Equal Weight (1/N),AMZN,0.007462686567164179
6,2023,Equal Weight (1/N),AON,0.007462686567164179
6,2023,Equal Weight (1/N),APD,0.007462686567164179
6,2023,Equal Weight (1/N),AVGO,0.007462686567164179
6,2023,Equal Weight (1/N),AXP,0.007462686567164179
6,2023,Equal Weight (1/N),BA,0.007462686567164179
6,2023,Equal Weight (1/N),BAC,0.007462686567164179
6,2023,Equal Weight (1/N),BDX,0.007462686567164179
6,2023,Equal Weight (1/N),BIIB,0.007462686567164179
6,2023,Equal Weight (1/N),BKNG,0.007462686567164179
6,2023,Equal Weight (1/N),BLK,0.007462686567164179
6,2023,Equal Weight (1/N),BMY,0.007462686567164179
6,2023,Equal Weight (1/N),BSX,0.007462686567164179
6,2023,Equal Weight (1/N),C,0.007462686567164179
6,2023,Equal Weight (1/N),CB,0.007462686567164179
6,2023,Equal Weight (1/N),CDNS,0.007462686567164179
6,2023,Equal Weight (1/N),CHTR,0.007462686567164179
6,2023,Equal Weight (1/N),CL,0.007462686567164179
6,2023,Equal Weight (1/N),CMCSA,0.007462686567164179
6,2023,Equal Weight (1/N),CME,0.007462686567164179
6,2023,Equal Weight (1/N),COP,0.007462686567164179
6,2023,Equal Weight (1/N),COST,0.007462686567164179
6,2023,Equal Weight (1/N),CRM,0.007462686567164179
6,2023,Equal Weight (1/N),CSCO,0.007462686567164179
6,2023,Equal Weight (1/N),CSX,0.007462686567164179
6,2023,Equal Weight (1/N),CTSH,0.007462686567164179
6,2023,Equal Weight (1/N),CVS,0.007462686567164179
6,2023,Equal Weight (1/N),CVX,0.007462686567164179
6,2023,Equal Weight (1/N),D,0.007462686567164179
6,2023,Equal Weight (1/N),DE,0.007462686567164179
6,2023,Equal Weight (1/N),DHR,0.007462686567164179
6,2023,Equal Weight (1/N),DIS,0.007462686567164179
6,2023,Equal Weight (1/N),DUK,0.007462686567164179
6,2023,Equal Weight (1/N),EL,0.007462686567164179
6,2023,Equal Weight (1/N),EMR,0.007462686567164179
6,2023,Equal Weight (1/N),EOG,0.007462686567164179
6,2023,Equal Weight (1/N),ETN,0.007462686567164179
6,2023,Equal Weight (1/N),EW,0.007462686567164179
6,2023,Equal Weight (1/N),EXC,0.007462686567164179
6,2023,Equal Weight (1/N),F,0.007462686567164179
6,2023,Equal Weight (1/N),FISV,0.007462686567164179
6,2023,Equal Weight (1/N),GD,0.007462686567164179
6,2023,Equal Weight (1/N),GE,0.007462686567164179
6,2023,Equal Weight (1/N),GILD,0.007462686567164179
6,2023,Equal Weight (1/N),GM,0.007462686567164179
6,2023,Equal Weight (1/N),GOOGL,0.007462686567164179
6,2023,Equal Weight (1/N),GPN,0.007462686567164179
6,2023,Equal Weight (1/N),GS,0.007462686567164179
6,2023,Equal Weight (1/N),HD,0.007462686567164179
6,2023,Equal Weight (1/N),HON,0.007462686567164179
6,2023,Equal Weight (1/N),HUM,0.007462686567164179
6,2023,Equal Weight (1/N),ICE,0.007462686567164179
6,2023,Equal Weight (1/N),IDXX,0.007462686567164179
6,2023,Equal Weight (1/N),INTC,0.007462686567164179
6,2023,Equal Weight (1/N),INTU,0.007462686567164179
6,2023,Equal Weight (1/N),ISRG,0.007462686567164179
6,2023,Equal Weight (1/N),ITW,0.007462686567164179
6,2023,Equal Weight (1/N),JNJ,0.007462686567164179
6,2023,Equal Weight (1/N),JPM,0.007462686567164179
6,2023,Equal Weight (1/N),KLAC,0.007462686567164179
6,2023,Equal Weight (1/N),KMB,0.007462686567164179
6,2023,Equal Weight (1/N),KMI,0.007462686567164179
6,2023,Equal Weight (1/N),KO,0.007462686567164179
6,2023,Equal Weight (1/N),LIN,0.007462686567164179
6,2023,Equal Weight (1/N),LMT,0.007462686567164179
6,2023,Equal Weight (1/N),LOW,0.007462686567164179
6,2023,Equal Weight (1/N),LRCX,0.007462686567164179
6,2023,Equal Weight (1/N),MA,0.007462686567164179
6,2023,Equal Weight (1/N),MAR,0.007462686567164179
6,2023,Equal Weight (1/N),MCD,0.007462686567164179
6,2023,Equal Weight (1/N),MCHP,0.007462686567164179
6,2023,Equal Weight (1/N),MCO,0.007462686567164179
6,2023,Equal Weight (1/N),MDLZ,0.007462686567164179
6,2023,Equal Weight (1/N),MDT,0.007462686567164179
6,2023,Equal Weight (1/N),MO,0.007462686567164179
6,2023,Equal Weight (1/N),MRK,0.007462686567164179
6,2023,Equal Weight (1/N),MSFT,0.007462686567164179
6,2023,Equal Weight (1/N),MU,0.007462686567164179
6,2023,Equal Weight (1/N),NEE,0.007462686567164179
6,2023,Equal Weight (1/N),NFLX,0.007462686567164179
6,2023,Equal Weight (1/N),NKE,0.007462686567164179
6,2023,Equal Weight (1/N),NOC,0.007462686567164179
6,2023,Equal Weight (1/N),NSC,0.007462686567164179
6,2023,Equal Weight (1/N),NVDA,0.007462686567164179
6,2023,Equal Weight (1/N),NXPI,0.007462686567164179
6,2023,Equal Weight (1/N),ORCL,0.007462686567164179
6,2023,Equal Weight (1/N),ORLY,0.007462686567164179
6,2023,Equal Weight (1/N),PEP,0.007462686567164179
6,2023,Equal Weight (1/N),PFE,0.007462686567164179
6,2023,Equal Weight (1/N),PG,0.007462686567164179
6,2023,Equal Weight (1/N),PH,0.007462686567164179
6,2023,Equal Weight (1/N),PLD,0.007462686567164179
6,2023,Equal Weight (1/N),PM,0.007462686567164179
6,2023,Equal Weight (1/N),PNC,0.007462686567164179
6,2023,Equal Weight (1/N),PSA,0.007462686567164179
6,2023,Equal Weight (1/N),QCOM,0.007462686567164179
6,2023,Equal Weight (1/N),REGN,0.007462686567164179
6,2023,Equal Weight (1/N),ROST,0.007462686567164179
6,2023,Equal Weight (1/N),RTX,0.007462686567164179
6,2023,Equal Weight (1/N),SHW,0.007462686567164179
6,2023,Equal Weight (1/N),SLB,0.007462686567164179
6,2023,Equal Weight (1/N),SNPS,0.007462686567164179
6,2023,Equal Weight (1/N),SO,0.007462686567164179
6,2023,Equal Weight (1/N),SPGI,0.007462686567164179
6,2023,Equal Weight (1/N),SRE,0.007462686567164179
6,2023,Equal Weight (1/N),SYK,0.007462686567164179
6,2023,Equal Weight (1/N),SYY,0.007462686567164179
6,2023,Equal Weight (1/N),T,0.007462686567164179
6,2023,Equal Weight (1/N),TEL,0.007462686567164179
6,2023,Equal Weight (1/N),TGT,0.007462686567164179
6,2023,Equal Weight (1/N),TJX,0.007462686567164179
6,2023,Equal Weight (1/N),TMO,0.007462686567164179
6,2023,Equal Weight (1/N),TSLA,0.007462686567164179
6,2023,Equal Weight (1/N),TXN,0.007462686567164179
6,2023,Equal Weight (1/N),UNH,0.007462686567164179
6,2023,Equal Weight (1/N),UNP,0.007462686567164179
6,2023,Equal Weight (1/N),UPS,0.007462686567164179
6,2023,Equal Weight (1/N),V,0.007462686567164179
6,2023,Equal Weight (1/N),VRTX,0.007462686567164179
6,2023,Equal Weight (1/N),VZ,0.007462686567164179
6,2023,Equal Weight (1/N),WFC,0.007462686567164179
6,2023,Equal Weight (1/N),WM,0.007462686567164179
6,2023,Equal Weight (1/N),WMT,0.007462686567164179
6,2023,Equal Weight (1/N),XOM,0.007462686567164179
7,2024,AOBL-SOS (Proposed),AAPL,0.0
7,2024,AOBL-SOS (Proposed),ABT,0.016614194362876113
7,2024,AOBL-SOS (Proposed),ACN,0.0
7,2024,AOBL-SOS (Proposed),ADBE,0.024202658212458497
7,2024,AOBL-SOS (Proposed),ADI,0.0
7,2024,AOBL-SOS (Proposed),ADSK,0.0
7,2024,AOBL-SOS (Proposed),AEP,0.0
7,2024,AOBL-SOS (Proposed),AIG,0.0
7,2024,AOBL-SOS (Proposed),AMAT,0.0005354344742666649
7,2024,AOBL-SOS (Proposed),AMD,0.00361109807342792
7,2024,AOBL-SOS (Proposed),AMZN,0.0
7,2024,AOBL-SOS (Proposed),AON,0.0
7,2024,AOBL-SOS (Proposed),APD,0.0
7,2024,AOBL-SOS (Proposed),AVGO,0.05092087972578184
7,2024,AOBL-SOS (Proposed),AXP,0.0
7,2024,AOBL-SOS (Proposed),BA,0.0
7,2024,AOBL-SOS (Proposed),BAC,0.0
7,2024,AOBL-SOS (Proposed),BDX,0.0
7,2024,AOBL-SOS (Proposed),BIIB,3.992621345194176e-05
7,2024,AOBL-SOS (Proposed),BKNG,0.0
7,2024,AOBL-SOS (Proposed),BLK,0.0
7,2024,AOBL-SOS (Proposed),BMY,1.771788998323839e-05
7,2024,AOBL-SOS (Proposed),BSX,1.349566751641045e-05
7,2024,AOBL-SOS (Proposed),C,0.0
7,2024,AOBL-SOS (Proposed),CB,0.0
7,2024,AOBL-SOS (Proposed),CDNS,0.03644965477628985
7,2024,AOBL-SOS (Proposed),CHTR,0.0
7,2024,AOBL-SOS (Proposed),CL,0.0
7,2024,AOBL-SOS (Proposed),CMCSA,0.0
7,2024,AOBL-SOS (Proposed),CME,0.06910330221547083
7,2024,AOBL-SOS (Proposed),COP,0.0
7,2024,AOBL-SOS (Proposed),COST,0.17888051688994308
7,2024,AOBL-SOS (Proposed),CRM,0.0
7,2024,AOBL-SOS (Proposed),CSCO,0.0
7,2024,AOBL-SOS (Proposed),CSX,0.0
7,2024,AOBL-SOS (Proposed),CTSH,0.0
7,2024,AOBL-SOS (Proposed),CVS,0.0
7,2024,AOBL-SOS (Proposed),CVX,0.0
7,2024,AOBL-SOS (Proposed),D,0.0
7,2024,AOBL-SOS (Proposed),DE,0.0
7,2024,AOBL-SOS (Proposed),DHR,0.0
7,2024,AOBL-SOS (Proposed),DIS,0.0
7,2024,AOBL-SOS (Proposed),DUK,0.0
7,2024,AOBL-SOS (Proposed),EL,0.0
7,2024,AOBL-SOS (Proposed),EMR,0.0
7,2024,AOBL-SOS (Proposed),EOG,0.0
7,2024,AOBL-SOS (Proposed),ETN,0.0
7,2024,AOBL-SOS (Proposed),EW,0.0
7,2024,AOBL-SOS (Proposed),EXC,0.0
7,2024,AOBL-SOS (Proposed),F,0.0
7,2024,AOBL-SOS (Proposed),FISV,2.0373407702107137e-06
7,2024,AOBL-SOS (Proposed),GD,0.0
7,2024,AOBL-SOS (Proposed),GE,0.0
7,2024,AOBL-SOS (Proposed),GILD,0.0
7,2024,AOBL-SOS (Proposed),GM,0.0
7,2024,AOBL-SOS (Proposed),GOOGL,0.0
7,2024,AOBL-SOS (Proposed),GPN,0.0
7,2024,AOBL-SOS (Proposed),GS,0.0
7,2024,AOBL-SOS (Proposed),HD,0.0
7,2024,AOBL-SOS (Proposed),HON,0.0
7,2024,AOBL-SOS (Proposed),HUM,2.07239388297379e-05
7,2024,AOBL-SOS (Proposed),ICE,0.0
7,2024,AOBL-SOS (Proposed),IDXX,0.0
7,2024,AOBL-SOS (Proposed),INTC,0.0
7,2024,AOBL-SOS (Proposed),INTU,0.0
7,2024,AOBL-SOS (Proposed),ISRG,0.0
7,2024,AOBL-SOS (Proposed),ITW,0.0
7,2024,AOBL-SOS (Proposed),JNJ,0.04757350282539191
7,2024,AOBL-SOS (Proposed),JPM,0.0
7,2024,AOBL-SOS (Proposed),KLAC,0.0
7,2024,AOBL-SOS (Proposed),KMB,0.0
7,2024,AOBL-SOS (Proposed),KMI,0.0
7,2024,AOBL-SOS (Proposed),KO,0.0
7,2024,AOBL-SOS (Proposed),LIN,0.0
7,2024,AOBL-SOS (Proposed),LMT,0.0
7,2024,AOBL-SOS (Proposed),LOW,0.03207139842283962
7,2024,AOBL-SOS (Proposed),LRCX,0.0
7,2024,AOBL-SOS (Proposed),MA,0.0
7,2024,AOBL-SOS (Proposed),MAR,0.0
7,2024,AOBL-SOS (Proposed),MCD,0.0
7,2024,AOBL-SOS (Proposed),MCHP,0.0
7,2024,AOBL-SOS (Proposed),MCO,0.0
7,2024,AOBL-SOS (Proposed),MDLZ,0.0
7,2024,AOBL-SOS (Proposed),MDT,0.0
7,2024,AOBL-SOS (Proposed),MO,0.00017598559354615228
7,2024,AOBL-SOS (Proposed),MRK,0.02516876927496397
7,2024,AOBL-SOS (Proposed),MSFT,0.0
7,2024,AOBL-SOS (Proposed),MU,0.0
7,2024,AOBL-SOS (Proposed),NEE,0.0
7,2024,AOBL-SOS (Proposed),NFLX,0.08306936953196818
7,2024,AOBL-SOS (Proposed),NKE,0.0
7,2024,AOBL-SOS (Proposed),NOC,0.1772947059337727
7,2024,AOBL-SOS (Proposed),NSC,0.0
7,2024,AOBL-SOS (Proposed),NVDA,0.09419591266006126
7,2024,AOBL-SOS (Proposed),NXPI,0.0
7,2024,AOBL-SOS (Proposed),ORCL,0.0
7,2024,AOBL-SOS (Proposed),ORLY,0.0
7,2024,AOBL-SOS (Proposed),PEP,7.783391165058609e-05
7,2024,AOBL-SOS (Proposed),PFE,0.0
7,2024,AOBL-SOS (Proposed),PG,0.008147574203420898
7,2024,AOBL-SOS (Proposed),PH,0.0
7,2024,AOBL-SOS (Proposed),PLD,0.0
7,2024,AOBL-SOS (Proposed),PM,0.0
7,2024,AOBL-SOS (Proposed),PNC,0.0
7,2024,AOBL-SOS (Proposed),PSA,0.00014392235093970055
7,2024,AOBL-SOS (Proposed),QCOM,0.0
7,2024,AOBL-SOS (Proposed),REGN,0.0
7,2024,AOBL-SOS (Proposed),ROST,0.0
7,2024,AOBL-SOS (Proposed),RTX,0.0
7,2024,AOBL-SOS (Proposed),SHW,0.0
7,2024,AOBL-SOS (Proposed),SLB,0.0
7,2024,AOBL-SOS (Proposed),SNPS,0.0
7,2024,AOBL-SOS (Proposed),SO,0.0
7,2024,AOBL-SOS (Proposed),SPGI,0.00083489502364096
7,2024,AOBL-SOS (Proposed),SRE,0.0
7,2024,AOBL-SOS (Proposed),SYK,0.0
7,2024,AOBL-SOS (Proposed),SYY,0.0
7,2024,AOBL-SOS (Proposed),T,0.0
7,2024,AOBL-SOS (Proposed),TEL,0.0
7,2024,AOBL-SOS (Proposed),TGT,0.0
7,2024,AOBL-SOS (Proposed),TJX,0.0
7,2024,AOBL-SOS (Proposed),TMO,0.0
7,2024,AOBL-SOS (Proposed),TSLA,0.06942781983541205
7,2024,AOBL-SOS (Proposed),TXN,0.0
7,2024,AOBL-SOS (Proposed),UNH,0.05122311667373016
7,2024,AOBL-SOS (Proposed),UNP,0.0
7,2024,AOBL-SOS (Proposed),UPS,0.0
7,2024,AOBL-SOS (Proposed),V,0.0
7,2024,AOBL-SOS (Proposed),VRTX,0.021703414566506086
7,2024,AOBL-SOS (Proposed),VZ,0.008480139411089646
7,2024,AOBL-SOS (Proposed),WFC,0.0
7,2024,AOBL-SOS (Proposed),WM,0.0
7,2024,AOBL-SOS (Proposed),WMT,0.0
7,2024,AOBL-SOS (Proposed),XOM,0.0
7,2024,SOS (Baseline),AAPL,0.006849092208437778
7,2024,SOS (Baseline),ABT,8.560313710988647e-06
7,2024,SOS (Baseline),ACN,0.0
7,2024,SOS (Baseline),ADBE,0.0
7,2024,SOS (Baseline),ADI,0.0
7,2024,SOS (Baseline),ADSK,0.0
7,2024,SOS (Baseline),AEP,0.0
7,2024,SOS (Baseline),AIG,0.0
7,2024,SOS (Baseline),AMAT,8.344267715821483e-06
7,2024,SOS (Baseline),AMD,0.0
7,2024,SOS (Baseline),AMZN,0.014254941142964906
7,2024,SOS (Baseline),AON,0.0
7,2024,SOS (Baseline),APD,0.0
7,2024,SOS (Baseline),AVGO,0.06606793803230807
7,2024,SOS (Baseline),AXP,0.0
7,2024,SOS (Baseline),BA,0.0
7,2024,SOS (Baseline),BAC,0.0
7,2024,SOS (Baseline),BDX,0.0
7,2024,SOS (Baseline),BIIB,0.00030093673710024566
7,2024,SOS (Baseline),BKNG,0.0
7,2024,SOS (Baseline),BLK,0.0
7,2024,SOS (Baseline),BMY,0.0013464156468759123
7,2024,SOS (Baseline),BSX,0.014943232474222003
7,2024,SOS (Baseline),C,0.0
7,2024,SOS (Baseline),CB,0.0
7,2024,SOS (Baseline),CDNS,0.0
7,2024,SOS (Baseline),CHTR,0.0
7,2024,SOS (Baseline),CL,0.0
7,2024,SOS (Baseline),CMCSA,0.0
7,2024,SOS (Baseline),CME,0.0687628213423598
7,2024,SOS (Baseline),COP,0.0
7,2024,SOS (Baseline),COST,0.17818716574903634
7,2024,SOS (Baseline),CRM,0.0
7,2024,SOS (Baseline),CSCO,0.0
7,2024,SOS (Baseline),CSX,0.0
7,2024,SOS (Baseline),CTSH,0.0
7,2024,SOS (Baseline),CVS,0.0
7,2024,SOS (Baseline),CVX,0.0
7,2024,SOS (Baseline),D,0.0
7,2024,SOS (Baseline),DE,0.0
7,2024,SOS (Baseline),DHR,0.0
7,2024,SOS (Baseline),DIS,0.0
7,2024,SOS (Baseline),DUK,0.0
7,2024,SOS (Baseline),EL,0.0
7,2024,SOS (Baseline),EMR,0.0
7,2024,SOS (Baseline),EOG,0.0
7,2024,SOS (Baseline),ETN,0.0
7,2024,SOS (Baseline),EW,0.0
7,2024,SOS (Baseline),EXC,0.0047247876517764785
7,2024,SOS (Baseline),F,0.0
7,2024,SOS (Baseline),FISV,0.0
7,2024,SOS (Baseline),GD,0.0
7,2024,SOS (Baseline),GE,0.0
7,2024,SOS (Baseline),GILD,0.044575054161987704
7,2024,SOS (Baseline),GM,0.0
7,2024,SOS (Baseline),GOOGL,0.0
7,2024,SOS (Baseline),GPN,0.0
7,2024,SOS (Baseline),GS,0.0
7,2024,SOS (Baseline),HD,0.0
7,2024,SOS (Baseline),HON,0.0
7,2024,SOS (Baseline),HUM,0.0
7,2024,SOS (Baseline),ICE,0.0
7,2024,SOS (Baseline),IDXX,0.002458309893946622
7,2024,SOS (Baseline),INTC,0.0
7,2024,SOS (Baseline),INTU,0.0
7,2024,SOS (Baseline),ISRG,0.0
7,2024,SOS (Baseline),ITW,0.0
7,2024,SOS (Baseline),JNJ,0.0
7,2024,SOS (Baseline),JPM,0.0
7,2024,SOS (Baseline),KLAC,0.0
7,2024,SOS (Baseline),KMB,0.0
7,2024,SOS (Baseline),KMI,0.0
7,2024,SOS (Baseline),KO,0.0
7,2024,SOS (Baseline),LIN,0.0
7,2024,SOS (Baseline),LMT,0.0
7,2024,SOS (Baseline),LOW,0.0
7,2024,SOS (Baseline),LRCX,0.0
7,2024,SOS (Baseline),MA,0.00011036965087501308
7,2024,SOS (Baseline),MAR,0.016561877967705772
7,2024,SOS (Baseline),MCD,0.0
7,2024,SOS (Baseline),MCHP,0.0
7,2024,SOS (Baseline),MCO,0.0
7,2024,SOS (Baseline),MDLZ,0.0
7,2024,SOS (Baseline),MDT,0.0
7,2024,SOS (Baseline),MO,0.0018687143995575418
7,2024,SOS (Baseline),MRK,0.0
7,2024,SOS (Baseline),MSFT,2.101396548866561e-06
7,2024,SOS (Baseline),MU,0.0
7,2024,SOS (Baseline),NEE,0.0210207670631684
7,2024,SOS (Baseline),NFLX,0.06029049136233527
7,2024,SOS (Baseline),NKE,0.0
7,2024,SOS (Baseline),NOC,0.0
7,2024,SOS (Baseline),NSC,0.0
7,2024,SOS (Baseline),NVDA,0.05578481096102228
7,2024,SOS (Baseline),NXPI,0.0
7,2024,SOS (Baseline),ORCL,0.0
7,2024,SOS (Baseline),ORLY,0.08935693306740851
7,2024,SOS (Baseline),PEP,0.0
7,2024,SOS (Baseline),PFE,0.0
7,2024,SOS (Baseline),PG,5.513201403035723e-05
7,2024,SOS (Baseline),PH,0.0
7,2024,SOS (Baseline),PLD,0.0
7,2024,SOS (Baseline),PM,0.0
7,2024,SOS (Baseline),PNC,0.0
7,2024,SOS (Baseline),PSA,0.00015339468521005105
7,2024,SOS (Baseline),QCOM,0.0
7,2024,SOS (Baseline),REGN,0.10128760930150134
7,2024,SOS (Baseline),ROST,0.0
7,2024,SOS (Baseline),RTX,0.0
7,2024,SOS (Baseline),SHW,0.0
7,2024,SOS (Baseline),SLB,0.0
7,2024,SOS (Baseline),SNPS,0.0
7,2024,SOS (Baseline),SO,0.0
7,2024,SOS (Baseline),SPGI,0.0006381102059111473
7,2024,SOS (Baseline),SRE,0.0181920099690817
7,2024,SOS (Baseline),SYK,0.0
7,2024,SOS (Baseline),SYY,0.0
7,2024,SOS (Baseline),T,0.0
7,2024,SOS (Baseline),TEL,0.0
7,2024,SOS (Baseline),TGT,0.0
7,2024,SOS (Baseline),TJX,0.0
7,2024,SOS (Baseline),TMO,0.0
7,2024,SOS (Baseline),TSLA,0.07495181494439242
7,2024,SOS (Baseline),TXN,0.0
7,2024,SOS (Baseline),UNH,0.0
7,2024,SOS (Baseline),UNP,0.0
7,2024,SOS (Baseline),UPS,0.0
7,2024,SOS (Baseline),V,0.0
7,2024,SOS (Baseline),VRTX,0.04713087297006821
7,2024,SOS (Baseline),VZ,0.0
7,2024,SOS (Baseline),WFC,0.0
7,2024,SOS (Baseline),WM,0.11010739041874051
7,2024,SOS (Baseline),WMT,0.0
7,2024,SOS (Baseline),XOM,0.0
7,2024,GA,AAPL,0.053327725712377316
7,2024,GA,ABT,0.02600629822735015
7,2024,GA,ACN,0.0
7,2024,GA,ADBE,0.006576690956599121
7,2024,GA,ADI,0.0
7,2024,GA,ADSK,0.0
7,2024,GA,AEP,0.019103205876406446
7,2024,GA,AIG,0.00082330184844622
7,2024,GA,AMAT,0.0
7,2024,GA,AMD,0.0056195330409027225
7,2024,GA,AMZN,0.0
7,2024,GA,AON,0.0
7,2024,GA,APD,0.07001381714105379
7,2024,GA,AVGO,0.0
7,2024,GA,AXP,0.0005551331827417414
7,2024,GA,BA,0.0
7,2024,GA,BAC,0.0
7,2024,GA,BDX,0.0
7,2024,GA,BIIB,0.0
7,2024,GA,BKNG,0.0
7,2024,GA,BLK,0.0
7,2024,GA,BMY,0.0
7,2024,GA,BSX,0.0
7,2024,GA,C,0.0
7,2024,GA,CB,0.0
7,2024,GA,CDNS,0.0
7,2024,GA,CHTR,0.045295991559436755
7,2024,GA,CL,0.0
7,2024,GA,CMCSA,0.0
7,2024,GA,CME,0.03193834962095806
7,2024,GA,COP,0.0
7,2024,GA,COST,0.008231339547697471
7,2024,GA,CRM,0.0
7,2024,GA,CSCO,0.0
7,2024,GA,CSX,0.0
7,2024,GA,CTSH,0.0
7,2024,GA,CVS,0.0
7,2024,GA,CVX,0.0
7,2024,GA,D,0.0
7,2024,GA,DE,0.0
7,2024,GA,DHR,0.07753914807035717
7,2024,GA,DIS,0.0
7,2024,GA,DUK,0.0012388881186450242
7,2024,GA,EL,0.0
7,2024,GA,EMR,0.0
7,2024,GA,EOG,0.0
7,2024,GA,ETN,0.0
7,2024,GA,EW,0.0
7,2024,GA,EXC,0.0
7,2024,GA,F,0.0
7,2024,GA,FISV,0.0
7,2024,GA,GD,0.0
7,2024,GA,GE,0.0
7,2024,GA,GILD,0.0
7,2024,GA,GM,0.0
7,2024,GA,GOOGL,0.0
7,2024,GA,GPN,0.0
7,2024,GA,GS,0.0009358890638438092
7,2024,GA,HD,0.0
7,2024,GA,HON,0.0
7,2024,GA,HUM,0.0
7,2024,GA,ICE,0.0
7,2024,GA,IDXX,0.0
7,2024,GA,INTC,0.0
7,2024,GA,INTU,0.0
7,2024,GA,ISRG,0.0
7,2024,GA,ITW,0.05180120375322338
7,2024,GA,JNJ,0.030171834248187576
7,2024,GA,JPM,0.0
7,2024,GA,KLAC,0.0
7,2024,GA,KMB,0.0
7,2024,GA,KMI,0.0
7,2024,GA,KO,0.0
7,2024,GA,LIN,0.0
7,2024,GA,LMT,0.025818830621625433
7,2024,GA,LOW,0.0
7,2024,GA,LRCX,0.0
7,2024,GA,MA,0.0
7,2024,GA,MAR,0.0
7,2024,GA,MCD,0.0
7,2024,GA,MCHP,0.0
7,2024,GA,MCO,0.0
7,2024,GA,MDLZ,0.0
7,2024,GA,MDT,0.01158234181094267
7,2024,GA,MO,0.0007066068038347152
7,2024,GA,MRK,0.0
7,2024,GA,MSFT,0.0008666593601113517
7,2024,GA,MU,0.0
7,2024,GA,NEE,0.0
7,2024,GA,NFLX,0.0697298014733587
7,2024,GA,NKE,0.0
7,2024,GA,NOC,0.032582356424216107
7,2024,GA,NSC,0.0
7,2024,GA,NVDA,0.09012111906445724
7,2024,GA,NXPI,0.009024020409680438
7,2024,GA,ORCL,0.0
7,2024,GA,ORLY,0.04043881137650482
7,2024,GA,PEP,0.0
7,2024,GA,PFE,0.043517172328567034
7,2024,GA,PG,0.0
7,2024,GA,PH,0.0
7,2024,GA,PLD,0.0
7,2024,GA,PM,0.0
7,2024,GA,PNC,0.0
7,2024,GA,PSA,0.0
7,2024,GA,QCOM,0.0
7,2024,GA,REGN,0.06958125922690973
7,2024,GA,ROST,0.0
7,2024,GA,RTX,0.0
7,2024,GA,SHW,0.0
7,2024,GA,SLB,0.0
7,2024,GA,SNPS,0.0
7,2024,GA,SO,0.003963878075516267
7,2024,GA,SPGI,0.0
7,2024,GA,SRE,0.0
7,2024,GA,SYK,0.0
7,2024,GA,SYY,0.0
7,2024,GA,T,0.0
7,2024,GA,TEL,0.0
7,2024,GA,TGT,0.0
7,2024,GA,TJX,0.0
7,2024,GA,TMO,0.0
7,2024,GA,TSLA,0.11045852319285114
7,2024,GA,TXN,0.0
7,2024,GA,UNH,0.0
7,2024,GA,UNP,0.0
7,2024,GA,UPS,0.0
7,2024,GA,V,0.0
7,2024,GA,VRTX,0.062430269863197656
7,2024,GA,VZ,0.0
7,2024,GA,WFC,0.0
7,2024,GA,WM,0.0
7,2024,GA,WMT,0.0
7,2024,GA,XOM,0.0
7,2024,PSO,AAPL,0.0
7,2024,PSO,ABT,0.0
7,2024,PSO,ACN,0.0
7,2024,PSO,ADBE,0.0
7,2024,PSO,ADI,0.0
7,2024,PSO,ADSK,0.0
7,2024,PSO,AEP,0.0
7,2024,PSO,AIG,0.0
7,2024,PSO,AMAT,0.0
7,2024,PSO,AMD,0.0
7,2024,PSO,AMZN,0.056721174810282084
7,2024,PSO,AON,0.0
7,2024,PSO,APD,0.0
7,2024,PSO,AVGO,0.104478040368087
7,2024,PSO,AXP,0.0
7,2024,PSO,BA,0.0
7,2024,PSO,BAC,0.0
7,2024,PSO,BDX,0.0
7,2024,PSO,BIIB,0.0
7,2024,PSO,BKNG,0.0
7,2024,PSO,BLK,0.0
7,2024,PSO,BMY,0.0
7,2024,PSO,BSX,0.0
7,2024,PSO,C,0.0
7,2024,PSO,CB,0.0
7,2024,PSO,CDNS,0.0
7,2024,PSO,CHTR,0.0
7,2024,PSO,CL,0.0
7,2024,PSO,CMCSA,0.0
7,2024,PSO,CME,0.02841069303538954
7,2024,PSO,COP,0.0
7,2024,PSO,COST,0.0
7,2024,PSO,CRM,0.0
7,2024,PSO,CSCO,0.0
7,2024,PSO,CSX,0.0
7,2024,PSO,CTSH,0.0
7,2024,PSO,CVS,0.0
7,2024,PSO,CVX,0.0
7,2024,PSO,D,0.0
7,2024,PSO,DE,0.0
7,2024,PSO,DHR,0.0
7,2024,PSO,DIS,0.0
7,2024,PSO,DUK,0.0
7,2024,PSO,EL,0.0
7,2024,PSO,EMR,0.0
7,2024,PSO,EOG,0.0
7,2024,PSO,ETN,0.0
7,2024,PSO,EW,0.0
7,2024,PSO,EXC,0.0
7,2024,PSO,F,0.0
7,2024,PSO,FISV,0.0
7,2024,PSO,GD,0.0
7,2024,PSO,GE,0.0
7,2024,PSO,GILD,0.04604831050849915
7,2024,PSO,GM,0.0
7,2024,PSO,GOOGL,0.0
7,2024,PSO,GPN,0.0
7,2024,PSO,GS,0.0
7,2024,PSO,HD,0.0
7,2024,PSO,HON,0.0
7,2024,PSO,HUM,0.0
7,2024,PSO,ICE,0.0
7,2024,PSO,IDXX,0.0
7,2024,PSO,INTC,0.0
7,2024,PSO,INTU,0.0
7,2024,PSO,ISRG,0.0
7,2024,PSO,ITW,0.0
7,2024,PSO,JNJ,0.0
7,2024,PSO,JPM,0.0
7,2024,PSO,KLAC,0.0
7,2024,PSO,KMB,0.0
7,2024,PSO,KMI,0.0
7,2024,PSO,KO,0.0
7,2024,PSO,LIN,0.0
7,2024,PSO,LMT,0.0
7,2024,PSO,LOW,0.0
7,2024,PSO,LRCX,0.0
7,2024,PSO,MA,0.0
7,2024,PSO,MAR,0.0
7,2024,PSO,MCD,0.0
7,2024,PSO,MCHP,0.0
7,2024,PSO,MCO,0.0
7,2024,PSO,MDLZ,0.0
7,2024,PSO,MDT,0.0
7,2024,PSO,MO,0.0
7,2024,PSO,MRK,0.04012182391977452
7,2024,PSO,MSFT,0.0
7,2024,PSO,MU,0.0
7,2024,PSO,NEE,8.868067367409513e-07
7,2024,PSO,NFLX,0.0
7,2024,PSO,NKE,0.0
7,2024,PSO,NOC,0.0
7,2024,PSO,NSC,0.0
7,2024,PSO,NVDA,0.15507813310124324
7,2024,PSO,NXPI,0.0
7,2024,PSO,ORCL,0.0
7,2024,PSO,ORLY,0.1170816274718363
7,2024,PSO,PEP,0.0
7,2024,PSO,PFE,0.0
7,2024,PSO,PG,0.0
7,2024,PSO,PH,0.0
7,2024,PSO,PLD,0.0
7,2024,PSO,PM,0.0
7,2024,PSO,PNC,0.0
7,2024,PSO,PSA,0.0
7,2024,PSO,QCOM,0.0
7,2024,PSO,REGN,0.14159096496086512
7,2024,PSO,ROST,0.0
7,2024,PSO,RTX,0.0
7,2024,PSO,SHW,0.0
7,2024,PSO,SLB,0.0
7,2024,PSO,SNPS,0.0
7,2024,PSO,SO,0.0
7,2024,PSO,SPGI,0.0
7,2024,PSO,SRE,0.0
7,2024,PSO,SYK,0.0
7,2024,PSO,SYY,0.0
7,2024,PSO,T,0.0
7,2024,PSO,TEL,0.0
7,2024,PSO,TGT,0.0
7,2024,PSO,TJX,0.0
7,2024,PSO,TMO,0.01449211789947917
7,2024,PSO,TSLA,0.0
7,2024,PSO,TXN,0.0
7,2024,PSO,UNH,0.0
7,2024,PSO,UNP,0.0
7,2024,PSO,UPS,0.0
7,2024,PSO,V,0.0
7,2024,PSO,VRTX,0.03113427123931928
7,2024,PSO,VZ,0.0
7,2024,PSO,WFC,0.0
7,2024,PSO,WM,0.19503085877844398
7,2024,PSO,WMT,0.0698110971000439
7,2024,PSO,XOM,0.0
7,2024,DE,AAPL,0.006278601137465175
7,2024,DE,ABT,0.0
7,2024,DE,ACN,0.0
7,2024,DE,ADBE,0.0
7,2024,DE,ADI,0.0
7,2024,DE,ADSK,0.0
7,2024,DE,AEP,0.0024022673103731
7,2024,DE,AIG,0.0
7,2024,DE,AMAT,0.0
7,2024,DE,AMD,0.0
7,2024,DE,AMZN,0.0
7,2024,DE,AON,0.002835780972422571
7,2024,DE,APD,0.0
7,2024,DE,AVGO,0.028624036232737505
7,2024,DE,AXP,0.0
7,2024,DE,BA,0.0
7,2024,DE,BAC,0.0
7,2024,DE,BDX,0.0
7,2024,DE,BIIB,0.0
7,2024,DE,BKNG,0.0
7,2024,DE,BLK,0.0
7,2024,DE,BMY,0.002252759368647903
7,2024,DE,BSX,0.0
7,2024,DE,C,0.0
7,2024,DE,CB,0.0
7,2024,DE,CDNS,0.0
7,2024,DE,CHTR,0.0
7,2024,DE,CL,0.005736057297291881
7,2024,DE,CMCSA,0.0
7,2024,DE,CME,0.027400453690559136
7,2024,DE,COP,0.0
7,2024,DE,COST,0.13718292859285003
7,2024,DE,CRM,0.0
7,2024,DE,CSCO,0.0
7,2024,DE,CSX,0.0
7,2024,DE,CTSH,0.0
7,2024,DE,CVS,0.0
7,2024,DE,CVX,0.0
7,2024,DE,D,0.0
7,2024,DE,DE,0.0
7,2024,DE,DHR,0.029987836739165916
7,2024,DE,DIS,0.0
7,2024,DE,DUK,0.0
7,2024,DE,EL,0.0
7,2024,DE,EMR,0.0
7,2024,DE,EOG,0.0
7,2024,DE,ETN,0.0
7,2024,DE,EW,0.007254206660988956
7,2024,DE,EXC,0.0
7,2024,DE,F,0.0
7,2024,DE,FISV,0.0
7,2024,DE,GD,0.0
7,2024,DE,GE,0.0
7,2024,DE,GILD,0.0
7,2024,DE,GM,0.0
7,2024,DE,GOOGL,0.0
7,2024,DE,GPN,0.0
7,2024,DE,GS,0.0
7,2024,DE,HD,0.0051889903093599605
7,2024,DE,HON,0.0
7,2024,DE,HUM,0.0
7,2024,DE,ICE,0.0
7,2024,DE,IDXX,0.0
7,2024,DE,INTC,0.0
7,2024,DE,INTU,0.0
7,2024,DE,ISRG,0.0
7,2024,DE,ITW,0.0
7,2024,DE,JNJ,0.0011251697304786592
7,2024,DE,JPM,0.0
7,2024,DE,KLAC,0.00345315149871396
7,2024,DE,KMB,0.0
7,2024,DE,KMI,0.0
7,2024,DE,KO,0.0
7,2024,DE,LIN,0.0
7,2024,DE,LMT,0.0
7,2024,DE,LOW,0.0
7,2024,DE,LRCX,0.0
7,2024,DE,MA,0.0
7,2024,DE,MAR,0.006799781839801027
7,2024,DE,MCD,0.0
7,2024,DE,MCHP,0.0
7,2024,DE,MCO,0.0
7,2024,DE,MDLZ,0.0
7,2024,DE,MDT,0.0
7,2024,DE,MO,0.010000765891378943
7,2024,DE,MRK,0.0
7,2024,DE,MSFT,0.01607846887117518
7,2024,DE,MU,0.0
7,2024,DE,NEE,0.020228817652982744
7,2024,DE,NFLX,0.06903817438009137
7,2024,DE,NKE,0.0
7,2024,DE,NOC,0.18963372969000558
7,2024,DE,NSC,0.0
7,2024,DE,NVDA,0.10843637527010111
7,2024,DE,NXPI,0.0
7,2024,DE,ORCL,0.0
7,2024,DE,ORLY,0.028784814284276126
7,2024,DE,PEP,0.008087540163280395
7,2024,DE,PFE,0.008093677549527566
7,2024,DE,PG,0.0
7,2024,DE,PH,0.0
7,2024,DE,PLD,0.0
7,2024,DE,PM,0.0
7,2024,DE,PNC,0.0
7,2024,DE,PSA,0.0
7,2024,DE,QCOM,0.0
7,2024,DE,REGN,0.12291490961739883
7,2024,DE,ROST,0.0
7,2024,DE,RTX,0.0
7,2024,DE,SHW,0.0
7,2024,DE,SLB,0.0
7,2024,DE,SNPS,0.005920084989233021
7,2024,DE,SO,0.0
7,2024,DE,SPGI,0.0
7,2024,DE,SRE,0.0
7,2024,DE,SYK,0.0
7,2024,DE,SYY,0.0
7,2024,DE,T,0.002687240703161693
7,2024,DE,TEL,0.0
7,2024,DE,TGT,0.0012190727480268758
7,2024,DE,TJX,0.0
7,2024,DE,TMO,0.024977966000293977
7,2024,DE,TSLA,0.08519429160010582
7,2024,DE,TXN,0.0
7,2024,DE,UNH,0.0
7,2024,DE,UNP,0.0
7,2024,DE,UPS,0.0
7,2024,DE,V,0.0
7,2024,DE,VRTX,0.0
7,2024,DE,VZ,0.0
7,2024,DE,WFC,0.0
7,2024,DE,WM,0.032182049208105114
7,2024,DE,WMT,0.0
7,2024,DE,XOM,0.0
7,2024,Ledoit-Wolf,AAPL,1.3779474677537873e-14
7,2024,Ledoit-Wolf,ABT,0.0
7,2024,Ledoit-Wolf,ACN,0.0
7,2024,Ledoit-Wolf,ADBE,4.2671119837193545e-14
7,2024,Ledoit-Wolf,ADI,0.0
7,2024,Ledoit-Wolf,ADSK,0.0
7,2024,Ledoit-Wolf,AEP,0.0
7,2024,Ledoit-Wolf,AIG,0.0
7,2024,Ledoit-Wolf,AMAT,2.1480711844483048e-13
7,2024,Ledoit-Wolf,AMD,0.0
7,2024,Ledoit-Wolf,AMZN,0.0
7,2024,Ledoit-Wolf,AON,0.0
7,2024,Ledoit-Wolf,APD,0.0
7,2024,Ledoit-Wolf,AVGO,0.08771599944826337
7,2024,Ledoit-Wolf,AXP,0.0
7,2024,Ledoit-Wolf,BA,0.0
7,2024,Ledoit-Wolf,BAC,0.0
7,2024,Ledoit-Wolf,BDX,0.0
7,2024,Ledoit-Wolf,BIIB,0.0
7,2024,Ledoit-Wolf,BKNG,0.0
7,2024,Ledoit-Wolf,BLK,0.0
7,2024,Ledoit-Wolf,BMY,0.0
7,2024,Ledoit-Wolf,BSX,0.0
7,2024,Ledoit-Wolf,C,0.0
7,2024,Ledoit-Wolf,CB,0.0
7,2024,Ledoit-Wolf,CDNS,0.0
7,2024,Ledoit-Wolf,CHTR,0.0
7,2024,Ledoit-Wolf,CL,0.0
7,2024,Ledoit-Wolf,CMCSA,0.0
7,2024,Ledoit-Wolf,CME,0.0
7,2024,Ledoit-Wolf,COP,0.0
7,2024,Ledoit-Wolf,COST,0.11915322916670425
7,2024,Ledoit-Wolf,CRM,0.0
7,2024,Ledoit-Wolf,CSCO,0.0
7,2024,Ledoit-Wolf,CSX,0.0
7,2024,Ledoit-Wolf,CTSH,0.0
7,2024,Ledoit-Wolf,CVS,0.0
7,2024,Ledoit-Wolf,CVX,0.0
7,2024,Ledoit-Wolf,D,0.0
7,2024,Ledoit-Wolf,DE,0.0
7,2024,Ledoit-Wolf,DHR,0.0
7,2024,Ledoit-Wolf,DIS,0.0
7,2024,Ledoit-Wolf,DUK,0.0
7,2024,Ledoit-Wolf,EL,0.0
7,2024,Ledoit-Wolf,EMR,0.0
7,2024,Ledoit-Wolf,EOG,0.0
7,2024,Ledoit-Wolf,ETN,0.0
7,2024,Ledoit-Wolf,EW,0.0
7,2024,Ledoit-Wolf,EXC,0.0
7,2024,Ledoit-Wolf,F,0.0
7,2024,Ledoit-Wolf,FISV,3.1930719362558906e-14
7,2024,Ledoit-Wolf,GD,0.0
7,2024,Ledoit-Wolf,GE,0.0
7,2024,Ledoit-Wolf,GILD,0.0
7,2024,Ledoit-Wolf,GM,0.0
7,2024,Ledoit-Wolf,GOOGL,0.0
7,2024,Ledoit-Wolf,GPN,0.0
7,2024,Ledoit-Wolf,GS,0.0
7,2024,Ledoit-Wolf,HD,0.0
7,2024,Ledoit-Wolf,HON,0.0
7,2024,Ledoit-Wolf,HUM,0.0
7,2024,Ledoit-Wolf,ICE,0.0
7,2024,Ledoit-Wolf,IDXX,0.0
7,2024,Ledoit-Wolf,INTC,0.0
7,2024,Ledoit-Wolf,INTU,1.2748756768882237e-13
7,2024,Ledoit-Wolf,ISRG,0.0
7,2024,Ledoit-Wolf,ITW,0.0
7,2024,Ledoit-Wolf,JNJ,0.0
7,2024,Ledoit-Wolf,JPM,0.0
7,2024,Ledoit-Wolf,KLAC,1.1185214788479188e-13
7,2024,Ledoit-Wolf,KMB,0.0
7,2024,Ledoit-Wolf,KMI,0.0
7,2024,Ledoit-Wolf,KO,0.0
7,2024,Ledoit-Wolf,LIN,0.0
7,2024,Ledoit-Wolf,LMT,0.0004404146317500022
7,2024,Ledoit-Wolf,LOW,0.0
7,2024,Ledoit-Wolf,LRCX,1.2463492885144488e-13
7,2024,Ledoit-Wolf,MA,4.059010134000608e-14
7,2024,Ledoit-Wolf,MAR,0.0
7,2024,Ledoit-Wolf,MCD,0.0
7,2024,Ledoit-Wolf,MCHP,0.0
7,2024,Ledoit-Wolf,MCO,6.006672765933234e-14
7,2024,Ledoit-Wolf,MDLZ,0.0
7,2024,Ledoit-Wolf,MDT,0.0
7,2024,Ledoit-Wolf,MO,0.0
7,2024,Ledoit-Wolf,MRK,0.0
7,2024,Ledoit-Wolf,MSFT,1.3920452412113544e-14
7,2024,Ledoit-Wolf,MU,0.0
7,2024,Ledoit-Wolf,NEE,0.0
7,2024,Ledoit-Wolf,NFLX,0.07557834019281993
7,2024,Ledoit-Wolf,NKE,0.0
7,2024,Ledoit-Wolf,NOC,0.18190584471223653
7,2024,Ledoit-Wolf,NSC,0.0
7,2024,Ledoit-Wolf,NVDA,0.11828121259783156
7,2024,Ledoit-Wolf,NXPI,0.0
7,2024,Ledoit-Wolf,ORCL,0.0
7,2024,Ledoit-Wolf,ORLY,0.08900094458769488
7,2024,Ledoit-Wolf,PEP,0.0
7,2024,Ledoit-Wolf,PFE,0.0
7,2024,Ledoit-Wolf,PG,0.0
7,2024,Ledoit-Wolf,PH,0.0
7,2024,Ledoit-Wolf,PLD,0.0
7,2024,Ledoit-Wolf,PM,0.0
7,2024,Ledoit-Wolf,PNC,0.0
7,2024,Ledoit-Wolf,PSA,0.0
7,2024,Ledoit-Wolf,QCOM,0.0
7,2024,Ledoit-Wolf,REGN,0.0
7,2024,Ledoit-Wolf,ROST,0.0
7,2024,Ledoit-Wolf,RTX,0.0
7,2024,Ledoit-Wolf,SHW,0.0
7,2024,Ledoit-Wolf,SLB,0.0
7,2024,Ledoit-Wolf,SNPS,0.0
7,2024,Ledoit-Wolf,SO,0.0
7,2024,Ledoit-Wolf,SPGI,9.497599060368145e-15
7,2024,Ledoit-Wolf,SRE,0.0
7,2024,Ledoit-Wolf,SYK,0.0
7,2024,Ledoit-Wolf,SYY,0.0
7,2024,Ledoit-Wolf,T,0.0
7,2024,Ledoit-Wolf,TEL,0.0
7,2024,Ledoit-Wolf,TGT,0.0
7,2024,Ledoit-Wolf,TJX,0.0
7,2024,Ledoit-Wolf,TMO,0.010138887590141114
7,2024,Ledoit-Wolf,TSLA,0.0972808985549646
7,2024,Ledoit-Wolf,TXN,0.0
7,2024,Ledoit-Wolf,UNH,0.07424416384139478
7,2024,Ledoit-Wolf,UNP,0.0
7,2024,Ledoit-Wolf,UPS,0.0
7,2024,Ledoit-Wolf,V,1.186493356452378e-14
7,2024,Ledoit-Wolf,VRTX,0.0
7,2024,Ledoit-Wolf,VZ,0.0
7,2024,Ledoit-Wolf,WFC,0.0
7,2024,Ledoit-Wolf,WM,0.1462600646753959
7,2024,Ledoit-Wolf,WMT,0.0
7,2024,Ledoit-Wolf,XOM,0.0
7,2024,Max Sharpe,AAPL,0.0
7,2024,Max Sharpe,ABT,0.0
7,2024,Max Sharpe,ACN,0.0
7,2024,Max Sharpe,ADBE,0.0
7,2024,Max Sharpe,ADI,0.0
7,2024,Max Sharpe,ADSK,0.0
7,2024,Max Sharpe,AEP,0.0
7,2024,Max Sharpe,AIG,0.0
7,2024,Max Sharpe,AMAT,0.0
7,2024,Max Sharpe,AMD,0.0
7,2024,Max Sharpe,AMZN,1.6911236889629928e-16
7,2024,Max Sharpe,AON,0.0
7,2024,Max Sharpe,APD,0.0
7,2024,Max Sharpe,AVGO,0.08718203581383673
7,2024,Max Sharpe,AXP,0.0
7,2024,Max Sharpe,BA,0.0
7,2024,Max Sharpe,BAC,0.0
7,2024,Max Sharpe,BDX,0.0
7,2024,Max Sharpe,BIIB,0.0
7,2024,Max Sharpe,BKNG,0.0
7,2024,Max Sharpe,BLK,0.0
7,2024,Max Sharpe,BMY,0.0
7,2024,Max Sharpe,BSX,4.843771138724743e-17
7,2024,Max Sharpe,C,0.0
7,2024,Max Sharpe,CB,0.0
7,2024,Max Sharpe,CDNS,0.0
7,2024,Max Sharpe,CHTR,0.0
7,2024,Max Sharpe,CL,0.0
7,2024,Max Sharpe,CMCSA,0.0
7,2024,Max Sharpe,CME,0.0
7,2024,Max Sharpe,COP,0.0
7,2024,Max Sharpe,COST,0.12036359700738611
7,2024,Max Sharpe,CRM,0.0
7,2024,Max Sharpe,CSCO,0.0
7,2024,Max Sharpe,CSX,0.0
7,2024,Max Sharpe,CTSH,0.0
7,2024,Max Sharpe,CVS,0.0
7,2024,Max Sharpe,CVX,0.0
7,2024,Max Sharpe,D,0.0
7,2024,Max Sharpe,DE,0.0
7,2024,Max Sharpe,DHR,0.0
7,2024,Max Sharpe,DIS,0.0
7,2024,Max Sharpe,DUK,0.0
7,2024,Max Sharpe,EL,0.0
7,2024,Max Sharpe,EMR,0.0
7,2024,Max Sharpe,EOG,0.0
7,2024,Max Sharpe,ETN,0.0
7,2024,Max Sharpe,EW,0.0
7,2024,Max Sharpe,EXC,0.0
7,2024,Max Sharpe,F,0.0
7,2024,Max Sharpe,FISV,0.0
7,2024,Max Sharpe,GD,0.0
7,2024,Max Sharpe,GE,0.0
7,2024,Max Sharpe,GILD,0.0
7,2024,Max Sharpe,GM,0.0
7,2024,Max Sharpe,GOOGL,0.0
7,2024,Max Sharpe,GPN,0.0
7,2024,Max Sharpe,GS,0.0
7,2024,Max Sharpe,HD,0.0
7,2024,Max Sharpe,HON,0.0
7,2024,Max Sharpe,HUM,0.0
7,2024,Max Sharpe,ICE,0.0
7,2024,Max Sharpe,IDXX,5.848245848605009e-17
7,2024,Max Sharpe,INTC,0.0
7,2024,Max Sharpe,INTU,3.7452274780263486e-17
7,2024,Max Sharpe,ISRG,0.0
7,2024,Max Sharpe,ITW,0.0
7,2024,Max Sharpe,JNJ,0.0
7,2024,Max Sharpe,JPM,0.0
7,2024,Max Sharpe,KLAC,6.097466428409424e-17
7,2024,Max Sharpe,KMB,0.0
7,2024,Max Sharpe,KMI,0.0
7,2024,Max Sharpe,KO,0.0
7,2024,Max Sharpe,LIN,0.0
7,2024,Max Sharpe,LMT,0.0
7,2024,Max Sharpe,LOW,0.0
7,2024,Max Sharpe,LRCX,7.913219321730335e-17
7,2024,Max Sharpe,MA,8.028294984091118e-17
7,2024,Max Sharpe,MAR,0.0
7,2024,Max Sharpe,MCD,0.0
7,2024,Max Sharpe,MCHP,0.0
7,2024,Max Sharpe,MCO,0.0
7,2024,Max Sharpe,MDLZ,0.0
7,2024,Max Sharpe,MDT,0.0
7,2024,Max Sharpe,MO,0.0
7,2024,Max Sharpe,MRK,0.0
7,2024,Max Sharpe,MSFT,7.175732213889304e-17
7,2024,Max Sharpe,MU,0.0
7,2024,Max Sharpe,NEE,0.0
7,2024,Max Sharpe,NFLX,0.07530411455713283
7,2024,Max Sharpe,NKE,0.0
7,2024,Max Sharpe,NOC,0.1837423631398385
7,2024,Max Sharpe,NSC,0.0
7,2024,Max Sharpe,NVDA,0.11798057166185973
7,2024,Max Sharpe,NXPI,0.0
7,2024,Max Sharpe,ORCL,0.0
7,2024,Max Sharpe,ORLY,0.08856291524617699
7,2024,Max Sharpe,PEP,0.0
7,2024,Max Sharpe,PFE,0.0
7,2024,Max Sharpe,PG,0.0
7,2024,Max Sharpe,PH,0.0
7,2024,Max Sharpe,PLD,0.0
7,2024,Max Sharpe,PM,0.0
7,2024,Max Sharpe,PNC,0.0
7,2024,Max Sharpe,PSA,0.0
7,2024,Max Sharpe,QCOM,0.0
7,2024,Max Sharpe,REGN,0.0
7,2024,Max Sharpe,ROST,0.0
7,2024,Max Sharpe,RTX,0.0
7,2024,Max Sharpe,SHW,2.872796172537472e-17
7,2024,Max Sharpe,SLB,0.0
7,2024,Max Sharpe,SNPS,0.0
7,2024,Max Sharpe,SO,0.0
7,2024,Max Sharpe,SPGI,0.0
7,2024,Max Sharpe,SRE,0.0
7,2024,Max Sharpe,SYK,0.0
7,2024,Max Sharpe,SYY,0.0
7,2024,Max Sharpe,T,0.0
7,2024,Max Sharpe,TEL,0.0
7,2024,Max Sharpe,TGT,0.0
7,2024,Max Sharpe,TJX,0.0
7,2024,Max Sharpe,TMO,0.007893342434001426
7,2024,Max Sharpe,TSLA,0.096896973217987
7,2024,Max Sharpe,TXN,0.0
7,2024,Max Sharpe,UNH,0.07305080905333378
7,2024,Max Sharpe,UNP,0.0
7,2024,Max Sharpe,UPS,0.0
7,2024,Max Sharpe,V,3.055857226055698e-18
7,2024,Max Sharpe,VRTX,0.0
7,2024,Max Sharpe,VZ,0.0
7,2024,Max Sharpe,WFC,0.0
7,2024,Max Sharpe,WM,0.1490232778684462
7,2024,Max Sharpe,WMT,0.0
7,2024,Max Sharpe,XOM,0.0
7,2024,Min Variance,AAPL,0.0
7,2024,Min Variance,ABT,0.0
7,2024,Min Variance,ACN,0.0
7,2024,Min Variance,ADBE,0.0
7,2024,Min Variance,ADI,0.0
7,2024,Min Variance,ADSK,0.0
7,2024,Min Variance,AEP,0.024479149287686852
7,2024,Min Variance,AIG,0.0
7,2024,Min Variance,AMAT,0.0
7,2024,Min Variance,AMD,0.0
7,2024,Min Variance,AMZN,0.0
7,2024,Min Variance,AON,0.016845456669332508
7,2024,Min Variance,APD,0.0
7,2024,Min Variance,AVGO,0.0
7,2024,Min Variance,AXP,0.0
7,2024,Min Variance,BA,0.0
7,2024,Min Variance,BAC,0.0
7,2024,Min Variance,BDX,0.06642774615771352
7,2024,Min Variance,BIIB,0.0
7,2024,Min Variance,BKNG,0.0
7,2024,Min Variance,BLK,0.0
7,2024,Min Variance,BMY,0.0
7,2024,Min Variance,BSX,0.0
7,2024,Min Variance,C,0.0
7,2024,Min Variance,CB,8.131516293641284e-19
7,2024,Min Variance,CDNS,0.0
7,2024,Min Variance,CHTR,0.0
7,2024,Min Variance,CL,0.0
7,2024,Min Variance,CMCSA,0.0
7,2024,Min Variance,CME,0.0
7,2024,Min Variance,COP,0.0
7,2024,Min Variance,COST,0.028546565805427804
7,2024,Min Variance,CRM,0.0
7,2024,Min Variance,CSCO,0.0
7,2024,Min Variance,CSX,0.0
7,2024,Min Variance,CTSH,0.0
7,2024,Min Variance,CVS,0.0
7,2024,Min Variance,CVX,0.0
7,2024,Min Variance,D,0.0
7,2024,Min Variance,DE,0.0
7,2024,Min Variance,DHR,0.0
7,2024,Min Variance,DIS,0.0
7,2024,Min Variance,DUK,8.131516293641284e-20
7,2024,Min Variance,EL,0.0
7,2024,Min Variance,EMR,0.0
7,2024,Min Variance,EOG,0.0
7,2024,Min Variance,ETN,0.0
7,2024,Min Variance,EW,0.0
7,2024,Min Variance,EXC,0.0
7,2024,Min Variance,F,0.0
7,2024,Min Variance,FISV,0.0
7,2024,Min Variance,GD,0.0
7,2024,Min Variance,GE,0.0
7,2024,Min Variance,GILD,0.0
7,2024,Min Variance,GM,0.0
7,2024,Min Variance,GOOGL,0.0
7,2024,Min Variance,GPN,0.0
7,2024,Min Variance,GS,0.0
7,2024,Min Variance,HD,0.0
7,2024,Min Variance,HON,7.589415207398532e-19
7,2024,Min Variance,HUM,0.0
7,2024,Min Variance,ICE,0.0
7,2024,Min Variance,IDXX,0.0
7,2024,Min Variance,INTC,0.0
7,2024,Min Variance,INTU,0.0
7,2024,Min Variance,ISRG,0.0
7,2024,Min Variance,ITW,0.0
7,2024,Min Variance,JNJ,0.09222939184390334
7,2024,Min Variance,JPM,0.0
7,2024,Min Variance,KLAC,0.0
7,2024,Min Variance,KMB,0.048911243109517714
7,2024,Min Variance,KMI,0.0
7,2024,Min Variance,KO,0.03752612985416369
7,2024,Min Variance,LIN,2.3553306492608474e-06
7,2024,Min Variance,LMT,0.035417942734074385
7,2024,Min Variance,LOW,0.0
7,2024,Min Variance,LRCX,0.0
7,2024,Min Variance,MA,0.0
7,2024,Min Variance,MAR,0.0
7,2024,Min Variance,MCD,0.11189559243463705
7,2024,Min Variance,MCHP,0.0
7,2024,Min Variance,MCO,0.0
7,2024,Min Variance,MDLZ,7.318364664277156e-19
7,2024,Min Variance,MDT,8.131516293641284e-19
7,2024,Min Variance,MO,0.049183450192413825
7,2024,Min Variance,MRK,0.039426005951916004
7,2024,Min Variance,MSFT,0.0
7,2024,Min Variance,MU,0.0
7,2024,Min Variance,NEE,0.0
7,2024,Min Variance,NFLX,0.0
7,2024,Min Variance,NKE,0.0
7,2024,Min Variance,NOC,0.0
7,2024,Min Variance,NSC,0.0
7,2024,Min Variance,NVDA,0.0
7,2024,Min Variance,NXPI,0.0
7,2024,Min Variance,ORCL,0.0
7,2024,Min Variance,ORLY,0.0
7,2024,Min Variance,PEP,7.318364664277156e-19
7,2024,Min Variance,PFE,0.03657137917979098
7,2024,Min Variance,PG,0.01327247148190759
7,2024,Min Variance,PH,0.0
7,2024,Min Variance,PLD,0.0
7,2024,Min Variance,PM,1.897353801849633e-18
7,2024,Min Variance,PNC,0.0
7,2024,Min Variance,PSA,0.06042265614188941
7,2024,Min Variance,QCOM,0.0
7,2024,Min Variance,REGN,0.0
7,2024,Min Variance,ROST,0.0
7,2024,Min Variance,RTX,0.0
7,2024,Min Variance,SHW,0.0
7,2024,Min Variance,SLB,0.0
7,2024,Min Variance,SNPS,0.0
7,2024,Min Variance,SO,0.0
7,2024,Min Variance,SPGI,0.0
7,2024,Min Variance,SRE,0.0
7,2024,Min Variance,SYK,0.0
7,2024,Min Variance,SYY,0.0
7,2024,Min Variance,T,5.963111948670275e-19
7,2024,Min Variance,TEL,0.0
7,2024,Min Variance,TGT,0.0
7,2024,Min Variance,TJX,0.0
7,2024,Min Variance,TMO,0.0
7,2024,Min Variance,TSLA,0.0
7,2024,Min Variance,TXN,0.0
7,2024,Min Variance,UNH,0.0
7,2024,Min Variance,UNP,0.0
7,2024,Min Variance,UPS,0.0
7,2024,Min Variance,V,0.0
7,2024,Min Variance,VRTX,0.0
7,2024,Min Variance,VZ,0.1518256778904727
7,2024,Min Variance,WFC,0.0
7,2024,Min Variance,WM,0.06412394058797295
7,2024,Min Variance,WMT,0.12289284534653054
7,2024,Min Variance,XOM,0.0
7,2024,Equal Weight (1/N),AAPL,0.007462686567164179
7,2024,Equal Weight (1/N),ABT,0.007462686567164179
7,2024,Equal Weight (1/N),ACN,0.007462686567164179
7,2024,Equal Weight (1/N),ADBE,0.007462686567164179
7,2024,Equal Weight (1/N),ADI,0.007462686567164179
7,2024,Equal Weight (1/N),ADSK,0.007462686567164179
7,2024,Equal Weight (1/N),AEP,0.007462686567164179
7,2024,Equal Weight (1/N),AIG,0.007462686567164179
7,2024,Equal Weight (1/N),AMAT,0.007462686567164179
7,2024,Equal Weight (1/N),AMD,0.007462686567164179
7,2024,Equal Weight (1/N),AMZN,0.007462686567164179
7,2024,Equal Weight (1/N),AON,0.007462686567164179
7,2024,Equal Weight (1/N),APD,0.007462686567164179
7,2024,Equal Weight (1/N),AVGO,0.007462686567164179
7,2024,Equal Weight (1/N),AXP,0.007462686567164179
7,2024,Equal Weight (1/N),BA,0.007462686567164179
7,2024,Equal Weight (1/N),BAC,0.007462686567164179
7,2024,Equal Weight (1/N),BDX,0.007462686567164179
7,2024,Equal Weight (1/N),BIIB,0.007462686567164179
7,2024,Equal Weight (1/N),BKNG,0.007462686567164179
7,2024,Equal Weight (1/N),BLK,0.007462686567164179
7,2024,Equal Weight (1/N),BMY,0.007462686567164179
7,2024,Equal Weight (1/N),BSX,0.007462686567164179
7,2024,Equal Weight (1/N),C,0.007462686567164179
7,2024,Equal Weight (1/N),CB,0.007462686567164179
7,2024,Equal Weight (1/N),CDNS,0.007462686567164179
7,2024,Equal Weight (1/N),CHTR,0.007462686567164179
7,2024,Equal Weight (1/N),CL,0.007462686567164179
7,2024,Equal Weight (1/N),CMCSA,0.007462686567164179
7,2024,Equal Weight (1/N),CME,0.007462686567164179
7,2024,Equal Weight (1/N),COP,0.007462686567164179
7,2024,Equal Weight (1/N),COST,0.007462686567164179
7,2024,Equal Weight (1/N),CRM,0.007462686567164179
7,2024,Equal Weight (1/N),CSCO,0.007462686567164179
7,2024,Equal Weight (1/N),CSX,0.007462686567164179
7,2024,Equal Weight (1/N),CTSH,0.007462686567164179
7,2024,Equal Weight (1/N),CVS,0.007462686567164179
7,2024,Equal Weight (1/N),CVX,0.007462686567164179
7,2024,Equal Weight (1/N),D,0.007462686567164179
7,2024,Equal Weight (1/N),DE,0.007462686567164179
7,2024,Equal Weight (1/N),DHR,0.007462686567164179
7,2024,Equal Weight (1/N),DIS,0.007462686567164179
7,2024,Equal Weight (1/N),DUK,0.007462686567164179
7,2024,Equal Weight (1/N),EL,0.007462686567164179
7,2024,Equal Weight (1/N),EMR,0.007462686567164179
7,2024,Equal Weight (1/N),EOG,0.007462686567164179
7,2024,Equal Weight (1/N),ETN,0.007462686567164179
7,2024,Equal Weight (1/N),EW,0.007462686567164179
7,2024,Equal Weight (1/N),EXC,0.007462686567164179
7,2024,Equal Weight (1/N),F,0.007462686567164179
7,2024,Equal Weight (1/N),FISV,0.007462686567164179
7,2024,Equal Weight (1/N),GD,0.007462686567164179
7,2024,Equal Weight (1/N),GE,0.007462686567164179
7,2024,Equal Weight (1/N),GILD,0.007462686567164179
7,2024,Equal Weight (1/N),GM,0.007462686567164179
7,2024,Equal Weight (1/N),GOOGL,0.007462686567164179
7,2024,Equal Weight (1/N),GPN,0.007462686567164179
7,2024,Equal Weight (1/N),GS,0.007462686567164179
7,2024,Equal Weight (1/N),HD,0.007462686567164179
7,2024,Equal Weight (1/N),HON,0.007462686567164179
7,2024,Equal Weight (1/N),HUM,0.007462686567164179
7,2024,Equal Weight (1/N),ICE,0.007462686567164179
7,2024,Equal Weight (1/N),IDXX,0.007462686567164179
7,2024,Equal Weight (1/N),INTC,0.007462686567164179
7,2024,Equal Weight (1/N),INTU,0.007462686567164179
7,2024,Equal Weight (1/N),ISRG,0.007462686567164179
7,2024,Equal Weight (1/N),ITW,0.007462686567164179
7,2024,Equal Weight (1/N),JNJ,0.007462686567164179
7,2024,Equal Weight (1/N),JPM,0.007462686567164179
7,2024,Equal Weight (1/N),KLAC,0.007462686567164179
7,2024,Equal Weight (1/N),KMB,0.007462686567164179
7,2024,Equal Weight (1/N),KMI,0.007462686567164179
7,2024,Equal Weight (1/N),KO,0.007462686567164179
7,2024,Equal Weight (1/N),LIN,0.007462686567164179
7,2024,Equal Weight (1/N),LMT,0.007462686567164179
7,2024,Equal Weight (1/N),LOW,0.007462686567164179
7,2024,Equal Weight (1/N),LRCX,0.007462686567164179
7,2024,Equal Weight (1/N),MA,0.007462686567164179
7,2024,Equal Weight (1/N),MAR,0.007462686567164179
7,2024,Equal Weight (1/N),MCD,0.007462686567164179
7,2024,Equal Weight (1/N),MCHP,0.007462686567164179
7,2024,Equal Weight (1/N),MCO,0.007462686567164179
7,2024,Equal Weight (1/N),MDLZ,0.007462686567164179
7,2024,Equal Weight (1/N),MDT,0.007462686567164179
7,2024,Equal Weight (1/N),MO,0.007462686567164179
7,2024,Equal Weight (1/N),MRK,0.007462686567164179
7,2024,Equal Weight (1/N),MSFT,0.007462686567164179
7,2024,Equal Weight (1/N),MU,0.007462686567164179
7,2024,Equal Weight (1/N),NEE,0.007462686567164179
7,2024,Equal Weight (1/N),NFLX,0.007462686567164179
7,2024,Equal Weight (1/N),NKE,0.007462686567164179
7,2024,Equal Weight (1/N),NOC,0.007462686567164179
7,2024,Equal Weight (1/N),NSC,0.007462686567164179
7,2024,Equal Weight (1/N),NVDA,0.007462686567164179
7,2024,Equal Weight (1/N),NXPI,0.007462686567164179
7,2024,Equal Weight (1/N),ORCL,0.007462686567164179
7,2024,Equal Weight (1/N),ORLY,0.007462686567164179
7,2024,Equal Weight (1/N),PEP,0.007462686567164179
7,2024,Equal Weight (1/N),PFE,0.007462686567164179
7,2024,Equal Weight (1/N),PG,0.007462686567164179
7,2024,Equal Weight (1/N),PH,0.007462686567164179
7,2024,Equal Weight (1/N),PLD,0.007462686567164179
7,2024,Equal Weight (1/N),PM,0.007462686567164179
7,2024,Equal Weight (1/N),PNC,0.007462686567164179
7,2024,Equal Weight (1/N),PSA,0.007462686567164179
7,2024,Equal Weight (1/N),QCOM,0.007462686567164179
7,2024,Equal Weight (1/N),REGN,0.007462686567164179
7,2024,Equal Weight (1/N),ROST,0.007462686567164179
7,2024,Equal Weight (1/N),RTX,0.007462686567164179
7,2024,Equal Weight (1/N),SHW,0.007462686567164179
7,2024,Equal Weight (1/N),SLB,0.007462686567164179
7,2024,Equal Weight (1/N),SNPS,0.007462686567164179
7,2024,Equal Weight (1/N),SO,0.007462686567164179
7,2024,Equal Weight (1/N),SPGI,0.007462686567164179
7,2024,Equal Weight (1/N),SRE,0.007462686567164179
7,2024,Equal Weight (1/N),SYK,0.007462686567164179
7,2024,Equal Weight (1/N),SYY,0.007462686567164179
7,2024,Equal Weight (1/N),T,0.007462686567164179
7,2024,Equal Weight (1/N),TEL,0.007462686567164179
7,2024,Equal Weight (1/N),TGT,0.007462686567164179
7,2024,Equal Weight (1/N),TJX,0.007462686567164179
7,2024,Equal Weight (1/N),TMO,0.007462686567164179
7,2024,Equal Weight (1/N),TSLA,0.007462686567164179
7,2024,Equal Weight (1/N),TXN,0.007462686567164179
7,2024,Equal Weight (1/N),UNH,0.007462686567164179
7,2024,Equal Weight (1/N),UNP,0.007462686567164179
7,2024,Equal Weight (1/N),UPS,0.007462686567164179
7,2024,Equal Weight (1/N),V,0.007462686567164179
7,2024,Equal Weight (1/N),VRTX,0.007462686567164179
7,2024,Equal Weight (1/N),VZ,0.007462686567164179
7,2024,Equal Weight (1/N),WFC,0.007462686567164179
7,2024,Equal Weight (1/N),WM,0.007462686567164179
7,2024,Equal Weight (1/N),WMT,0.007462686567164179
7,2024,Equal Weight (1/N),XOM,0.007462686567164179
